[14-Oct-2025 22:35:59 UTC] Automatic updates starting...
[14-Oct-2025 22:35:59 UTC] Automatic updates complete.
[15-Oct-2025 10:34:49 UTC] Automatic updates starting...
[15-Oct-2025 10:34:50 UTC] Automatic updates complete.
[15-Oct-2025 17:07:29 UTC] PHP Deprecated:  preg_match(): Passing null to parameter #2 ($subject) of type string is deprecated in /home/mafwor5/public_html/test/wp-includes/post.php on line 1052
[15-Oct-2025 17:07:29 UTC] PHP Deprecated:  preg_replace(): Passing null to parameter #3 ($subject) of type array|string is deprecated in /home/mafwor5/public_html/test/wp-includes/post.php on line 1062
[15-Oct-2025 17:07:29 UTC] PHP Deprecated:  preg_match(): Passing null to parameter #2 ($subject) of type string is deprecated in /home/mafwor5/public_html/test/wp-includes/post.php on line 1052
[15-Oct-2025 17:07:29 UTC] PHP Deprecated:  preg_replace(): Passing null to parameter #3 ($subject) of type array|string is deprecated in /home/mafwor5/public_html/test/wp-includes/post.php on line 1062
[15-Oct-2025 19:11:46 UTC] PHP Deprecated:  preg_match(): Passing null to parameter #2 ($subject) of type string is deprecated in /home/mafwor5/public_html/test/wp-content/plugins/events-manager/classes/em-bookings.php on line 305
[15-Oct-2025 19:11:46 UTC] PHP Deprecated:  preg_match(): Passing null to parameter #2 ($subject) of type string is deprecated in /home/mafwor5/public_html/test/wp-content/plugins/events-manager/classes/em-bookings.php on line 305
[15-Oct-2025 19:11:46 UTC] PHP Deprecated:  preg_match(): Passing null to parameter #2 ($subject) of type string is deprecated in /home/mafwor5/public_html/test/wp-content/plugins/events-manager/classes/em-bookings.php on line 305
[15-Oct-2025 19:11:49 UTC] PHP Deprecated:  preg_match(): Passing null to parameter #2 ($subject) of type string is deprecated in /home/mafwor5/public_html/test/wp-content/plugins/events-manager/classes/em-bookings.php on line 305
[15-Oct-2025 19:11:49 UTC] PHP Deprecated:  preg_match(): Passing null to parameter #2 ($subject) of type string is deprecated in /home/mafwor5/public_html/test/wp-content/plugins/events-manager/classes/em-bookings.php on line 305
[15-Oct-2025 19:11:49 UTC] PHP Deprecated:  preg_match(): Passing null to parameter #2 ($subject) of type string is deprecated in /home/mafwor5/public_html/test/wp-content/plugins/events-manager/classes/em-bookings.php on line 305
[15-Oct-2025 19:11:56 UTC] PHP Deprecated:  preg_match(): Passing null to parameter #2 ($subject) of type string is deprecated in /home/mafwor5/public_html/test/wp-content/plugins/events-manager/classes/em-bookings.php on line 305
[15-Oct-2025 19:11:56 UTC] PHP Deprecated:  preg_match(): Passing null to parameter #2 ($subject) of type string is deprecated in /home/mafwor5/public_html/test/wp-content/plugins/events-manager/classes/em-bookings.php on line 305
[15-Oct-2025 19:11:56 UTC] PHP Deprecated:  preg_match(): Passing null to parameter #2 ($subject) of type string is deprecated in /home/mafwor5/public_html/test/wp-content/plugins/events-manager/classes/em-bookings.php on line 305
[16-Oct-2025 03:07:06 UTC] Automatic updates starting...
[16-Oct-2025 03:07:06 UTC]   Automatic plugin updates starting...
[16-Oct-2025 03:07:06 UTC]   Automatic plugin updates complete.
[16-Oct-2025 03:07:06 UTC] Automatic updates complete.
[16-Oct-2025 11:14:33 UTC] Automatic updates starting...
[16-Oct-2025 11:14:33 UTC]   Automatic plugin updates starting...
[16-Oct-2025 11:14:33 UTC]   Automatic plugin updates complete.
[16-Oct-2025 11:14:33 UTC] Automatic updates complete.
[17-Oct-2025 00:42:09 UTC] Automatic updates starting...
[17-Oct-2025 00:42:09 UTC] Automatic updates complete.
[17-Oct-2025 19:05:25 UTC] PHP Deprecated:  preg_match(): Passing null to parameter #2 ($subject) of type string is deprecated in /home/mafwor5/public_html/test/wp-content/plugins/events-manager/classes/em-bookings.php on line 305
[17-Oct-2025 19:12:25 UTC] PHP Deprecated:  preg_match(): Passing null to parameter #2 ($subject) of type string is deprecated in /home/mafwor5/public_html/test/wp-content/plugins/events-manager/classes/em-bookings.php on line 305
[17-Oct-2025 19:12:25 UTC] PHP Deprecated:  preg_match(): Passing null to parameter #2 ($subject) of type string is deprecated in /home/mafwor5/public_html/test/wp-content/plugins/events-manager/classes/em-bookings.php on line 305
[17-Oct-2025 19:12:25 UTC] PHP Deprecated:  preg_match(): Passing null to parameter #2 ($subject) of type string is deprecated in /home/mafwor5/public_html/test/wp-content/plugins/events-manager/classes/em-bookings.php on line 305
[17-Oct-2025 19:21:37 UTC] PHP Deprecated:  preg_match(): Passing null to parameter #2 ($subject) of type string is deprecated in /home/mafwor5/public_html/test/wp-content/plugins/events-manager/classes/em-bookings.php on line 305
[17-Oct-2025 19:23:11 UTC] PHP Deprecated:  preg_match(): Passing null to parameter #2 ($subject) of type string is deprecated in /home/mafwor5/public_html/test/wp-content/plugins/events-manager/classes/em-bookings.php on line 305
[17-Oct-2025 19:31:20 UTC] PHP Deprecated:  preg_match(): Passing null to parameter #2 ($subject) of type string is deprecated in /home/mafwor5/public_html/test/wp-content/plugins/events-manager/classes/em-bookings.php on line 305
[17-Oct-2025 21:30:35 UTC] PHP Deprecated:  preg_match(): Passing null to parameter #2 ($subject) of type string is deprecated in /home/mafwor5/public_html/test/wp-content/plugins/events-manager/classes/em-bookings.php on line 305
[18-Oct-2025 00:12:21 UTC] Automatic updates starting...
[18-Oct-2025 00:12:21 UTC] Automatic updates complete.
[18-Oct-2025 01:50:25 UTC] PHP Deprecated:  preg_match(): Passing null to parameter #2 ($subject) of type string is deprecated in /home/mafwor5/public_html/test/wp-content/plugins/events-manager/classes/em-bookings.php on line 305
[18-Oct-2025 01:50:25 UTC] PHP Deprecated:  preg_match(): Passing null to parameter #2 ($subject) of type string is deprecated in /home/mafwor5/public_html/test/wp-content/plugins/events-manager/classes/em-bookings.php on line 305
[18-Oct-2025 01:50:25 UTC] PHP Deprecated:  preg_match(): Passing null to parameter #2 ($subject) of type string is deprecated in /home/mafwor5/public_html/test/wp-content/plugins/events-manager/classes/em-bookings.php on line 305
[18-Oct-2025 12:26:40 UTC] Automatic updates starting...
[18-Oct-2025 12:26:40 UTC] Automatic updates complete.
[18-Oct-2025 23:57:02 UTC] Automatic updates starting...
[18-Oct-2025 23:57:02 UTC] Automatic updates complete.
[19-Oct-2025 11:27:39 UTC] PHP Deprecated:  preg_match(): Passing null to parameter #2 ($subject) of type string is deprecated in /home/mafwor5/public_html/test/wp-content/plugins/events-manager/classes/em-bookings.php on line 305
[19-Oct-2025 11:27:40 UTC] Automatic updates starting...
[19-Oct-2025 11:27:40 UTC] Automatic updates complete.
[19-Oct-2025 11:27:51 UTC] PHP Deprecated:  preg_match(): Passing null to parameter #2 ($subject) of type string is deprecated in /home/mafwor5/public_html/test/wp-content/plugins/events-manager/classes/em-object.php on line 1829
[19-Oct-2025 11:27:51 UTC] PHP Deprecated:  str_contains(): Passing null to parameter #1 ($haystack) of type string is deprecated in /home/mafwor5/public_html/test/wp-includes/shortcodes.php on line 709
[19-Oct-2025 11:27:51 UTC] PHP Deprecated:  str_replace(): Passing null to parameter #3 ($subject) of type array|string is deprecated in /home/mafwor5/public_html/test/wp-content/plugins/events-manager/classes/em-object.php on line 1836
[19-Oct-2025 11:27:51 UTC] PHP Deprecated:  preg_match(): Passing null to parameter #2 ($subject) of type string is deprecated in /home/mafwor5/public_html/test/wp-content/plugins/events-manager/classes/em-object.php on line 1829
[19-Oct-2025 11:27:51 UTC] PHP Deprecated:  str_contains(): Passing null to parameter #1 ($haystack) of type string is deprecated in /home/mafwor5/public_html/test/wp-includes/shortcodes.php on line 709
[19-Oct-2025 11:27:51 UTC] PHP Deprecated:  str_replace(): Passing null to parameter #3 ($subject) of type array|string is deprecated in /home/mafwor5/public_html/test/wp-content/plugins/events-manager/classes/em-object.php on line 1836
[19-Oct-2025 11:28:17 UTC] PHP Deprecated:  preg_match(): Passing null to parameter #2 ($subject) of type string is deprecated in /home/mafwor5/public_html/test/wp-content/plugins/events-manager/classes/em-object.php on line 1829
[19-Oct-2025 11:28:17 UTC] PHP Deprecated:  str_contains(): Passing null to parameter #1 ($haystack) of type string is deprecated in /home/mafwor5/public_html/test/wp-includes/shortcodes.php on line 709
[19-Oct-2025 11:28:17 UTC] PHP Deprecated:  str_replace(): Passing null to parameter #3 ($subject) of type array|string is deprecated in /home/mafwor5/public_html/test/wp-content/plugins/events-manager/classes/em-object.php on line 1836
[19-Oct-2025 11:28:17 UTC] PHP Deprecated:  preg_match(): Passing null to parameter #2 ($subject) of type string is deprecated in /home/mafwor5/public_html/test/wp-content/plugins/events-manager/classes/em-object.php on line 1829
[19-Oct-2025 11:28:17 UTC] PHP Deprecated:  str_contains(): Passing null to parameter #1 ($haystack) of type string is deprecated in /home/mafwor5/public_html/test/wp-includes/shortcodes.php on line 709
[19-Oct-2025 11:28:17 UTC] PHP Deprecated:  str_replace(): Passing null to parameter #3 ($subject) of type array|string is deprecated in /home/mafwor5/public_html/test/wp-content/plugins/events-manager/classes/em-object.php on line 1836
[19-Oct-2025 11:28:43 UTC] PHP Deprecated:  preg_match(): Passing null to parameter #2 ($subject) of type string is deprecated in /home/mafwor5/public_html/test/wp-content/plugins/events-manager/classes/em-object.php on line 1829
[19-Oct-2025 11:28:43 UTC] PHP Deprecated:  str_contains(): Passing null to parameter #1 ($haystack) of type string is deprecated in /home/mafwor5/public_html/test/wp-includes/shortcodes.php on line 709
[19-Oct-2025 11:28:43 UTC] PHP Deprecated:  str_replace(): Passing null to parameter #3 ($subject) of type array|string is deprecated in /home/mafwor5/public_html/test/wp-content/plugins/events-manager/classes/em-object.php on line 1836
[19-Oct-2025 11:28:43 UTC] PHP Deprecated:  preg_match(): Passing null to parameter #2 ($subject) of type string is deprecated in /home/mafwor5/public_html/test/wp-content/plugins/events-manager/classes/em-object.php on line 1829
[19-Oct-2025 11:28:43 UTC] PHP Deprecated:  str_contains(): Passing null to parameter #1 ($haystack) of type string is deprecated in /home/mafwor5/public_html/test/wp-includes/shortcodes.php on line 709
[19-Oct-2025 11:28:43 UTC] PHP Deprecated:  str_replace(): Passing null to parameter #3 ($subject) of type array|string is deprecated in /home/mafwor5/public_html/test/wp-content/plugins/events-manager/classes/em-object.php on line 1836
[19-Oct-2025 11:29:00 UTC] PHP Deprecated:  preg_match(): Passing null to parameter #2 ($subject) of type string is deprecated in /home/mafwor5/public_html/test/wp-content/plugins/events-manager/classes/em-object.php on line 1829
[19-Oct-2025 11:29:00 UTC] PHP Deprecated:  str_contains(): Passing null to parameter #1 ($haystack) of type string is deprecated in /home/mafwor5/public_html/test/wp-includes/shortcodes.php on line 709
[19-Oct-2025 11:29:00 UTC] PHP Deprecated:  str_replace(): Passing null to parameter #3 ($subject) of type array|string is deprecated in /home/mafwor5/public_html/test/wp-content/plugins/events-manager/classes/em-object.php on line 1836
[19-Oct-2025 11:29:00 UTC] PHP Deprecated:  preg_match(): Passing null to parameter #2 ($subject) of type string is deprecated in /home/mafwor5/public_html/test/wp-content/plugins/events-manager/classes/em-object.php on line 1829
[19-Oct-2025 11:29:00 UTC] PHP Deprecated:  str_contains(): Passing null to parameter #1 ($haystack) of type string is deprecated in /home/mafwor5/public_html/test/wp-includes/shortcodes.php on line 709
[19-Oct-2025 11:29:00 UTC] PHP Deprecated:  str_replace(): Passing null to parameter #3 ($subject) of type array|string is deprecated in /home/mafwor5/public_html/test/wp-content/plugins/events-manager/classes/em-object.php on line 1836
[19-Oct-2025 11:35:39 UTC] PHP Deprecated:  preg_match(): Passing null to parameter #2 ($subject) of type string is deprecated in /home/mafwor5/public_html/test/wp-content/plugins/events-manager/classes/em-bookings.php on line 305
[19-Oct-2025 11:35:39 UTC] PHP Deprecated:  preg_match(): Passing null to parameter #2 ($subject) of type string is deprecated in /home/mafwor5/public_html/test/wp-content/plugins/events-manager/classes/em-bookings.php on line 305
[19-Oct-2025 11:35:39 UTC] PHP Deprecated:  preg_match(): Passing null to parameter #2 ($subject) of type string is deprecated in /home/mafwor5/public_html/test/wp-content/plugins/events-manager/classes/em-bookings.php on line 305
[19-Oct-2025 11:39:27 UTC] PHP Deprecated:  preg_match(): Passing null to parameter #2 ($subject) of type string is deprecated in /home/mafwor5/public_html/test/wp-content/plugins/events-manager/classes/em-bookings.php on line 305
[19-Oct-2025 11:39:27 UTC] PHP Deprecated:  preg_match(): Passing null to parameter #2 ($subject) of type string is deprecated in /home/mafwor5/public_html/test/wp-content/plugins/events-manager/classes/em-bookings.php on line 305
[19-Oct-2025 11:39:27 UTC] PHP Deprecated:  preg_match(): Passing null to parameter #2 ($subject) of type string is deprecated in /home/mafwor5/public_html/test/wp-content/plugins/events-manager/classes/em-bookings.php on line 305
[19-Oct-2025 11:45:31 UTC] PHP Deprecated:  preg_match(): Passing null to parameter #2 ($subject) of type string is deprecated in /home/mafwor5/public_html/test/wp-content/plugins/events-manager/classes/em-bookings.php on line 305
[19-Oct-2025 11:45:42 UTC] PHP Deprecated:  preg_match(): Passing null to parameter #2 ($subject) of type string is deprecated in /home/mafwor5/public_html/test/wp-content/plugins/events-manager/classes/em-bookings.php on line 305
[19-Oct-2025 11:45:42 UTC] PHP Deprecated:  preg_match(): Passing null to parameter #2 ($subject) of type string is deprecated in /home/mafwor5/public_html/test/wp-content/plugins/events-manager/classes/em-bookings.php on line 305
[19-Oct-2025 11:45:42 UTC] PHP Deprecated:  preg_match(): Passing null to parameter #2 ($subject) of type string is deprecated in /home/mafwor5/public_html/test/wp-content/plugins/events-manager/classes/em-bookings.php on line 305
[19-Oct-2025 11:46:19 UTC] PHP Deprecated:  preg_match(): Passing null to parameter #2 ($subject) of type string is deprecated in /home/mafwor5/public_html/test/wp-content/plugins/events-manager/classes/em-bookings.php on line 305
[19-Oct-2025 11:46:19 UTC] PHP Deprecated:  preg_match(): Passing null to parameter #2 ($subject) of type string is deprecated in /home/mafwor5/public_html/test/wp-content/plugins/events-manager/classes/em-bookings.php on line 305
[19-Oct-2025 11:46:19 UTC] PHP Deprecated:  preg_match(): Passing null to parameter #2 ($subject) of type string is deprecated in /home/mafwor5/public_html/test/wp-content/plugins/events-manager/classes/em-bookings.php on line 305
[19-Oct-2025 11:46:19 UTC] PHP Deprecated:  preg_match(): Passing null to parameter #2 ($subject) of type string is deprecated in /home/mafwor5/public_html/test/wp-content/plugins/events-manager/classes/em-bookings.php on line 305
[19-Oct-2025 11:46:19 UTC] PHP Deprecated:  preg_match(): Passing null to parameter #2 ($subject) of type string is deprecated in /home/mafwor5/public_html/test/wp-content/plugins/events-manager/classes/em-bookings.php on line 305
[19-Oct-2025 11:46:19 UTC] PHP Deprecated:  preg_match(): Passing null to parameter #2 ($subject) of type string is deprecated in /home/mafwor5/public_html/test/wp-content/plugins/events-manager/classes/em-bookings.php on line 305
[19-Oct-2025 11:46:22 UTC] PHP Deprecated:  preg_match(): Passing null to parameter #2 ($subject) of type string is deprecated in /home/mafwor5/public_html/test/wp-content/plugins/events-manager/classes/em-bookings.php on line 305
[19-Oct-2025 11:46:22 UTC] PHP Deprecated:  preg_match(): Passing null to parameter #2 ($subject) of type string is deprecated in /home/mafwor5/public_html/test/wp-content/plugins/events-manager/classes/em-bookings.php on line 305
[19-Oct-2025 11:46:22 UTC] PHP Deprecated:  preg_match(): Passing null to parameter #2 ($subject) of type string is deprecated in /home/mafwor5/public_html/test/wp-content/plugins/events-manager/classes/em-bookings.php on line 305
[19-Oct-2025 11:46:27 UTC] PHP Deprecated:  preg_match(): Passing null to parameter #2 ($subject) of type string is deprecated in /home/mafwor5/public_html/test/wp-content/plugins/events-manager/classes/em-bookings.php on line 305
[19-Oct-2025 11:46:27 UTC] PHP Deprecated:  preg_match(): Passing null to parameter #2 ($subject) of type string is deprecated in /home/mafwor5/public_html/test/wp-content/plugins/events-manager/classes/em-bookings.php on line 305
[19-Oct-2025 11:46:27 UTC] PHP Deprecated:  preg_match(): Passing null to parameter #2 ($subject) of type string is deprecated in /home/mafwor5/public_html/test/wp-content/plugins/events-manager/classes/em-bookings.php on line 305
[19-Oct-2025 11:49:56 UTC] PHP Deprecated:  preg_match(): Passing null to parameter #2 ($subject) of type string is deprecated in /home/mafwor5/public_html/test/wp-content/plugins/events-manager/classes/em-bookings.php on line 305
[19-Oct-2025 11:49:56 UTC] PHP Deprecated:  preg_match(): Passing null to parameter #2 ($subject) of type string is deprecated in /home/mafwor5/public_html/test/wp-content/plugins/events-manager/classes/em-bookings.php on line 305
[19-Oct-2025 11:49:56 UTC] PHP Deprecated:  preg_match(): Passing null to parameter #2 ($subject) of type string is deprecated in /home/mafwor5/public_html/test/wp-content/plugins/events-manager/classes/em-bookings.php on line 305
[19-Oct-2025 11:59:16 UTC] PHP Deprecated:  preg_match(): Passing null to parameter #2 ($subject) of type string is deprecated in /home/mafwor5/public_html/test/wp-content/plugins/events-manager/classes/em-bookings.php on line 305
[19-Oct-2025 11:59:50 UTC] PHP Deprecated:  preg_match(): Passing null to parameter #2 ($subject) of type string is deprecated in /home/mafwor5/public_html/test/wp-content/plugins/events-manager/classes/em-bookings.php on line 305
[19-Oct-2025 11:59:50 UTC] PHP Deprecated:  preg_match(): Passing null to parameter #2 ($subject) of type string is deprecated in /home/mafwor5/public_html/test/wp-content/plugins/events-manager/classes/em-bookings.php on line 305
[19-Oct-2025 11:59:50 UTC] PHP Deprecated:  preg_match(): Passing null to parameter #2 ($subject) of type string is deprecated in /home/mafwor5/public_html/test/wp-content/plugins/events-manager/classes/em-bookings.php on line 305
[19-Oct-2025 12:07:47 UTC] PHP Deprecated:  preg_match(): Passing null to parameter #2 ($subject) of type string is deprecated in /home/mafwor5/public_html/test/wp-content/plugins/events-manager/classes/em-bookings.php on line 305
[19-Oct-2025 12:07:49 UTC] PHP Deprecated:  preg_match(): Passing null to parameter #2 ($subject) of type string is deprecated in /home/mafwor5/public_html/test/wp-content/plugins/events-manager/classes/em-bookings.php on line 305
[19-Oct-2025 12:10:50 UTC] PHP Deprecated:  preg_match(): Passing null to parameter #2 ($subject) of type string is deprecated in /home/mafwor5/public_html/test/wp-content/plugins/events-manager/classes/em-bookings.php on line 305
[19-Oct-2025 12:10:50 UTC] PHP Deprecated:  preg_match(): Passing null to parameter #2 ($subject) of type string is deprecated in /home/mafwor5/public_html/test/wp-content/plugins/events-manager/classes/em-bookings.php on line 305
[19-Oct-2025 12:10:50 UTC] PHP Deprecated:  preg_match(): Passing null to parameter #2 ($subject) of type string is deprecated in /home/mafwor5/public_html/test/wp-content/plugins/events-manager/classes/em-bookings.php on line 305
[19-Oct-2025 12:12:53 UTC] PHP Deprecated:  preg_match(): Passing null to parameter #2 ($subject) of type string is deprecated in /home/mafwor5/public_html/test/wp-content/plugins/events-manager/classes/em-bookings.php on line 305
[19-Oct-2025 12:12:53 UTC] PHP Deprecated:  preg_match(): Passing null to parameter #2 ($subject) of type string is deprecated in /home/mafwor5/public_html/test/wp-content/plugins/events-manager/classes/em-bookings.php on line 305
[19-Oct-2025 12:12:53 UTC] PHP Deprecated:  preg_match(): Passing null to parameter #2 ($subject) of type string is deprecated in /home/mafwor5/public_html/test/wp-content/plugins/events-manager/classes/em-bookings.php on line 305
[19-Oct-2025 12:12:53 UTC] PHP Deprecated:  preg_match(): Passing null to parameter #2 ($subject) of type string is deprecated in /home/mafwor5/public_html/test/wp-content/plugins/events-manager/classes/em-bookings.php on line 305
[19-Oct-2025 12:12:53 UTC] PHP Deprecated:  preg_match(): Passing null to parameter #2 ($subject) of type string is deprecated in /home/mafwor5/public_html/test/wp-content/plugins/events-manager/classes/em-bookings.php on line 305
[19-Oct-2025 12:12:53 UTC] PHP Deprecated:  preg_match(): Passing null to parameter #2 ($subject) of type string is deprecated in /home/mafwor5/public_html/test/wp-content/plugins/events-manager/classes/em-bookings.php on line 305
[19-Oct-2025 12:13:32 UTC] PHP Deprecated:  preg_match(): Passing null to parameter #2 ($subject) of type string is deprecated in /home/mafwor5/public_html/test/wp-content/plugins/events-manager/classes/em-bookings.php on line 305
[19-Oct-2025 12:13:32 UTC] PHP Deprecated:  preg_match(): Passing null to parameter #2 ($subject) of type string is deprecated in /home/mafwor5/public_html/test/wp-content/plugins/events-manager/classes/em-bookings.php on line 305
[19-Oct-2025 12:13:32 UTC] PHP Deprecated:  preg_match(): Passing null to parameter #2 ($subject) of type string is deprecated in /home/mafwor5/public_html/test/wp-content/plugins/events-manager/classes/em-bookings.php on line 305
[19-Oct-2025 12:15:25 UTC] PHP Deprecated:  preg_match(): Passing null to parameter #2 ($subject) of type string is deprecated in /home/mafwor5/public_html/test/wp-content/plugins/events-manager/classes/em-bookings.php on line 305
[19-Oct-2025 12:15:25 UTC] PHP Deprecated:  preg_match(): Passing null to parameter #2 ($subject) of type string is deprecated in /home/mafwor5/public_html/test/wp-content/plugins/events-manager/classes/em-bookings.php on line 305
[19-Oct-2025 12:15:25 UTC] PHP Deprecated:  preg_match(): Passing null to parameter #2 ($subject) of type string is deprecated in /home/mafwor5/public_html/test/wp-content/plugins/events-manager/classes/em-bookings.php on line 305
[19-Oct-2025 12:15:54 UTC] PHP Deprecated:  preg_match(): Passing null to parameter #2 ($subject) of type string is deprecated in /home/mafwor5/public_html/test/wp-content/plugins/events-manager/classes/em-bookings.php on line 305
[19-Oct-2025 12:15:54 UTC] PHP Deprecated:  preg_match(): Passing null to parameter #2 ($subject) of type string is deprecated in /home/mafwor5/public_html/test/wp-content/plugins/events-manager/classes/em-bookings.php on line 305
[19-Oct-2025 12:15:54 UTC] PHP Deprecated:  preg_match(): Passing null to parameter #2 ($subject) of type string is deprecated in /home/mafwor5/public_html/test/wp-content/plugins/events-manager/classes/em-bookings.php on line 305
[19-Oct-2025 12:17:08 UTC] PHP Deprecated:  preg_match(): Passing null to parameter #2 ($subject) of type string is deprecated in /home/mafwor5/public_html/test/wp-content/plugins/events-manager/classes/em-bookings.php on line 305
[19-Oct-2025 12:17:08 UTC] PHP Deprecated:  preg_match(): Passing null to parameter #2 ($subject) of type string is deprecated in /home/mafwor5/public_html/test/wp-content/plugins/events-manager/classes/em-bookings.php on line 305
[19-Oct-2025 12:17:08 UTC] PHP Deprecated:  preg_match(): Passing null to parameter #2 ($subject) of type string is deprecated in /home/mafwor5/public_html/test/wp-content/plugins/events-manager/classes/em-bookings.php on line 305
[19-Oct-2025 12:17:08 UTC] PHP Deprecated:  preg_match(): Passing null to parameter #2 ($subject) of type string is deprecated in /home/mafwor5/public_html/test/wp-content/plugins/events-manager/classes/em-bookings.php on line 305
[19-Oct-2025 12:17:08 UTC] PHP Deprecated:  preg_match(): Passing null to parameter #2 ($subject) of type string is deprecated in /home/mafwor5/public_html/test/wp-content/plugins/events-manager/classes/em-bookings.php on line 305
[19-Oct-2025 12:17:08 UTC] PHP Deprecated:  preg_match(): Passing null to parameter #2 ($subject) of type string is deprecated in /home/mafwor5/public_html/test/wp-content/plugins/events-manager/classes/em-bookings.php on line 305
[19-Oct-2025 12:26:45 UTC] PHP Deprecated:  preg_match(): Passing null to parameter #2 ($subject) of type string is deprecated in /home/mafwor5/public_html/test/wp-content/plugins/events-manager/classes/em-bookings.php on line 305
[19-Oct-2025 12:26:45 UTC] PHP Deprecated:  preg_match(): Passing null to parameter #2 ($subject) of type string is deprecated in /home/mafwor5/public_html/test/wp-content/plugins/events-manager/classes/em-bookings.php on line 305
[19-Oct-2025 12:26:45 UTC] PHP Deprecated:  preg_match(): Passing null to parameter #2 ($subject) of type string is deprecated in /home/mafwor5/public_html/test/wp-content/plugins/events-manager/classes/em-bookings.php on line 305
[19-Oct-2025 14:40:35 UTC] PHP Deprecated:  sprintf(): Passing null to parameter #1 ($format) of type string is deprecated in /home/mafwor5/public_html/test/wp-content/plugins/events-manager/admin/settings/tabs/formats.php on line 901
[19-Oct-2025 19:26:34 UTC] PHP Deprecated:  preg_match(): Passing null to parameter #2 ($subject) of type string is deprecated in /home/mafwor5/public_html/test/wp-includes/post.php on line 1052
[19-Oct-2025 19:26:34 UTC] PHP Deprecated:  preg_replace(): Passing null to parameter #3 ($subject) of type array|string is deprecated in /home/mafwor5/public_html/test/wp-includes/post.php on line 1062
[19-Oct-2025 19:27:18 UTC] PHP Deprecated:  preg_match(): Passing null to parameter #2 ($subject) of type string is deprecated in /home/mafwor5/public_html/test/wp-content/plugins/events-manager/classes/em-object.php on line 1829
[19-Oct-2025 19:27:18 UTC] PHP Deprecated:  str_contains(): Passing null to parameter #1 ($haystack) of type string is deprecated in /home/mafwor5/public_html/test/wp-includes/shortcodes.php on line 709
[19-Oct-2025 19:27:18 UTC] PHP Deprecated:  str_replace(): Passing null to parameter #3 ($subject) of type array|string is deprecated in /home/mafwor5/public_html/test/wp-content/plugins/events-manager/classes/em-object.php on line 1836
[19-Oct-2025 19:27:18 UTC] PHP Deprecated:  preg_match(): Passing null to parameter #2 ($subject) of type string is deprecated in /home/mafwor5/public_html/test/wp-content/plugins/events-manager/classes/em-object.php on line 1829
[19-Oct-2025 19:27:18 UTC] PHP Deprecated:  str_contains(): Passing null to parameter #1 ($haystack) of type string is deprecated in /home/mafwor5/public_html/test/wp-includes/shortcodes.php on line 709
[19-Oct-2025 19:27:18 UTC] PHP Deprecated:  str_replace(): Passing null to parameter #3 ($subject) of type array|string is deprecated in /home/mafwor5/public_html/test/wp-content/plugins/events-manager/classes/em-object.php on line 1836
[19-Oct-2025 20:18:07 UTC] PHP Deprecated:  preg_match(): Passing null to parameter #2 ($subject) of type string is deprecated in /home/mafwor5/public_html/test/wp-content/plugins/events-manager/classes/em-object.php on line 1829
[19-Oct-2025 20:18:07 UTC] PHP Deprecated:  str_contains(): Passing null to parameter #1 ($haystack) of type string is deprecated in /home/mafwor5/public_html/test/wp-includes/shortcodes.php on line 709
[19-Oct-2025 20:18:07 UTC] PHP Deprecated:  str_replace(): Passing null to parameter #3 ($subject) of type array|string is deprecated in /home/mafwor5/public_html/test/wp-content/plugins/events-manager/classes/em-object.php on line 1836
[19-Oct-2025 20:18:07 UTC] PHP Deprecated:  preg_match(): Passing null to parameter #2 ($subject) of type string is deprecated in /home/mafwor5/public_html/test/wp-content/plugins/events-manager/classes/em-object.php on line 1829
[19-Oct-2025 20:18:07 UTC] PHP Deprecated:  str_contains(): Passing null to parameter #1 ($haystack) of type string is deprecated in /home/mafwor5/public_html/test/wp-includes/shortcodes.php on line 709
[19-Oct-2025 20:18:07 UTC] PHP Deprecated:  str_replace(): Passing null to parameter #3 ($subject) of type array|string is deprecated in /home/mafwor5/public_html/test/wp-content/plugins/events-manager/classes/em-object.php on line 1836
[19-Oct-2025 20:52:43 UTC] PHP Deprecated:  preg_match(): Passing null to parameter #2 ($subject) of type string is deprecated in /home/mafwor5/public_html/test/wp-includes/post.php on line 1052
[19-Oct-2025 20:52:43 UTC] PHP Deprecated:  preg_replace(): Passing null to parameter #3 ($subject) of type array|string is deprecated in /home/mafwor5/public_html/test/wp-includes/post.php on line 1062
[19-Oct-2025 20:52:43 UTC] PHP Deprecated:  preg_match(): Passing null to parameter #2 ($subject) of type string is deprecated in /home/mafwor5/public_html/test/wp-includes/post.php on line 1052
[19-Oct-2025 20:52:43 UTC] PHP Deprecated:  preg_replace(): Passing null to parameter #3 ($subject) of type array|string is deprecated in /home/mafwor5/public_html/test/wp-includes/post.php on line 1062
[19-Oct-2025 20:55:45 UTC] PHP Deprecated:  preg_match(): Passing null to parameter #2 ($subject) of type string is deprecated in /home/mafwor5/public_html/test/wp-includes/post.php on line 1052
[19-Oct-2025 20:55:45 UTC] PHP Deprecated:  preg_replace(): Passing null to parameter #3 ($subject) of type array|string is deprecated in /home/mafwor5/public_html/test/wp-includes/post.php on line 1062
[19-Oct-2025 22:07:43 UTC] PHP Deprecated:  preg_match(): Passing null to parameter #2 ($subject) of type string is deprecated in /home/mafwor5/public_html/test/wp-content/plugins/events-manager/classes/em-bookings.php on line 305
[19-Oct-2025 22:07:43 UTC] PHP Deprecated:  preg_match(): Passing null to parameter #2 ($subject) of type string is deprecated in /home/mafwor5/public_html/test/wp-content/plugins/events-manager/classes/em-bookings.php on line 305
[19-Oct-2025 22:07:43 UTC] PHP Deprecated:  preg_match(): Passing null to parameter #2 ($subject) of type string is deprecated in /home/mafwor5/public_html/test/wp-content/plugins/events-manager/classes/em-bookings.php on line 305
[19-Oct-2025 22:30:12 UTC] Automatic updates starting...
[19-Oct-2025 22:30:12 UTC] Automatic updates complete.
[20-Oct-2025 03:51:22 UTC] PHP Deprecated:  preg_match(): Passing null to parameter #2 ($subject) of type string is deprecated in /home/mafwor5/public_html/test/wp-content/plugins/events-manager/classes/em-object.php on line 1829
[20-Oct-2025 03:51:22 UTC] PHP Deprecated:  str_contains(): Passing null to parameter #1 ($haystack) of type string is deprecated in /home/mafwor5/public_html/test/wp-includes/shortcodes.php on line 709
[20-Oct-2025 03:51:22 UTC] PHP Deprecated:  str_replace(): Passing null to parameter #3 ($subject) of type array|string is deprecated in /home/mafwor5/public_html/test/wp-content/plugins/events-manager/classes/em-object.php on line 1836
[20-Oct-2025 03:51:22 UTC] PHP Deprecated:  preg_match(): Passing null to parameter #2 ($subject) of type string is deprecated in /home/mafwor5/public_html/test/wp-content/plugins/events-manager/classes/em-object.php on line 1829
[20-Oct-2025 03:51:22 UTC] PHP Deprecated:  str_contains(): Passing null to parameter #1 ($haystack) of type string is deprecated in /home/mafwor5/public_html/test/wp-includes/shortcodes.php on line 709
[20-Oct-2025 03:51:22 UTC] PHP Deprecated:  str_replace(): Passing null to parameter #3 ($subject) of type array|string is deprecated in /home/mafwor5/public_html/test/wp-content/plugins/events-manager/classes/em-object.php on line 1836
[20-Oct-2025 09:04:28 UTC] PHP Deprecated:  preg_match(): Passing null to parameter #2 ($subject) of type string is deprecated in /home/mafwor5/public_html/test/wp-content/plugins/events-manager/classes/em-bookings.php on line 305
[20-Oct-2025 09:04:28 UTC] PHP Deprecated:  preg_match(): Passing null to parameter #2 ($subject) of type string is deprecated in /home/mafwor5/public_html/test/wp-content/plugins/events-manager/classes/em-bookings.php on line 305
[20-Oct-2025 09:04:28 UTC] PHP Deprecated:  preg_match(): Passing null to parameter #2 ($subject) of type string is deprecated in /home/mafwor5/public_html/test/wp-content/plugins/events-manager/classes/em-bookings.php on line 305
[20-Oct-2025 09:04:30 UTC] PHP Deprecated:  preg_match(): Passing null to parameter #2 ($subject) of type string is deprecated in /home/mafwor5/public_html/test/wp-content/plugins/events-manager/classes/em-bookings.php on line 305
[20-Oct-2025 09:04:30 UTC] PHP Deprecated:  preg_match(): Passing null to parameter #2 ($subject) of type string is deprecated in /home/mafwor5/public_html/test/wp-content/plugins/events-manager/classes/em-bookings.php on line 305
[20-Oct-2025 09:04:30 UTC] PHP Deprecated:  preg_match(): Passing null to parameter #2 ($subject) of type string is deprecated in /home/mafwor5/public_html/test/wp-content/plugins/events-manager/classes/em-bookings.php on line 305
[20-Oct-2025 09:04:31 UTC] PHP Deprecated:  preg_match(): Passing null to parameter #2 ($subject) of type string is deprecated in /home/mafwor5/public_html/test/wp-content/plugins/events-manager/classes/em-bookings.php on line 305
[20-Oct-2025 09:04:31 UTC] PHP Deprecated:  preg_match(): Passing null to parameter #2 ($subject) of type string is deprecated in /home/mafwor5/public_html/test/wp-content/plugins/events-manager/classes/em-bookings.php on line 305
[20-Oct-2025 09:04:31 UTC] PHP Deprecated:  preg_match(): Passing null to parameter #2 ($subject) of type string is deprecated in /home/mafwor5/public_html/test/wp-content/plugins/events-manager/classes/em-bookings.php on line 305
[20-Oct-2025 10:57:53 UTC] PHP Deprecated:  date_create(): Passing null to parameter #1 ($datetime) of type string is deprecated in /home/mafwor5/public_html/test/wp-includes/formatting.php on line 3672
[20-Oct-2025 10:57:53 UTC] PHP Deprecated:  preg_match(): Passing null to parameter #2 ($subject) of type string is deprecated in /home/mafwor5/public_html/test/wp-content/plugins/events-manager/classes/em-object.php on line 1829
[20-Oct-2025 10:57:53 UTC] PHP Deprecated:  str_replace(): Passing null to parameter #2 ($replace) of type array|string is deprecated in /home/mafwor5/public_html/test/wp-content/plugins/events-manager/classes/em-event.php on line 3314
[20-Oct-2025 10:57:53 UTC] PHP Deprecated:  date_create(): Passing null to parameter #1 ($datetime) of type string is deprecated in /home/mafwor5/public_html/test/wp-includes/formatting.php on line 3672
[20-Oct-2025 10:57:53 UTC] PHP Deprecated:  preg_match(): Passing null to parameter #2 ($subject) of type string is deprecated in /home/mafwor5/public_html/test/wp-content/plugins/events-manager/classes/em-object.php on line 1829
[20-Oct-2025 10:57:53 UTC] PHP Deprecated:  str_replace(): Passing null to parameter #2 ($replace) of type array|string is deprecated in /home/mafwor5/public_html/test/wp-content/plugins/events-manager/classes/em-event.php on line 3314
[20-Oct-2025 10:57:54 UTC] Automatic updates starting...
[20-Oct-2025 10:57:54 UTC] Automatic updates complete.
[20-Oct-2025 18:43:17 UTC] PHP Deprecated:  preg_match(): Passing null to parameter #2 ($subject) of type string is deprecated in /home/mafwor5/public_html/test/wp-content/plugins/events-manager/classes/em-object.php on line 1829
[20-Oct-2025 18:43:17 UTC] PHP Deprecated:  str_contains(): Passing null to parameter #1 ($haystack) of type string is deprecated in /home/mafwor5/public_html/test/wp-includes/shortcodes.php on line 709
[20-Oct-2025 18:43:17 UTC] PHP Deprecated:  str_replace(): Passing null to parameter #3 ($subject) of type array|string is deprecated in /home/mafwor5/public_html/test/wp-content/plugins/events-manager/classes/em-object.php on line 1836
[20-Oct-2025 18:43:17 UTC] PHP Deprecated:  preg_match(): Passing null to parameter #2 ($subject) of type string is deprecated in /home/mafwor5/public_html/test/wp-content/plugins/events-manager/classes/em-object.php on line 1829
[20-Oct-2025 18:43:17 UTC] PHP Deprecated:  str_contains(): Passing null to parameter #1 ($haystack) of type string is deprecated in /home/mafwor5/public_html/test/wp-includes/shortcodes.php on line 709
[20-Oct-2025 18:43:17 UTC] PHP Deprecated:  str_replace(): Passing null to parameter #3 ($subject) of type array|string is deprecated in /home/mafwor5/public_html/test/wp-content/plugins/events-manager/classes/em-object.php on line 1836
[20-Oct-2025 21:34:12 UTC] PHP Deprecated:  date_create(): Passing null to parameter #1 ($datetime) of type string is deprecated in /home/mafwor5/public_html/test/wp-includes/formatting.php on line 3672
[20-Oct-2025 21:34:12 UTC] PHP Deprecated:  preg_match(): Passing null to parameter #2 ($subject) of type string is deprecated in /home/mafwor5/public_html/test/wp-content/plugins/events-manager/classes/em-object.php on line 1829
[20-Oct-2025 21:34:12 UTC] PHP Deprecated:  str_replace(): Passing null to parameter #2 ($replace) of type array|string is deprecated in /home/mafwor5/public_html/test/wp-content/plugins/events-manager/classes/em-event.php on line 3314
[20-Oct-2025 21:34:12 UTC] PHP Deprecated:  date_create(): Passing null to parameter #1 ($datetime) of type string is deprecated in /home/mafwor5/public_html/test/wp-includes/formatting.php on line 3672
[20-Oct-2025 21:34:12 UTC] PHP Deprecated:  preg_match(): Passing null to parameter #2 ($subject) of type string is deprecated in /home/mafwor5/public_html/test/wp-content/plugins/events-manager/classes/em-object.php on line 1829
[20-Oct-2025 21:34:12 UTC] PHP Deprecated:  str_replace(): Passing null to parameter #2 ($replace) of type array|string is deprecated in /home/mafwor5/public_html/test/wp-content/plugins/events-manager/classes/em-event.php on line 3314
[20-Oct-2025 23:59:38 UTC] Automatic updates starting...
[20-Oct-2025 23:59:38 UTC] Automatic updates complete.
[20-Oct-2025 23:59:48 UTC] PHP Warning:  The URL https://s7.softaculous.com/a/loginizer//updates.php?version=2.0.3&checking_for_updates=1&installed_version=2.0.3&license=SOFTWP-41226-74802-29736-95673&url=https%3A%2F%2Fmafw.org%2Ftest does not point to a valid plugin metadata file. WP HTTP Error: cURL error 28: Connection timed out after 10001 milliseconds in /home/mafwor5/public_html/test/wp-content/plugins/loginizer-security/updater/plugin-update-checker.php on line 985
[21-Oct-2025 00:35:17 UTC] PHP Deprecated:  preg_match(): Passing null to parameter #2 ($subject) of type string is deprecated in /home/mafwor5/public_html/test/wp-content/plugins/events-manager/classes/em-object.php on line 1829
[21-Oct-2025 00:35:17 UTC] PHP Deprecated:  str_contains(): Passing null to parameter #1 ($haystack) of type string is deprecated in /home/mafwor5/public_html/test/wp-includes/shortcodes.php on line 709
[21-Oct-2025 00:35:17 UTC] PHP Deprecated:  str_replace(): Passing null to parameter #3 ($subject) of type array|string is deprecated in /home/mafwor5/public_html/test/wp-content/plugins/events-manager/classes/em-object.php on line 1836
[21-Oct-2025 00:35:17 UTC] PHP Deprecated:  preg_match(): Passing null to parameter #2 ($subject) of type string is deprecated in /home/mafwor5/public_html/test/wp-content/plugins/events-manager/classes/em-object.php on line 1829
[21-Oct-2025 00:35:17 UTC] PHP Deprecated:  str_contains(): Passing null to parameter #1 ($haystack) of type string is deprecated in /home/mafwor5/public_html/test/wp-includes/shortcodes.php on line 709
[21-Oct-2025 00:35:17 UTC] PHP Deprecated:  str_replace(): Passing null to parameter #3 ($subject) of type array|string is deprecated in /home/mafwor5/public_html/test/wp-content/plugins/events-manager/classes/em-object.php on line 1836
[21-Oct-2025 00:35:55 UTC] PHP Deprecated:  preg_match(): Passing null to parameter #2 ($subject) of type string is deprecated in /home/mafwor5/public_html/test/wp-content/plugins/events-manager/classes/em-object.php on line 1829
[21-Oct-2025 00:35:55 UTC] PHP Deprecated:  str_contains(): Passing null to parameter #1 ($haystack) of type string is deprecated in /home/mafwor5/public_html/test/wp-includes/shortcodes.php on line 709
[21-Oct-2025 00:35:55 UTC] PHP Deprecated:  str_replace(): Passing null to parameter #3 ($subject) of type array|string is deprecated in /home/mafwor5/public_html/test/wp-content/plugins/events-manager/classes/em-object.php on line 1836
[21-Oct-2025 00:35:55 UTC] PHP Deprecated:  preg_match(): Passing null to parameter #2 ($subject) of type string is deprecated in /home/mafwor5/public_html/test/wp-content/plugins/events-manager/classes/em-object.php on line 1829
[21-Oct-2025 00:35:55 UTC] PHP Deprecated:  str_contains(): Passing null to parameter #1 ($haystack) of type string is deprecated in /home/mafwor5/public_html/test/wp-includes/shortcodes.php on line 709
[21-Oct-2025 00:35:55 UTC] PHP Deprecated:  str_replace(): Passing null to parameter #3 ($subject) of type array|string is deprecated in /home/mafwor5/public_html/test/wp-content/plugins/events-manager/classes/em-object.php on line 1836
[21-Oct-2025 00:35:56 UTC] PHP Deprecated:  preg_match(): Passing null to parameter #2 ($subject) of type string is deprecated in /home/mafwor5/public_html/test/wp-content/plugins/events-manager/classes/em-object.php on line 1829
[21-Oct-2025 00:35:56 UTC] PHP Deprecated:  str_contains(): Passing null to parameter #1 ($haystack) of type string is deprecated in /home/mafwor5/public_html/test/wp-includes/shortcodes.php on line 709
[21-Oct-2025 00:35:56 UTC] PHP Deprecated:  str_replace(): Passing null to parameter #3 ($subject) of type array|string is deprecated in /home/mafwor5/public_html/test/wp-content/plugins/events-manager/classes/em-object.php on line 1836
[21-Oct-2025 00:35:56 UTC] PHP Deprecated:  preg_match(): Passing null to parameter #2 ($subject) of type string is deprecated in /home/mafwor5/public_html/test/wp-content/plugins/events-manager/classes/em-object.php on line 1829
[21-Oct-2025 00:35:56 UTC] PHP Deprecated:  str_contains(): Passing null to parameter #1 ($haystack) of type string is deprecated in /home/mafwor5/public_html/test/wp-includes/shortcodes.php on line 709
[21-Oct-2025 00:35:56 UTC] PHP Deprecated:  str_replace(): Passing null to parameter #3 ($subject) of type array|string is deprecated in /home/mafwor5/public_html/test/wp-content/plugins/events-manager/classes/em-object.php on line 1836
[21-Oct-2025 00:35:59 UTC] PHP Deprecated:  preg_match(): Passing null to parameter #2 ($subject) of type string is deprecated in /home/mafwor5/public_html/test/wp-content/plugins/events-manager/classes/em-object.php on line 1829
[21-Oct-2025 00:35:59 UTC] PHP Deprecated:  str_contains(): Passing null to parameter #1 ($haystack) of type string is deprecated in /home/mafwor5/public_html/test/wp-includes/shortcodes.php on line 709
[21-Oct-2025 00:35:59 UTC] PHP Deprecated:  str_replace(): Passing null to parameter #3 ($subject) of type array|string is deprecated in /home/mafwor5/public_html/test/wp-content/plugins/events-manager/classes/em-object.php on line 1836
[21-Oct-2025 00:35:59 UTC] PHP Deprecated:  preg_match(): Passing null to parameter #2 ($subject) of type string is deprecated in /home/mafwor5/public_html/test/wp-content/plugins/events-manager/classes/em-object.php on line 1829
[21-Oct-2025 00:35:59 UTC] PHP Deprecated:  str_contains(): Passing null to parameter #1 ($haystack) of type string is deprecated in /home/mafwor5/public_html/test/wp-includes/shortcodes.php on line 709
[21-Oct-2025 00:35:59 UTC] PHP Deprecated:  str_replace(): Passing null to parameter #3 ($subject) of type array|string is deprecated in /home/mafwor5/public_html/test/wp-content/plugins/events-manager/classes/em-object.php on line 1836
[21-Oct-2025 00:36:02 UTC] PHP Deprecated:  date_create(): Passing null to parameter #1 ($datetime) of type string is deprecated in /home/mafwor5/public_html/test/wp-includes/formatting.php on line 3672
[21-Oct-2025 00:36:02 UTC] PHP Deprecated:  preg_match(): Passing null to parameter #2 ($subject) of type string is deprecated in /home/mafwor5/public_html/test/wp-content/plugins/events-manager/classes/em-object.php on line 1829
[21-Oct-2025 00:36:02 UTC] PHP Deprecated:  str_replace(): Passing null to parameter #2 ($replace) of type array|string is deprecated in /home/mafwor5/public_html/test/wp-content/plugins/events-manager/classes/em-event.php on line 3314
[21-Oct-2025 00:36:02 UTC] PHP Deprecated:  date_create(): Passing null to parameter #1 ($datetime) of type string is deprecated in /home/mafwor5/public_html/test/wp-includes/formatting.php on line 3672
[21-Oct-2025 00:36:02 UTC] PHP Deprecated:  preg_match(): Passing null to parameter #2 ($subject) of type string is deprecated in /home/mafwor5/public_html/test/wp-content/plugins/events-manager/classes/em-object.php on line 1829
[21-Oct-2025 00:36:02 UTC] PHP Deprecated:  str_replace(): Passing null to parameter #2 ($replace) of type array|string is deprecated in /home/mafwor5/public_html/test/wp-content/plugins/events-manager/classes/em-event.php on line 3314
[21-Oct-2025 00:36:14 UTC] PHP Deprecated:  date_create(): Passing null to parameter #1 ($datetime) of type string is deprecated in /home/mafwor5/public_html/test/wp-includes/formatting.php on line 3672
[21-Oct-2025 00:36:14 UTC] PHP Deprecated:  preg_match(): Passing null to parameter #2 ($subject) of type string is deprecated in /home/mafwor5/public_html/test/wp-content/plugins/events-manager/classes/em-object.php on line 1829
[21-Oct-2025 00:36:14 UTC] PHP Deprecated:  str_replace(): Passing null to parameter #2 ($replace) of type array|string is deprecated in /home/mafwor5/public_html/test/wp-content/plugins/events-manager/classes/em-event.php on line 3314
[21-Oct-2025 00:36:14 UTC] PHP Deprecated:  date_create(): Passing null to parameter #1 ($datetime) of type string is deprecated in /home/mafwor5/public_html/test/wp-includes/formatting.php on line 3672
[21-Oct-2025 00:36:14 UTC] PHP Deprecated:  preg_match(): Passing null to parameter #2 ($subject) of type string is deprecated in /home/mafwor5/public_html/test/wp-content/plugins/events-manager/classes/em-object.php on line 1829
[21-Oct-2025 00:36:14 UTC] PHP Deprecated:  str_replace(): Passing null to parameter #2 ($replace) of type array|string is deprecated in /home/mafwor5/public_html/test/wp-content/plugins/events-manager/classes/em-event.php on line 3314
[21-Oct-2025 00:36:45 UTC] PHP Deprecated:  date_create(): Passing null to parameter #1 ($datetime) of type string is deprecated in /home/mafwor5/public_html/test/wp-includes/formatting.php on line 3672
[21-Oct-2025 00:36:45 UTC] PHP Deprecated:  preg_match(): Passing null to parameter #2 ($subject) of type string is deprecated in /home/mafwor5/public_html/test/wp-content/plugins/events-manager/classes/em-object.php on line 1829
[21-Oct-2025 00:36:45 UTC] PHP Deprecated:  str_replace(): Passing null to parameter #2 ($replace) of type array|string is deprecated in /home/mafwor5/public_html/test/wp-content/plugins/events-manager/classes/em-event.php on line 3314
[21-Oct-2025 00:36:45 UTC] PHP Deprecated:  date_create(): Passing null to parameter #1 ($datetime) of type string is deprecated in /home/mafwor5/public_html/test/wp-includes/formatting.php on line 3672
[21-Oct-2025 00:36:45 UTC] PHP Deprecated:  preg_match(): Passing null to parameter #2 ($subject) of type string is deprecated in /home/mafwor5/public_html/test/wp-content/plugins/events-manager/classes/em-object.php on line 1829
[21-Oct-2025 00:36:45 UTC] PHP Deprecated:  str_replace(): Passing null to parameter #2 ($replace) of type array|string is deprecated in /home/mafwor5/public_html/test/wp-content/plugins/events-manager/classes/em-event.php on line 3314
[21-Oct-2025 02:54:52 UTC] PHP Deprecated:  preg_match(): Passing null to parameter #2 ($subject) of type string is deprecated in /home/mafwor5/public_html/test/wp-includes/post.php on line 1052
[21-Oct-2025 02:54:52 UTC] PHP Deprecated:  preg_replace(): Passing null to parameter #3 ($subject) of type array|string is deprecated in /home/mafwor5/public_html/test/wp-includes/post.php on line 1062
[21-Oct-2025 02:54:52 UTC] PHP Deprecated:  preg_match(): Passing null to parameter #2 ($subject) of type string is deprecated in /home/mafwor5/public_html/test/wp-includes/post.php on line 1052
[21-Oct-2025 02:54:52 UTC] PHP Deprecated:  preg_replace(): Passing null to parameter #3 ($subject) of type array|string is deprecated in /home/mafwor5/public_html/test/wp-includes/post.php on line 1062
[21-Oct-2025 11:02:14 UTC] Automatic updates starting...
[21-Oct-2025 11:02:14 UTC] Automatic updates complete.
[21-Oct-2025 11:11:35 UTC] PHP Deprecated:  date_create(): Passing null to parameter #1 ($datetime) of type string is deprecated in /home/mafwor5/public_html/test/wp-includes/formatting.php on line 3672
[21-Oct-2025 11:11:35 UTC] PHP Deprecated:  preg_match(): Passing null to parameter #2 ($subject) of type string is deprecated in /home/mafwor5/public_html/test/wp-content/plugins/events-manager/classes/em-object.php on line 1829
[21-Oct-2025 11:11:35 UTC] PHP Deprecated:  str_replace(): Passing null to parameter #2 ($replace) of type array|string is deprecated in /home/mafwor5/public_html/test/wp-content/plugins/events-manager/classes/em-event.php on line 3314
[21-Oct-2025 11:11:35 UTC] PHP Deprecated:  date_create(): Passing null to parameter #1 ($datetime) of type string is deprecated in /home/mafwor5/public_html/test/wp-includes/formatting.php on line 3672
[21-Oct-2025 11:11:35 UTC] PHP Deprecated:  preg_match(): Passing null to parameter #2 ($subject) of type string is deprecated in /home/mafwor5/public_html/test/wp-content/plugins/events-manager/classes/em-object.php on line 1829
[21-Oct-2025 11:11:35 UTC] PHP Deprecated:  str_replace(): Passing null to parameter #2 ($replace) of type array|string is deprecated in /home/mafwor5/public_html/test/wp-content/plugins/events-manager/classes/em-event.php on line 3314
[21-Oct-2025 19:19:11 UTC] PHP Deprecated:  preg_match(): Passing null to parameter #2 ($subject) of type string is deprecated in /home/mafwor5/public_html/test/wp-content/plugins/events-manager/classes/em-object.php on line 1829
[21-Oct-2025 19:19:11 UTC] PHP Deprecated:  str_contains(): Passing null to parameter #1 ($haystack) of type string is deprecated in /home/mafwor5/public_html/test/wp-includes/shortcodes.php on line 709
[21-Oct-2025 19:19:11 UTC] PHP Deprecated:  str_replace(): Passing null to parameter #3 ($subject) of type array|string is deprecated in /home/mafwor5/public_html/test/wp-content/plugins/events-manager/classes/em-object.php on line 1836
[21-Oct-2025 19:19:11 UTC] PHP Deprecated:  preg_match(): Passing null to parameter #2 ($subject) of type string is deprecated in /home/mafwor5/public_html/test/wp-content/plugins/events-manager/classes/em-object.php on line 1829
[21-Oct-2025 19:19:11 UTC] PHP Deprecated:  str_contains(): Passing null to parameter #1 ($haystack) of type string is deprecated in /home/mafwor5/public_html/test/wp-includes/shortcodes.php on line 709
[21-Oct-2025 19:19:11 UTC] PHP Deprecated:  str_replace(): Passing null to parameter #3 ($subject) of type array|string is deprecated in /home/mafwor5/public_html/test/wp-content/plugins/events-manager/classes/em-object.php on line 1836
[21-Oct-2025 21:34:02 UTC] PHP Deprecated:  date_create(): Passing null to parameter #1 ($datetime) of type string is deprecated in /home/mafwor5/public_html/test/wp-includes/formatting.php on line 3672
[21-Oct-2025 21:34:02 UTC] PHP Deprecated:  preg_match(): Passing null to parameter #2 ($subject) of type string is deprecated in /home/mafwor5/public_html/test/wp-content/plugins/events-manager/classes/em-object.php on line 1829
[21-Oct-2025 21:34:02 UTC] PHP Deprecated:  str_replace(): Passing null to parameter #2 ($replace) of type array|string is deprecated in /home/mafwor5/public_html/test/wp-content/plugins/events-manager/classes/em-event.php on line 3314
[21-Oct-2025 21:34:02 UTC] PHP Deprecated:  date_create(): Passing null to parameter #1 ($datetime) of type string is deprecated in /home/mafwor5/public_html/test/wp-includes/formatting.php on line 3672
[21-Oct-2025 21:34:02 UTC] PHP Deprecated:  preg_match(): Passing null to parameter #2 ($subject) of type string is deprecated in /home/mafwor5/public_html/test/wp-content/plugins/events-manager/classes/em-object.php on line 1829
[21-Oct-2025 21:34:02 UTC] PHP Deprecated:  str_replace(): Passing null to parameter #2 ($replace) of type array|string is deprecated in /home/mafwor5/public_html/test/wp-content/plugins/events-manager/classes/em-event.php on line 3314
[21-Oct-2025 21:36:29 UTC] PHP Deprecated:  preg_match(): Passing null to parameter #2 ($subject) of type string is deprecated in /home/mafwor5/public_html/test/wp-content/plugins/events-manager/classes/em-object.php on line 1829
[21-Oct-2025 21:36:29 UTC] PHP Deprecated:  str_contains(): Passing null to parameter #1 ($haystack) of type string is deprecated in /home/mafwor5/public_html/test/wp-includes/shortcodes.php on line 709
[21-Oct-2025 21:36:29 UTC] PHP Deprecated:  str_replace(): Passing null to parameter #3 ($subject) of type array|string is deprecated in /home/mafwor5/public_html/test/wp-content/plugins/events-manager/classes/em-object.php on line 1836
[21-Oct-2025 21:36:29 UTC] PHP Deprecated:  preg_match(): Passing null to parameter #2 ($subject) of type string is deprecated in /home/mafwor5/public_html/test/wp-content/plugins/events-manager/classes/em-object.php on line 1829
[21-Oct-2025 21:36:29 UTC] PHP Deprecated:  str_contains(): Passing null to parameter #1 ($haystack) of type string is deprecated in /home/mafwor5/public_html/test/wp-includes/shortcodes.php on line 709
[21-Oct-2025 21:36:29 UTC] PHP Deprecated:  str_replace(): Passing null to parameter #3 ($subject) of type array|string is deprecated in /home/mafwor5/public_html/test/wp-content/plugins/events-manager/classes/em-object.php on line 1836
[21-Oct-2025 22:42:07 UTC] Automatic updates starting...
[21-Oct-2025 22:42:07 UTC] Automatic updates complete.
[21-Oct-2025 23:21:31 UTC] PHP Deprecated:  preg_match(): Passing null to parameter #2 ($subject) of type string is deprecated in /home/mafwor5/public_html/test/wp-content/plugins/events-manager/classes/em-object.php on line 1829
[21-Oct-2025 23:21:31 UTC] PHP Deprecated:  str_contains(): Passing null to parameter #1 ($haystack) of type string is deprecated in /home/mafwor5/public_html/test/wp-includes/shortcodes.php on line 709
[21-Oct-2025 23:21:31 UTC] PHP Deprecated:  str_replace(): Passing null to parameter #3 ($subject) of type array|string is deprecated in /home/mafwor5/public_html/test/wp-content/plugins/events-manager/classes/em-object.php on line 1836
[21-Oct-2025 23:21:31 UTC] PHP Deprecated:  preg_match(): Passing null to parameter #2 ($subject) of type string is deprecated in /home/mafwor5/public_html/test/wp-content/plugins/events-manager/classes/em-object.php on line 1829
[21-Oct-2025 23:21:31 UTC] PHP Deprecated:  str_contains(): Passing null to parameter #1 ($haystack) of type string is deprecated in /home/mafwor5/public_html/test/wp-includes/shortcodes.php on line 709
[21-Oct-2025 23:21:31 UTC] PHP Deprecated:  str_replace(): Passing null to parameter #3 ($subject) of type array|string is deprecated in /home/mafwor5/public_html/test/wp-content/plugins/events-manager/classes/em-object.php on line 1836
[21-Oct-2025 23:24:47 UTC] PHP Deprecated:  date_create(): Passing null to parameter #1 ($datetime) of type string is deprecated in /home/mafwor5/public_html/test/wp-includes/formatting.php on line 3672
[21-Oct-2025 23:24:47 UTC] PHP Deprecated:  preg_match(): Passing null to parameter #2 ($subject) of type string is deprecated in /home/mafwor5/public_html/test/wp-content/plugins/events-manager/classes/em-object.php on line 1829
[21-Oct-2025 23:24:47 UTC] PHP Deprecated:  str_replace(): Passing null to parameter #2 ($replace) of type array|string is deprecated in /home/mafwor5/public_html/test/wp-content/plugins/events-manager/classes/em-event.php on line 3314
[21-Oct-2025 23:24:47 UTC] PHP Deprecated:  date_create(): Passing null to parameter #1 ($datetime) of type string is deprecated in /home/mafwor5/public_html/test/wp-includes/formatting.php on line 3672
[21-Oct-2025 23:24:47 UTC] PHP Deprecated:  preg_match(): Passing null to parameter #2 ($subject) of type string is deprecated in /home/mafwor5/public_html/test/wp-content/plugins/events-manager/classes/em-object.php on line 1829
[21-Oct-2025 23:24:47 UTC] PHP Deprecated:  str_replace(): Passing null to parameter #2 ($replace) of type array|string is deprecated in /home/mafwor5/public_html/test/wp-content/plugins/events-manager/classes/em-event.php on line 3314
[22-Oct-2025 03:06:18 UTC] PHP Deprecated:  date_create(): Passing null to parameter #1 ($datetime) of type string is deprecated in /home/mafwor5/public_html/test/wp-includes/formatting.php on line 3672
[22-Oct-2025 03:06:18 UTC] PHP Deprecated:  preg_match(): Passing null to parameter #2 ($subject) of type string is deprecated in /home/mafwor5/public_html/test/wp-content/plugins/events-manager/classes/em-object.php on line 1829
[22-Oct-2025 03:06:18 UTC] PHP Deprecated:  str_replace(): Passing null to parameter #2 ($replace) of type array|string is deprecated in /home/mafwor5/public_html/test/wp-content/plugins/events-manager/classes/em-event.php on line 3314
[22-Oct-2025 03:06:18 UTC] PHP Deprecated:  date_create(): Passing null to parameter #1 ($datetime) of type string is deprecated in /home/mafwor5/public_html/test/wp-includes/formatting.php on line 3672
[22-Oct-2025 03:06:18 UTC] PHP Deprecated:  preg_match(): Passing null to parameter #2 ($subject) of type string is deprecated in /home/mafwor5/public_html/test/wp-content/plugins/events-manager/classes/em-object.php on line 1829
[22-Oct-2025 03:06:18 UTC] PHP Deprecated:  str_replace(): Passing null to parameter #2 ($replace) of type array|string is deprecated in /home/mafwor5/public_html/test/wp-content/plugins/events-manager/classes/em-event.php on line 3314
[22-Oct-2025 06:35:44 UTC] PHP Deprecated:  date_create(): Passing null to parameter #1 ($datetime) of type string is deprecated in /home/mafwor5/public_html/test/wp-includes/formatting.php on line 3672
[22-Oct-2025 06:35:44 UTC] PHP Deprecated:  preg_match(): Passing null to parameter #2 ($subject) of type string is deprecated in /home/mafwor5/public_html/test/wp-content/plugins/events-manager/classes/em-object.php on line 1829
[22-Oct-2025 06:35:44 UTC] PHP Deprecated:  str_replace(): Passing null to parameter #2 ($replace) of type array|string is deprecated in /home/mafwor5/public_html/test/wp-content/plugins/events-manager/classes/em-event.php on line 3314
[22-Oct-2025 06:35:44 UTC] PHP Deprecated:  date_create(): Passing null to parameter #1 ($datetime) of type string is deprecated in /home/mafwor5/public_html/test/wp-includes/formatting.php on line 3672
[22-Oct-2025 06:35:44 UTC] PHP Deprecated:  preg_match(): Passing null to parameter #2 ($subject) of type string is deprecated in /home/mafwor5/public_html/test/wp-content/plugins/events-manager/classes/em-object.php on line 1829
[22-Oct-2025 06:35:44 UTC] PHP Deprecated:  str_replace(): Passing null to parameter #2 ($replace) of type array|string is deprecated in /home/mafwor5/public_html/test/wp-content/plugins/events-manager/classes/em-event.php on line 3314
[22-Oct-2025 06:47:50 UTC] PHP Deprecated:  date_create(): Passing null to parameter #1 ($datetime) of type string is deprecated in /home/mafwor5/public_html/test/wp-includes/formatting.php on line 3672
[22-Oct-2025 06:47:50 UTC] PHP Deprecated:  preg_match(): Passing null to parameter #2 ($subject) of type string is deprecated in /home/mafwor5/public_html/test/wp-content/plugins/events-manager/classes/em-object.php on line 1829
[22-Oct-2025 06:47:50 UTC] PHP Deprecated:  str_replace(): Passing null to parameter #2 ($replace) of type array|string is deprecated in /home/mafwor5/public_html/test/wp-content/plugins/events-manager/classes/em-event.php on line 3314
[22-Oct-2025 06:47:50 UTC] PHP Deprecated:  date_create(): Passing null to parameter #1 ($datetime) of type string is deprecated in /home/mafwor5/public_html/test/wp-includes/formatting.php on line 3672
[22-Oct-2025 06:47:50 UTC] PHP Deprecated:  preg_match(): Passing null to parameter #2 ($subject) of type string is deprecated in /home/mafwor5/public_html/test/wp-content/plugins/events-manager/classes/em-object.php on line 1829
[22-Oct-2025 06:47:50 UTC] PHP Deprecated:  str_replace(): Passing null to parameter #2 ($replace) of type array|string is deprecated in /home/mafwor5/public_html/test/wp-content/plugins/events-manager/classes/em-event.php on line 3314
[22-Oct-2025 08:38:36 UTC] PHP Deprecated:  date_create(): Passing null to parameter #1 ($datetime) of type string is deprecated in /home/mafwor5/public_html/test/wp-includes/formatting.php on line 3672
[22-Oct-2025 08:38:36 UTC] PHP Deprecated:  preg_match(): Passing null to parameter #2 ($subject) of type string is deprecated in /home/mafwor5/public_html/test/wp-content/plugins/events-manager/classes/em-object.php on line 1829
[22-Oct-2025 08:38:36 UTC] PHP Deprecated:  str_replace(): Passing null to parameter #2 ($replace) of type array|string is deprecated in /home/mafwor5/public_html/test/wp-content/plugins/events-manager/classes/em-event.php on line 3314
[22-Oct-2025 08:38:36 UTC] PHP Deprecated:  date_create(): Passing null to parameter #1 ($datetime) of type string is deprecated in /home/mafwor5/public_html/test/wp-includes/formatting.php on line 3672
[22-Oct-2025 08:38:36 UTC] PHP Deprecated:  preg_match(): Passing null to parameter #2 ($subject) of type string is deprecated in /home/mafwor5/public_html/test/wp-content/plugins/events-manager/classes/em-object.php on line 1829
[22-Oct-2025 08:38:36 UTC] PHP Deprecated:  str_replace(): Passing null to parameter #2 ($replace) of type array|string is deprecated in /home/mafwor5/public_html/test/wp-content/plugins/events-manager/classes/em-event.php on line 3314
[22-Oct-2025 09:32:52 UTC] PHP Deprecated:  date_create(): Passing null to parameter #1 ($datetime) of type string is deprecated in /home/mafwor5/public_html/test/wp-includes/formatting.php on line 3672
[22-Oct-2025 09:32:52 UTC] PHP Deprecated:  preg_match(): Passing null to parameter #2 ($subject) of type string is deprecated in /home/mafwor5/public_html/test/wp-content/plugins/events-manager/classes/em-object.php on line 1829
[22-Oct-2025 09:32:52 UTC] PHP Deprecated:  str_replace(): Passing null to parameter #2 ($replace) of type array|string is deprecated in /home/mafwor5/public_html/test/wp-content/plugins/events-manager/classes/em-event.php on line 3314
[22-Oct-2025 09:32:52 UTC] PHP Deprecated:  date_create(): Passing null to parameter #1 ($datetime) of type string is deprecated in /home/mafwor5/public_html/test/wp-includes/formatting.php on line 3672
[22-Oct-2025 09:32:52 UTC] PHP Deprecated:  preg_match(): Passing null to parameter #2 ($subject) of type string is deprecated in /home/mafwor5/public_html/test/wp-content/plugins/events-manager/classes/em-object.php on line 1829
[22-Oct-2025 09:32:52 UTC] PHP Deprecated:  str_replace(): Passing null to parameter #2 ($replace) of type array|string is deprecated in /home/mafwor5/public_html/test/wp-content/plugins/events-manager/classes/em-event.php on line 3314
[22-Oct-2025 14:10:55 UTC] Automatic updates starting...
[22-Oct-2025 14:10:55 UTC] Automatic updates complete.
[22-Oct-2025 14:11:05 UTC] PHP Warning:  The URL https://s4.softaculous.com/a/loginizer//updates.php?version=2.0.3&checking_for_updates=1&installed_version=2.0.3&license=SOFTWP-41226-74802-29736-95673&url=https%3A%2F%2Fmafw.org%2Ftest does not point to a valid plugin metadata file. WP HTTP Error: cURL error 28: Operation timed out after 10000 milliseconds with 0 bytes received in /home/mafwor5/public_html/test/wp-content/plugins/loginizer-security/updater/plugin-update-checker.php on line 985
[22-Oct-2025 23:17:27 UTC] PHP Deprecated:  preg_match(): Passing null to parameter #2 ($subject) of type string is deprecated in /home/mafwor5/public_html/test/wp-content/plugins/events-manager/classes/em-object.php on line 1829
[22-Oct-2025 23:17:27 UTC] PHP Deprecated:  str_contains(): Passing null to parameter #1 ($haystack) of type string is deprecated in /home/mafwor5/public_html/test/wp-includes/shortcodes.php on line 709
[22-Oct-2025 23:17:27 UTC] PHP Deprecated:  str_replace(): Passing null to parameter #3 ($subject) of type array|string is deprecated in /home/mafwor5/public_html/test/wp-content/plugins/events-manager/classes/em-object.php on line 1836
[22-Oct-2025 23:17:27 UTC] PHP Deprecated:  preg_match(): Passing null to parameter #2 ($subject) of type string is deprecated in /home/mafwor5/public_html/test/wp-content/plugins/events-manager/classes/em-object.php on line 1829
[22-Oct-2025 23:17:27 UTC] PHP Deprecated:  str_contains(): Passing null to parameter #1 ($haystack) of type string is deprecated in /home/mafwor5/public_html/test/wp-includes/shortcodes.php on line 709
[22-Oct-2025 23:17:27 UTC] PHP Deprecated:  str_replace(): Passing null to parameter #3 ($subject) of type array|string is deprecated in /home/mafwor5/public_html/test/wp-content/plugins/events-manager/classes/em-object.php on line 1836
[22-Oct-2025 23:17:28 UTC] PHP Deprecated:  preg_match(): Passing null to parameter #2 ($subject) of type string is deprecated in /home/mafwor5/public_html/test/wp-content/plugins/events-manager/classes/em-object.php on line 1829
[22-Oct-2025 23:17:28 UTC] PHP Deprecated:  str_contains(): Passing null to parameter #1 ($haystack) of type string is deprecated in /home/mafwor5/public_html/test/wp-includes/shortcodes.php on line 709
[22-Oct-2025 23:17:28 UTC] PHP Deprecated:  str_replace(): Passing null to parameter #3 ($subject) of type array|string is deprecated in /home/mafwor5/public_html/test/wp-content/plugins/events-manager/classes/em-object.php on line 1836
[22-Oct-2025 23:17:28 UTC] PHP Deprecated:  preg_match(): Passing null to parameter #2 ($subject) of type string is deprecated in /home/mafwor5/public_html/test/wp-content/plugins/events-manager/classes/em-object.php on line 1829
[22-Oct-2025 23:17:28 UTC] PHP Deprecated:  str_contains(): Passing null to parameter #1 ($haystack) of type string is deprecated in /home/mafwor5/public_html/test/wp-includes/shortcodes.php on line 709
[22-Oct-2025 23:17:28 UTC] PHP Deprecated:  str_replace(): Passing null to parameter #3 ($subject) of type array|string is deprecated in /home/mafwor5/public_html/test/wp-content/plugins/events-manager/classes/em-object.php on line 1836
[22-Oct-2025 23:17:29 UTC] PHP Deprecated:  preg_match(): Passing null to parameter #2 ($subject) of type string is deprecated in /home/mafwor5/public_html/test/wp-content/plugins/events-manager/classes/em-object.php on line 1829
[22-Oct-2025 23:17:29 UTC] PHP Deprecated:  str_contains(): Passing null to parameter #1 ($haystack) of type string is deprecated in /home/mafwor5/public_html/test/wp-includes/shortcodes.php on line 709
[22-Oct-2025 23:17:29 UTC] PHP Deprecated:  str_replace(): Passing null to parameter #3 ($subject) of type array|string is deprecated in /home/mafwor5/public_html/test/wp-content/plugins/events-manager/classes/em-object.php on line 1836
[22-Oct-2025 23:17:29 UTC] PHP Deprecated:  preg_match(): Passing null to parameter #2 ($subject) of type string is deprecated in /home/mafwor5/public_html/test/wp-content/plugins/events-manager/classes/em-object.php on line 1829
[22-Oct-2025 23:17:29 UTC] PHP Deprecated:  str_contains(): Passing null to parameter #1 ($haystack) of type string is deprecated in /home/mafwor5/public_html/test/wp-includes/shortcodes.php on line 709
[22-Oct-2025 23:17:29 UTC] PHP Deprecated:  str_replace(): Passing null to parameter #3 ($subject) of type array|string is deprecated in /home/mafwor5/public_html/test/wp-content/plugins/events-manager/classes/em-object.php on line 1836
[22-Oct-2025 23:17:30 UTC] PHP Deprecated:  preg_match(): Passing null to parameter #2 ($subject) of type string is deprecated in /home/mafwor5/public_html/test/wp-content/plugins/events-manager/classes/em-object.php on line 1829
[22-Oct-2025 23:17:30 UTC] PHP Deprecated:  str_contains(): Passing null to parameter #1 ($haystack) of type string is deprecated in /home/mafwor5/public_html/test/wp-includes/shortcodes.php on line 709
[22-Oct-2025 23:17:30 UTC] PHP Deprecated:  str_replace(): Passing null to parameter #3 ($subject) of type array|string is deprecated in /home/mafwor5/public_html/test/wp-content/plugins/events-manager/classes/em-object.php on line 1836
[22-Oct-2025 23:17:30 UTC] PHP Deprecated:  preg_match(): Passing null to parameter #2 ($subject) of type string is deprecated in /home/mafwor5/public_html/test/wp-content/plugins/events-manager/classes/em-object.php on line 1829
[22-Oct-2025 23:17:30 UTC] PHP Deprecated:  str_contains(): Passing null to parameter #1 ($haystack) of type string is deprecated in /home/mafwor5/public_html/test/wp-includes/shortcodes.php on line 709
[22-Oct-2025 23:17:30 UTC] PHP Deprecated:  str_replace(): Passing null to parameter #3 ($subject) of type array|string is deprecated in /home/mafwor5/public_html/test/wp-content/plugins/events-manager/classes/em-object.php on line 1836
[22-Oct-2025 23:17:30 UTC] Automatic updates starting...
[22-Oct-2025 23:17:30 UTC] Automatic updates complete.
[22-Oct-2025 23:17:38 UTC] PHP Deprecated:  preg_match(): Passing null to parameter #2 ($subject) of type string is deprecated in /home/mafwor5/public_html/test/wp-content/plugins/events-manager/classes/em-object.php on line 1829
[22-Oct-2025 23:17:38 UTC] PHP Deprecated:  str_contains(): Passing null to parameter #1 ($haystack) of type string is deprecated in /home/mafwor5/public_html/test/wp-includes/shortcodes.php on line 709
[22-Oct-2025 23:17:38 UTC] PHP Deprecated:  str_replace(): Passing null to parameter #3 ($subject) of type array|string is deprecated in /home/mafwor5/public_html/test/wp-content/plugins/events-manager/classes/em-object.php on line 1836
[22-Oct-2025 23:17:38 UTC] PHP Deprecated:  preg_match(): Passing null to parameter #2 ($subject) of type string is deprecated in /home/mafwor5/public_html/test/wp-content/plugins/events-manager/classes/em-object.php on line 1829
[22-Oct-2025 23:17:38 UTC] PHP Deprecated:  str_contains(): Passing null to parameter #1 ($haystack) of type string is deprecated in /home/mafwor5/public_html/test/wp-includes/shortcodes.php on line 709
[22-Oct-2025 23:17:38 UTC] PHP Deprecated:  str_replace(): Passing null to parameter #3 ($subject) of type array|string is deprecated in /home/mafwor5/public_html/test/wp-content/plugins/events-manager/classes/em-object.php on line 1836
[23-Oct-2025 04:03:25 UTC] PHP Deprecated:  preg_match(): Passing null to parameter #2 ($subject) of type string is deprecated in /home/mafwor5/public_html/test/wp-includes/post.php on line 1052
[23-Oct-2025 04:03:25 UTC] PHP Deprecated:  preg_replace(): Passing null to parameter #3 ($subject) of type array|string is deprecated in /home/mafwor5/public_html/test/wp-includes/post.php on line 1062
[23-Oct-2025 09:58:19 UTC] PHP Deprecated:  preg_match(): Passing null to parameter #2 ($subject) of type string is deprecated in /home/mafwor5/public_html/test/wp-includes/post.php on line 1052
[23-Oct-2025 09:58:19 UTC] PHP Deprecated:  preg_replace(): Passing null to parameter #3 ($subject) of type array|string is deprecated in /home/mafwor5/public_html/test/wp-includes/post.php on line 1062
[23-Oct-2025 09:58:19 UTC] PHP Deprecated:  preg_match(): Passing null to parameter #2 ($subject) of type string is deprecated in /home/mafwor5/public_html/test/wp-includes/post.php on line 1052
[23-Oct-2025 09:58:19 UTC] PHP Deprecated:  preg_replace(): Passing null to parameter #3 ($subject) of type array|string is deprecated in /home/mafwor5/public_html/test/wp-includes/post.php on line 1062
[23-Oct-2025 16:09:58 UTC] Automatic updates starting...
[23-Oct-2025 16:09:58 UTC] Automatic updates complete.
[23-Oct-2025 22:33:59 UTC] PHP Deprecated:  date_create(): Passing null to parameter #1 ($datetime) of type string is deprecated in /home/mafwor5/public_html/test/wp-includes/formatting.php on line 3672
[23-Oct-2025 22:33:59 UTC] PHP Deprecated:  preg_match(): Passing null to parameter #2 ($subject) of type string is deprecated in /home/mafwor5/public_html/test/wp-content/plugins/events-manager/classes/em-object.php on line 1829
[23-Oct-2025 22:33:59 UTC] PHP Deprecated:  str_replace(): Passing null to parameter #2 ($replace) of type array|string is deprecated in /home/mafwor5/public_html/test/wp-content/plugins/events-manager/classes/em-event.php on line 3339
[23-Oct-2025 22:33:59 UTC] PHP Deprecated:  date_create(): Passing null to parameter #1 ($datetime) of type string is deprecated in /home/mafwor5/public_html/test/wp-includes/formatting.php on line 3672
[23-Oct-2025 22:33:59 UTC] PHP Deprecated:  preg_match(): Passing null to parameter #2 ($subject) of type string is deprecated in /home/mafwor5/public_html/test/wp-content/plugins/events-manager/classes/em-object.php on line 1829
[23-Oct-2025 22:33:59 UTC] PHP Deprecated:  str_replace(): Passing null to parameter #2 ($replace) of type array|string is deprecated in /home/mafwor5/public_html/test/wp-content/plugins/events-manager/classes/em-event.php on line 3339
[23-Oct-2025 22:34:00 UTC] Automatic updates starting...
[23-Oct-2025 22:34:00 UTC] Automatic updates complete.
[23-Oct-2025 22:34:18 UTC] PHP Deprecated:  date_create(): Passing null to parameter #1 ($datetime) of type string is deprecated in /home/mafwor5/public_html/test/wp-includes/formatting.php on line 3672
[23-Oct-2025 22:34:18 UTC] PHP Deprecated:  preg_match(): Passing null to parameter #2 ($subject) of type string is deprecated in /home/mafwor5/public_html/test/wp-content/plugins/events-manager/classes/em-object.php on line 1829
[23-Oct-2025 22:34:18 UTC] PHP Deprecated:  str_replace(): Passing null to parameter #2 ($replace) of type array|string is deprecated in /home/mafwor5/public_html/test/wp-content/plugins/events-manager/classes/em-event.php on line 3339
[23-Oct-2025 22:34:18 UTC] PHP Deprecated:  date_create(): Passing null to parameter #1 ($datetime) of type string is deprecated in /home/mafwor5/public_html/test/wp-includes/formatting.php on line 3672
[23-Oct-2025 22:34:18 UTC] PHP Deprecated:  preg_match(): Passing null to parameter #2 ($subject) of type string is deprecated in /home/mafwor5/public_html/test/wp-content/plugins/events-manager/classes/em-object.php on line 1829
[23-Oct-2025 22:34:18 UTC] PHP Deprecated:  str_replace(): Passing null to parameter #2 ($replace) of type array|string is deprecated in /home/mafwor5/public_html/test/wp-content/plugins/events-manager/classes/em-event.php on line 3339
[23-Oct-2025 22:34:55 UTC] PHP Deprecated:  date_create(): Passing null to parameter #1 ($datetime) of type string is deprecated in /home/mafwor5/public_html/test/wp-includes/formatting.php on line 3672
[23-Oct-2025 22:34:55 UTC] PHP Deprecated:  preg_match(): Passing null to parameter #2 ($subject) of type string is deprecated in /home/mafwor5/public_html/test/wp-content/plugins/events-manager/classes/em-object.php on line 1829
[23-Oct-2025 22:34:55 UTC] PHP Deprecated:  str_replace(): Passing null to parameter #2 ($replace) of type array|string is deprecated in /home/mafwor5/public_html/test/wp-content/plugins/events-manager/classes/em-event.php on line 3339
[23-Oct-2025 22:34:55 UTC] PHP Deprecated:  date_create(): Passing null to parameter #1 ($datetime) of type string is deprecated in /home/mafwor5/public_html/test/wp-includes/formatting.php on line 3672
[23-Oct-2025 22:34:55 UTC] PHP Deprecated:  preg_match(): Passing null to parameter #2 ($subject) of type string is deprecated in /home/mafwor5/public_html/test/wp-content/plugins/events-manager/classes/em-object.php on line 1829
[23-Oct-2025 22:34:55 UTC] PHP Deprecated:  str_replace(): Passing null to parameter #2 ($replace) of type array|string is deprecated in /home/mafwor5/public_html/test/wp-content/plugins/events-manager/classes/em-event.php on line 3339
[24-Oct-2025 01:11:00 UTC] PHP Deprecated:  date_create(): Passing null to parameter #1 ($datetime) of type string is deprecated in /home/mafwor5/public_html/test/wp-includes/formatting.php on line 3672
[24-Oct-2025 01:11:00 UTC] PHP Deprecated:  preg_match(): Passing null to parameter #2 ($subject) of type string is deprecated in /home/mafwor5/public_html/test/wp-content/plugins/events-manager/classes/em-object.php on line 1829
[24-Oct-2025 01:11:00 UTC] PHP Deprecated:  str_replace(): Passing null to parameter #2 ($replace) of type array|string is deprecated in /home/mafwor5/public_html/test/wp-content/plugins/events-manager/classes/em-event.php on line 3339
[24-Oct-2025 01:11:00 UTC] PHP Deprecated:  date_create(): Passing null to parameter #1 ($datetime) of type string is deprecated in /home/mafwor5/public_html/test/wp-includes/formatting.php on line 3672
[24-Oct-2025 01:11:00 UTC] PHP Deprecated:  preg_match(): Passing null to parameter #2 ($subject) of type string is deprecated in /home/mafwor5/public_html/test/wp-content/plugins/events-manager/classes/em-object.php on line 1829
[24-Oct-2025 01:11:00 UTC] PHP Deprecated:  str_replace(): Passing null to parameter #2 ($replace) of type array|string is deprecated in /home/mafwor5/public_html/test/wp-content/plugins/events-manager/classes/em-event.php on line 3339
[24-Oct-2025 01:11:19 UTC] PHP Deprecated:  date_create(): Passing null to parameter #1 ($datetime) of type string is deprecated in /home/mafwor5/public_html/test/wp-includes/formatting.php on line 3672
[24-Oct-2025 01:11:19 UTC] PHP Deprecated:  preg_match(): Passing null to parameter #2 ($subject) of type string is deprecated in /home/mafwor5/public_html/test/wp-content/plugins/events-manager/classes/em-object.php on line 1829
[24-Oct-2025 01:11:19 UTC] PHP Deprecated:  str_replace(): Passing null to parameter #2 ($replace) of type array|string is deprecated in /home/mafwor5/public_html/test/wp-content/plugins/events-manager/classes/em-event.php on line 3339
[24-Oct-2025 01:11:19 UTC] PHP Deprecated:  date_create(): Passing null to parameter #1 ($datetime) of type string is deprecated in /home/mafwor5/public_html/test/wp-includes/formatting.php on line 3672
[24-Oct-2025 01:11:19 UTC] PHP Deprecated:  preg_match(): Passing null to parameter #2 ($subject) of type string is deprecated in /home/mafwor5/public_html/test/wp-content/plugins/events-manager/classes/em-object.php on line 1829
[24-Oct-2025 01:11:19 UTC] PHP Deprecated:  str_replace(): Passing null to parameter #2 ($replace) of type array|string is deprecated in /home/mafwor5/public_html/test/wp-content/plugins/events-manager/classes/em-event.php on line 3339
[24-Oct-2025 01:11:37 UTC] PHP Deprecated:  date_create(): Passing null to parameter #1 ($datetime) of type string is deprecated in /home/mafwor5/public_html/test/wp-includes/formatting.php on line 3672
[24-Oct-2025 01:11:37 UTC] PHP Deprecated:  preg_match(): Passing null to parameter #2 ($subject) of type string is deprecated in /home/mafwor5/public_html/test/wp-content/plugins/events-manager/classes/em-object.php on line 1829
[24-Oct-2025 01:11:37 UTC] PHP Deprecated:  str_replace(): Passing null to parameter #2 ($replace) of type array|string is deprecated in /home/mafwor5/public_html/test/wp-content/plugins/events-manager/classes/em-event.php on line 3339
[24-Oct-2025 01:11:37 UTC] PHP Deprecated:  date_create(): Passing null to parameter #1 ($datetime) of type string is deprecated in /home/mafwor5/public_html/test/wp-includes/formatting.php on line 3672
[24-Oct-2025 01:11:37 UTC] PHP Deprecated:  preg_match(): Passing null to parameter #2 ($subject) of type string is deprecated in /home/mafwor5/public_html/test/wp-content/plugins/events-manager/classes/em-object.php on line 1829
[24-Oct-2025 01:11:37 UTC] PHP Deprecated:  str_replace(): Passing null to parameter #2 ($replace) of type array|string is deprecated in /home/mafwor5/public_html/test/wp-content/plugins/events-manager/classes/em-event.php on line 3339
[24-Oct-2025 01:11:37 UTC] PHP Deprecated:  date_create(): Passing null to parameter #1 ($datetime) of type string is deprecated in /home/mafwor5/public_html/test/wp-includes/formatting.php on line 3672
[24-Oct-2025 01:11:37 UTC] PHP Deprecated:  preg_match(): Passing null to parameter #2 ($subject) of type string is deprecated in /home/mafwor5/public_html/test/wp-content/plugins/events-manager/classes/em-object.php on line 1829
[24-Oct-2025 01:11:37 UTC] PHP Deprecated:  str_replace(): Passing null to parameter #2 ($replace) of type array|string is deprecated in /home/mafwor5/public_html/test/wp-content/plugins/events-manager/classes/em-event.php on line 3339
[24-Oct-2025 01:11:37 UTC] PHP Deprecated:  date_create(): Passing null to parameter #1 ($datetime) of type string is deprecated in /home/mafwor5/public_html/test/wp-includes/formatting.php on line 3672
[24-Oct-2025 01:11:37 UTC] PHP Deprecated:  preg_match(): Passing null to parameter #2 ($subject) of type string is deprecated in /home/mafwor5/public_html/test/wp-content/plugins/events-manager/classes/em-object.php on line 1829
[24-Oct-2025 01:11:37 UTC] PHP Deprecated:  str_replace(): Passing null to parameter #2 ($replace) of type array|string is deprecated in /home/mafwor5/public_html/test/wp-content/plugins/events-manager/classes/em-event.php on line 3339
[24-Oct-2025 02:53:25 UTC] PHP Deprecated:  date_create(): Passing null to parameter #1 ($datetime) of type string is deprecated in /home/mafwor5/public_html/test/wp-includes/formatting.php on line 3672
[24-Oct-2025 02:53:25 UTC] PHP Deprecated:  preg_match(): Passing null to parameter #2 ($subject) of type string is deprecated in /home/mafwor5/public_html/test/wp-content/plugins/events-manager/classes/em-object.php on line 1829
[24-Oct-2025 02:53:25 UTC] PHP Deprecated:  str_replace(): Passing null to parameter #2 ($replace) of type array|string is deprecated in /home/mafwor5/public_html/test/wp-content/plugins/events-manager/classes/em-event.php on line 3339
[24-Oct-2025 02:53:25 UTC] PHP Deprecated:  date_create(): Passing null to parameter #1 ($datetime) of type string is deprecated in /home/mafwor5/public_html/test/wp-includes/formatting.php on line 3672
[24-Oct-2025 02:53:25 UTC] PHP Deprecated:  preg_match(): Passing null to parameter #2 ($subject) of type string is deprecated in /home/mafwor5/public_html/test/wp-content/plugins/events-manager/classes/em-object.php on line 1829
[24-Oct-2025 02:53:25 UTC] PHP Deprecated:  str_replace(): Passing null to parameter #2 ($replace) of type array|string is deprecated in /home/mafwor5/public_html/test/wp-content/plugins/events-manager/classes/em-event.php on line 3339
[24-Oct-2025 02:53:44 UTC] PHP Deprecated:  date_create(): Passing null to parameter #1 ($datetime) of type string is deprecated in /home/mafwor5/public_html/test/wp-includes/formatting.php on line 3672
[24-Oct-2025 02:53:44 UTC] PHP Deprecated:  preg_match(): Passing null to parameter #2 ($subject) of type string is deprecated in /home/mafwor5/public_html/test/wp-content/plugins/events-manager/classes/em-object.php on line 1829
[24-Oct-2025 02:53:44 UTC] PHP Deprecated:  str_replace(): Passing null to parameter #2 ($replace) of type array|string is deprecated in /home/mafwor5/public_html/test/wp-content/plugins/events-manager/classes/em-event.php on line 3339
[24-Oct-2025 02:53:44 UTC] PHP Deprecated:  date_create(): Passing null to parameter #1 ($datetime) of type string is deprecated in /home/mafwor5/public_html/test/wp-includes/formatting.php on line 3672
[24-Oct-2025 02:53:44 UTC] PHP Deprecated:  preg_match(): Passing null to parameter #2 ($subject) of type string is deprecated in /home/mafwor5/public_html/test/wp-content/plugins/events-manager/classes/em-object.php on line 1829
[24-Oct-2025 02:53:44 UTC] PHP Deprecated:  str_replace(): Passing null to parameter #2 ($replace) of type array|string is deprecated in /home/mafwor5/public_html/test/wp-content/plugins/events-manager/classes/em-event.php on line 3339
[24-Oct-2025 02:54:02 UTC] PHP Deprecated:  date_create(): Passing null to parameter #1 ($datetime) of type string is deprecated in /home/mafwor5/public_html/test/wp-includes/formatting.php on line 3672
[24-Oct-2025 02:54:02 UTC] PHP Deprecated:  preg_match(): Passing null to parameter #2 ($subject) of type string is deprecated in /home/mafwor5/public_html/test/wp-content/plugins/events-manager/classes/em-object.php on line 1829
[24-Oct-2025 02:54:02 UTC] PHP Deprecated:  str_replace(): Passing null to parameter #2 ($replace) of type array|string is deprecated in /home/mafwor5/public_html/test/wp-content/plugins/events-manager/classes/em-event.php on line 3339
[24-Oct-2025 02:54:02 UTC] PHP Deprecated:  date_create(): Passing null to parameter #1 ($datetime) of type string is deprecated in /home/mafwor5/public_html/test/wp-includes/formatting.php on line 3672
[24-Oct-2025 02:54:02 UTC] PHP Deprecated:  preg_match(): Passing null to parameter #2 ($subject) of type string is deprecated in /home/mafwor5/public_html/test/wp-content/plugins/events-manager/classes/em-object.php on line 1829
[24-Oct-2025 02:54:02 UTC] PHP Deprecated:  str_replace(): Passing null to parameter #2 ($replace) of type array|string is deprecated in /home/mafwor5/public_html/test/wp-content/plugins/events-manager/classes/em-event.php on line 3339
[24-Oct-2025 09:05:41 UTC] PHP Deprecated:  preg_match(): Passing null to parameter #2 ($subject) of type string is deprecated in /home/mafwor5/public_html/test/wp-content/plugins/events-manager/classes/em-object.php on line 1829
[24-Oct-2025 09:05:41 UTC] PHP Deprecated:  str_contains(): Passing null to parameter #1 ($haystack) of type string is deprecated in /home/mafwor5/public_html/test/wp-includes/shortcodes.php on line 709
[24-Oct-2025 09:05:41 UTC] PHP Deprecated:  str_replace(): Passing null to parameter #3 ($subject) of type array|string is deprecated in /home/mafwor5/public_html/test/wp-content/plugins/events-manager/classes/em-object.php on line 1836
[24-Oct-2025 09:05:41 UTC] PHP Deprecated:  preg_match(): Passing null to parameter #2 ($subject) of type string is deprecated in /home/mafwor5/public_html/test/wp-content/plugins/events-manager/classes/em-object.php on line 1829
[24-Oct-2025 09:05:41 UTC] PHP Deprecated:  str_contains(): Passing null to parameter #1 ($haystack) of type string is deprecated in /home/mafwor5/public_html/test/wp-includes/shortcodes.php on line 709
[24-Oct-2025 09:05:41 UTC] PHP Deprecated:  str_replace(): Passing null to parameter #3 ($subject) of type array|string is deprecated in /home/mafwor5/public_html/test/wp-content/plugins/events-manager/classes/em-object.php on line 1836
[24-Oct-2025 17:32:05 UTC] Automatic updates starting...
[24-Oct-2025 17:32:05 UTC] Automatic updates complete.
[24-Oct-2025 19:17:12 UTC] PHP Deprecated:  date_create(): Passing null to parameter #1 ($datetime) of type string is deprecated in /home/mafwor5/public_html/test/wp-includes/formatting.php on line 3672
[24-Oct-2025 19:17:12 UTC] PHP Deprecated:  preg_match(): Passing null to parameter #2 ($subject) of type string is deprecated in /home/mafwor5/public_html/test/wp-content/plugins/events-manager/classes/em-object.php on line 1829
[24-Oct-2025 19:17:12 UTC] PHP Deprecated:  str_replace(): Passing null to parameter #2 ($replace) of type array|string is deprecated in /home/mafwor5/public_html/test/wp-content/plugins/events-manager/classes/em-event.php on line 3339
[24-Oct-2025 19:17:12 UTC] PHP Deprecated:  date_create(): Passing null to parameter #1 ($datetime) of type string is deprecated in /home/mafwor5/public_html/test/wp-includes/formatting.php on line 3672
[24-Oct-2025 19:17:12 UTC] PHP Deprecated:  preg_match(): Passing null to parameter #2 ($subject) of type string is deprecated in /home/mafwor5/public_html/test/wp-content/plugins/events-manager/classes/em-object.php on line 1829
[24-Oct-2025 19:17:12 UTC] PHP Deprecated:  str_replace(): Passing null to parameter #2 ($replace) of type array|string is deprecated in /home/mafwor5/public_html/test/wp-content/plugins/events-manager/classes/em-event.php on line 3339
[24-Oct-2025 20:55:47 UTC] PHP Deprecated:  preg_match(): Passing null to parameter #2 ($subject) of type string is deprecated in /home/mafwor5/public_html/test/wp-content/plugins/events-manager/classes/em-bookings.php on line 305
[24-Oct-2025 20:55:47 UTC] PHP Deprecated:  preg_match(): Passing null to parameter #2 ($subject) of type string is deprecated in /home/mafwor5/public_html/test/wp-content/plugins/events-manager/classes/em-bookings.php on line 305
[24-Oct-2025 20:55:47 UTC] PHP Deprecated:  preg_match(): Passing null to parameter #2 ($subject) of type string is deprecated in /home/mafwor5/public_html/test/wp-content/plugins/events-manager/classes/em-bookings.php on line 305
[24-Oct-2025 20:58:04 UTC] PHP Deprecated:  preg_match(): Passing null to parameter #2 ($subject) of type string is deprecated in /home/mafwor5/public_html/test/wp-content/plugins/events-manager/classes/em-bookings.php on line 305
[24-Oct-2025 21:00:56 UTC] PHP Notice:  Failed to parse plugin metadata. Try validating your .json file with http://jsonlint.com/ in /home/mafwor5/public_html/test/wp-content/plugins/loginizer-security/updater/plugin-update-checker.php on line 1043
[24-Oct-2025 21:02:44 UTC] PHP Deprecated:  preg_match(): Passing null to parameter #2 ($subject) of type string is deprecated in /home/mafwor5/public_html/test/wp-content/plugins/events-manager/classes/em-bookings.php on line 305
[24-Oct-2025 21:02:44 UTC] PHP Deprecated:  preg_match(): Passing null to parameter #2 ($subject) of type string is deprecated in /home/mafwor5/public_html/test/wp-content/plugins/events-manager/classes/em-bookings.php on line 305
[24-Oct-2025 21:02:44 UTC] PHP Deprecated:  preg_match(): Passing null to parameter #2 ($subject) of type string is deprecated in /home/mafwor5/public_html/test/wp-content/plugins/events-manager/classes/em-bookings.php on line 305
[25-Oct-2025 01:02:14 UTC] Automatic updates starting...
[25-Oct-2025 01:02:14 UTC] Automatic updates complete.
[25-Oct-2025 05:08:12 UTC] PHP Deprecated:  sprintf(): Passing null to parameter #1 ($format) of type string is deprecated in /home/mafwor5/public_html/test/wp-content/plugins/events-manager/admin/settings/tabs/formats.php on line 901
[25-Oct-2025 05:10:17 UTC] PHP Deprecated:  sprintf(): Passing null to parameter #1 ($format) of type string is deprecated in /home/mafwor5/public_html/test/wp-content/plugins/events-manager/admin/settings/tabs/formats.php on line 901
[25-Oct-2025 05:10:33 UTC] PHP Deprecated:  preg_match(): Passing null to parameter #2 ($subject) of type string is deprecated in /home/mafwor5/public_html/test/wp-content/plugins/events-manager/classes/em-bookings.php on line 305
[25-Oct-2025 05:10:33 UTC] PHP Deprecated:  preg_match(): Passing null to parameter #2 ($subject) of type string is deprecated in /home/mafwor5/public_html/test/wp-content/plugins/events-manager/classes/em-bookings.php on line 305
[25-Oct-2025 05:10:33 UTC] PHP Deprecated:  preg_match(): Passing null to parameter #2 ($subject) of type string is deprecated in /home/mafwor5/public_html/test/wp-content/plugins/events-manager/classes/em-bookings.php on line 305
[25-Oct-2025 05:13:05 UTC] PHP Deprecated:  preg_match(): Passing null to parameter #2 ($subject) of type string is deprecated in /home/mafwor5/public_html/test/wp-content/plugins/events-manager/classes/em-bookings.php on line 305
[25-Oct-2025 05:13:05 UTC] PHP Deprecated:  preg_match(): Passing null to parameter #2 ($subject) of type string is deprecated in /home/mafwor5/public_html/test/wp-content/plugins/events-manager/classes/em-bookings.php on line 305
[25-Oct-2025 05:13:05 UTC] PHP Deprecated:  preg_match(): Passing null to parameter #2 ($subject) of type string is deprecated in /home/mafwor5/public_html/test/wp-content/plugins/events-manager/classes/em-bookings.php on line 305
[25-Oct-2025 08:54:11 UTC] PHP Deprecated:  preg_match(): Passing null to parameter #2 ($subject) of type string is deprecated in /home/mafwor5/public_html/test/wp-content/plugins/events-manager/classes/em-bookings.php on line 305
[25-Oct-2025 08:54:11 UTC] PHP Deprecated:  preg_match(): Passing null to parameter #2 ($subject) of type string is deprecated in /home/mafwor5/public_html/test/wp-content/plugins/events-manager/classes/em-bookings.php on line 305
[25-Oct-2025 08:54:11 UTC] PHP Deprecated:  preg_match(): Passing null to parameter #2 ($subject) of type string is deprecated in /home/mafwor5/public_html/test/wp-content/plugins/events-manager/classes/em-bookings.php on line 305
[25-Oct-2025 19:50:57 UTC] Automatic updates starting...
[25-Oct-2025 19:50:57 UTC] Automatic updates complete.
[25-Oct-2025 19:51:04 UTC] PHP Deprecated:  preg_match(): Passing null to parameter #2 ($subject) of type string is deprecated in /home/mafwor5/public_html/test/wp-content/plugins/events-manager/classes/em-object.php on line 1829
[25-Oct-2025 19:51:04 UTC] PHP Deprecated:  str_contains(): Passing null to parameter #1 ($haystack) of type string is deprecated in /home/mafwor5/public_html/test/wp-includes/shortcodes.php on line 709
[25-Oct-2025 19:51:04 UTC] PHP Deprecated:  str_replace(): Passing null to parameter #3 ($subject) of type array|string is deprecated in /home/mafwor5/public_html/test/wp-content/plugins/events-manager/classes/em-object.php on line 1836
[25-Oct-2025 19:51:04 UTC] PHP Deprecated:  preg_match(): Passing null to parameter #2 ($subject) of type string is deprecated in /home/mafwor5/public_html/test/wp-content/plugins/events-manager/classes/em-object.php on line 1829
[25-Oct-2025 19:51:04 UTC] PHP Deprecated:  str_contains(): Passing null to parameter #1 ($haystack) of type string is deprecated in /home/mafwor5/public_html/test/wp-includes/shortcodes.php on line 709
[25-Oct-2025 19:51:04 UTC] PHP Deprecated:  str_replace(): Passing null to parameter #3 ($subject) of type array|string is deprecated in /home/mafwor5/public_html/test/wp-content/plugins/events-manager/classes/em-object.php on line 1836
[25-Oct-2025 20:38:58 UTC] PHP Deprecated:  date_create(): Passing null to parameter #1 ($datetime) of type string is deprecated in /home/mafwor5/public_html/test/wp-includes/formatting.php on line 3672
[25-Oct-2025 20:38:58 UTC] PHP Deprecated:  preg_match(): Passing null to parameter #2 ($subject) of type string is deprecated in /home/mafwor5/public_html/test/wp-content/plugins/events-manager/classes/em-object.php on line 1829
[25-Oct-2025 20:38:58 UTC] PHP Deprecated:  str_replace(): Passing null to parameter #2 ($replace) of type array|string is deprecated in /home/mafwor5/public_html/test/wp-content/plugins/events-manager/classes/em-event.php on line 3339
[25-Oct-2025 20:38:58 UTC] PHP Deprecated:  date_create(): Passing null to parameter #1 ($datetime) of type string is deprecated in /home/mafwor5/public_html/test/wp-includes/formatting.php on line 3672
[25-Oct-2025 20:38:58 UTC] PHP Deprecated:  preg_match(): Passing null to parameter #2 ($subject) of type string is deprecated in /home/mafwor5/public_html/test/wp-content/plugins/events-manager/classes/em-object.php on line 1829
[25-Oct-2025 20:38:58 UTC] PHP Deprecated:  str_replace(): Passing null to parameter #2 ($replace) of type array|string is deprecated in /home/mafwor5/public_html/test/wp-content/plugins/events-manager/classes/em-event.php on line 3339
[25-Oct-2025 23:27:00 UTC] Automatic updates starting...
[25-Oct-2025 23:27:00 UTC] Automatic updates complete.
[26-Oct-2025 00:21:30 UTC] PHP Deprecated:  date_create(): Passing null to parameter #1 ($datetime) of type string is deprecated in /home/mafwor5/public_html/test/wp-includes/formatting.php on line 3672
[26-Oct-2025 00:21:30 UTC] PHP Deprecated:  preg_match(): Passing null to parameter #2 ($subject) of type string is deprecated in /home/mafwor5/public_html/test/wp-content/plugins/events-manager/classes/em-object.php on line 1829
[26-Oct-2025 00:21:30 UTC] PHP Deprecated:  str_replace(): Passing null to parameter #2 ($replace) of type array|string is deprecated in /home/mafwor5/public_html/test/wp-content/plugins/events-manager/classes/em-event.php on line 3339
[26-Oct-2025 00:21:30 UTC] PHP Deprecated:  date_create(): Passing null to parameter #1 ($datetime) of type string is deprecated in /home/mafwor5/public_html/test/wp-includes/formatting.php on line 3672
[26-Oct-2025 00:21:30 UTC] PHP Deprecated:  preg_match(): Passing null to parameter #2 ($subject) of type string is deprecated in /home/mafwor5/public_html/test/wp-content/plugins/events-manager/classes/em-object.php on line 1829
[26-Oct-2025 00:21:30 UTC] PHP Deprecated:  str_replace(): Passing null to parameter #2 ($replace) of type array|string is deprecated in /home/mafwor5/public_html/test/wp-content/plugins/events-manager/classes/em-event.php on line 3339
[26-Oct-2025 09:15:08 UTC] PHP Deprecated:  explode(): Passing null to parameter #2 ($string) of type string is deprecated in /home/mafwor5/public_html/test/wp-content/plugins/events-manager/classes/em-event.php on line 3424
[26-Oct-2025 09:15:08 UTC] PHP Deprecated:  explode(): Passing null to parameter #2 ($string) of type string is deprecated in /home/mafwor5/public_html/test/wp-content/plugins/events-manager/classes/em-event.php on line 3424
[26-Oct-2025 09:15:08 UTC] PHP Deprecated:  explode(): Passing null to parameter #2 ($string) of type string is deprecated in /home/mafwor5/public_html/test/wp-content/plugins/events-manager/classes/em-event.php on line 3424
[26-Oct-2025 09:15:08 UTC] PHP Deprecated:  str_contains(): Passing null to parameter #1 ($haystack) of type string is deprecated in /home/mafwor5/public_html/test/wp-includes/shortcodes.php on line 246
[26-Oct-2025 09:15:08 UTC] PHP Deprecated:  preg_split(): Passing null to parameter #2 ($subject) of type string is deprecated in /home/mafwor5/public_html/test/wp-includes/formatting.php on line 616
[26-Oct-2025 09:15:08 UTC] PHP Deprecated:  preg_match(): Passing null to parameter #2 ($subject) of type string is deprecated in /home/mafwor5/public_html/test/wp-includes/class-wp-embed.php on line 446
[26-Oct-2025 09:15:08 UTC] PHP Deprecated:  str_replace(): Passing null to parameter #3 ($subject) of type array|string is deprecated in /home/mafwor5/public_html/test/wp-includes/class-wp-embed.php on line 454
[26-Oct-2025 15:31:06 UTC] Automatic updates starting...
[26-Oct-2025 15:31:06 UTC] Automatic updates complete.
[26-Oct-2025 15:31:07 UTC] PHP Deprecated:  preg_match(): Passing null to parameter #2 ($subject) of type string is deprecated in /home/mafwor5/public_html/test/wp-content/plugins/events-manager/classes/em-bookings.php on line 305
[26-Oct-2025 15:31:07 UTC] PHP Deprecated:  preg_match(): Passing null to parameter #2 ($subject) of type string is deprecated in /home/mafwor5/public_html/test/wp-content/plugins/events-manager/classes/em-bookings.php on line 305
[26-Oct-2025 15:31:07 UTC] PHP Deprecated:  preg_match(): Passing null to parameter #2 ($subject) of type string is deprecated in /home/mafwor5/public_html/test/wp-content/plugins/events-manager/classes/em-bookings.php on line 305
[26-Oct-2025 15:31:17 UTC] PHP Warning:  The URL https://s1.softaculous.com/a/loginizer//updates.php?version=2.0.3&checking_for_updates=1&installed_version=2.0.3&license=SOFTWP-41226-74802-29736-95673&url=https%3A%2F%2Fmafw.org%2Ftest does not point to a valid plugin metadata file. WP HTTP Error: cURL error 28: Operation timed out after 10000 milliseconds with 0 bytes received in /home/mafwor5/public_html/test/wp-content/plugins/loginizer-security/updater/plugin-update-checker.php on line 985
[27-Oct-2025 01:04:15 UTC] Automatic updates starting...
[27-Oct-2025 01:04:15 UTC] Automatic updates complete.
[27-Oct-2025 01:04:23 UTC] PHP Notice:  Failed to parse plugin metadata. Try validating your .json file with http://jsonlint.com/ in /home/mafwor5/public_html/test/wp-content/plugins/loginizer-security/updater/plugin-update-checker.php on line 1043
[27-Oct-2025 05:32:19 UTC] PHP Deprecated:  preg_match(): Passing null to parameter #2 ($subject) of type string is deprecated in /home/mafwor5/public_html/test/wp-content/plugins/events-manager/classes/em-object.php on line 1829
[27-Oct-2025 05:32:19 UTC] PHP Deprecated:  str_contains(): Passing null to parameter #1 ($haystack) of type string is deprecated in /home/mafwor5/public_html/test/wp-includes/shortcodes.php on line 709
[27-Oct-2025 05:32:19 UTC] PHP Deprecated:  str_replace(): Passing null to parameter #3 ($subject) of type array|string is deprecated in /home/mafwor5/public_html/test/wp-content/plugins/events-manager/classes/em-object.php on line 1836
[27-Oct-2025 05:32:19 UTC] PHP Deprecated:  preg_match(): Passing null to parameter #2 ($subject) of type string is deprecated in /home/mafwor5/public_html/test/wp-content/plugins/events-manager/classes/em-object.php on line 1829
[27-Oct-2025 05:32:19 UTC] PHP Deprecated:  str_contains(): Passing null to parameter #1 ($haystack) of type string is deprecated in /home/mafwor5/public_html/test/wp-includes/shortcodes.php on line 709
[27-Oct-2025 05:32:19 UTC] PHP Deprecated:  str_replace(): Passing null to parameter #3 ($subject) of type array|string is deprecated in /home/mafwor5/public_html/test/wp-content/plugins/events-manager/classes/em-object.php on line 1836
[27-Oct-2025 08:19:27 UTC] PHP Deprecated:  preg_match(): Passing null to parameter #2 ($subject) of type string is deprecated in /home/mafwor5/public_html/test/wp-content/plugins/events-manager/classes/em-object.php on line 1829
[27-Oct-2025 08:19:27 UTC] PHP Deprecated:  str_contains(): Passing null to parameter #1 ($haystack) of type string is deprecated in /home/mafwor5/public_html/test/wp-includes/shortcodes.php on line 709
[27-Oct-2025 08:19:27 UTC] PHP Deprecated:  str_replace(): Passing null to parameter #3 ($subject) of type array|string is deprecated in /home/mafwor5/public_html/test/wp-content/plugins/events-manager/classes/em-object.php on line 1836
[27-Oct-2025 08:19:27 UTC] PHP Deprecated:  preg_match(): Passing null to parameter #2 ($subject) of type string is deprecated in /home/mafwor5/public_html/test/wp-content/plugins/events-manager/classes/em-object.php on line 1829
[27-Oct-2025 08:19:27 UTC] PHP Deprecated:  str_contains(): Passing null to parameter #1 ($haystack) of type string is deprecated in /home/mafwor5/public_html/test/wp-includes/shortcodes.php on line 709
[27-Oct-2025 08:19:27 UTC] PHP Deprecated:  str_replace(): Passing null to parameter #3 ($subject) of type array|string is deprecated in /home/mafwor5/public_html/test/wp-content/plugins/events-manager/classes/em-object.php on line 1836
[27-Oct-2025 13:30:57 UTC] Automatic updates starting...
[27-Oct-2025 13:30:57 UTC] Automatic updates complete.
[27-Oct-2025 13:30:58 UTC] PHP Deprecated:  preg_match(): Passing null to parameter #2 ($subject) of type string is deprecated in /home/mafwor5/public_html/test/wp-content/plugins/events-manager/classes/em-object.php on line 1829
[27-Oct-2025 13:30:58 UTC] PHP Deprecated:  str_contains(): Passing null to parameter #1 ($haystack) of type string is deprecated in /home/mafwor5/public_html/test/wp-includes/shortcodes.php on line 709
[27-Oct-2025 13:30:58 UTC] PHP Deprecated:  str_replace(): Passing null to parameter #3 ($subject) of type array|string is deprecated in /home/mafwor5/public_html/test/wp-content/plugins/events-manager/classes/em-object.php on line 1836
[27-Oct-2025 13:30:58 UTC] PHP Deprecated:  preg_match(): Passing null to parameter #2 ($subject) of type string is deprecated in /home/mafwor5/public_html/test/wp-content/plugins/events-manager/classes/em-object.php on line 1829
[27-Oct-2025 13:30:58 UTC] PHP Deprecated:  str_contains(): Passing null to parameter #1 ($haystack) of type string is deprecated in /home/mafwor5/public_html/test/wp-includes/shortcodes.php on line 709
[27-Oct-2025 13:30:58 UTC] PHP Deprecated:  str_replace(): Passing null to parameter #3 ($subject) of type array|string is deprecated in /home/mafwor5/public_html/test/wp-content/plugins/events-manager/classes/em-object.php on line 1836
[27-Oct-2025 13:49:02 UTC] PHP Deprecated:  date_create(): Passing null to parameter #1 ($datetime) of type string is deprecated in /home/mafwor5/public_html/test/wp-includes/formatting.php on line 3672
[27-Oct-2025 13:49:02 UTC] PHP Deprecated:  preg_match(): Passing null to parameter #2 ($subject) of type string is deprecated in /home/mafwor5/public_html/test/wp-content/plugins/events-manager/classes/em-object.php on line 1829
[27-Oct-2025 13:49:02 UTC] PHP Deprecated:  str_replace(): Passing null to parameter #2 ($replace) of type array|string is deprecated in /home/mafwor5/public_html/test/wp-content/plugins/events-manager/classes/em-event.php on line 3339
[27-Oct-2025 13:49:02 UTC] PHP Deprecated:  date_create(): Passing null to parameter #1 ($datetime) of type string is deprecated in /home/mafwor5/public_html/test/wp-includes/formatting.php on line 3672
[27-Oct-2025 13:49:02 UTC] PHP Deprecated:  preg_match(): Passing null to parameter #2 ($subject) of type string is deprecated in /home/mafwor5/public_html/test/wp-content/plugins/events-manager/classes/em-object.php on line 1829
[27-Oct-2025 13:49:02 UTC] PHP Deprecated:  str_replace(): Passing null to parameter #2 ($replace) of type array|string is deprecated in /home/mafwor5/public_html/test/wp-content/plugins/events-manager/classes/em-event.php on line 3339
[27-Oct-2025 15:03:23 UTC] PHP Deprecated:  preg_match(): Passing null to parameter #2 ($subject) of type string is deprecated in /home/mafwor5/public_html/test/wp-content/plugins/events-manager/classes/em-object.php on line 1829
[27-Oct-2025 15:03:23 UTC] PHP Deprecated:  str_contains(): Passing null to parameter #1 ($haystack) of type string is deprecated in /home/mafwor5/public_html/test/wp-includes/shortcodes.php on line 709
[27-Oct-2025 15:03:23 UTC] PHP Deprecated:  str_replace(): Passing null to parameter #3 ($subject) of type array|string is deprecated in /home/mafwor5/public_html/test/wp-content/plugins/events-manager/classes/em-object.php on line 1836
[27-Oct-2025 15:03:23 UTC] PHP Deprecated:  preg_match(): Passing null to parameter #2 ($subject) of type string is deprecated in /home/mafwor5/public_html/test/wp-content/plugins/events-manager/classes/em-object.php on line 1829
[27-Oct-2025 15:03:23 UTC] PHP Deprecated:  str_contains(): Passing null to parameter #1 ($haystack) of type string is deprecated in /home/mafwor5/public_html/test/wp-includes/shortcodes.php on line 709
[27-Oct-2025 15:03:23 UTC] PHP Deprecated:  str_replace(): Passing null to parameter #3 ($subject) of type array|string is deprecated in /home/mafwor5/public_html/test/wp-content/plugins/events-manager/classes/em-object.php on line 1836
[27-Oct-2025 22:49:21 UTC] Automatic updates starting...
[27-Oct-2025 22:49:21 UTC] Automatic updates complete.
[27-Oct-2025 23:33:56 UTC] PHP Deprecated:  date_create(): Passing null to parameter #1 ($datetime) of type string is deprecated in /home/mafwor5/public_html/test/wp-includes/formatting.php on line 3672
[27-Oct-2025 23:33:56 UTC] PHP Deprecated:  preg_match(): Passing null to parameter #2 ($subject) of type string is deprecated in /home/mafwor5/public_html/test/wp-content/plugins/events-manager/classes/em-object.php on line 1829
[27-Oct-2025 23:33:56 UTC] PHP Deprecated:  str_replace(): Passing null to parameter #2 ($replace) of type array|string is deprecated in /home/mafwor5/public_html/test/wp-content/plugins/events-manager/classes/em-event.php on line 3339
[27-Oct-2025 23:33:56 UTC] PHP Deprecated:  date_create(): Passing null to parameter #1 ($datetime) of type string is deprecated in /home/mafwor5/public_html/test/wp-includes/formatting.php on line 3672
[27-Oct-2025 23:33:56 UTC] PHP Deprecated:  preg_match(): Passing null to parameter #2 ($subject) of type string is deprecated in /home/mafwor5/public_html/test/wp-content/plugins/events-manager/classes/em-object.php on line 1829
[27-Oct-2025 23:33:56 UTC] PHP Deprecated:  str_replace(): Passing null to parameter #2 ($replace) of type array|string is deprecated in /home/mafwor5/public_html/test/wp-content/plugins/events-manager/classes/em-event.php on line 3339
[28-Oct-2025 00:17:05 UTC] PHP Deprecated:  preg_match(): Passing null to parameter #2 ($subject) of type string is deprecated in /home/mafwor5/public_html/test/wp-includes/post.php on line 1052
[28-Oct-2025 00:17:05 UTC] PHP Deprecated:  preg_replace(): Passing null to parameter #3 ($subject) of type array|string is deprecated in /home/mafwor5/public_html/test/wp-includes/post.php on line 1062
[28-Oct-2025 00:17:05 UTC] PHP Deprecated:  preg_match(): Passing null to parameter #2 ($subject) of type string is deprecated in /home/mafwor5/public_html/test/wp-includes/post.php on line 1052
[28-Oct-2025 00:17:05 UTC] PHP Deprecated:  preg_replace(): Passing null to parameter #3 ($subject) of type array|string is deprecated in /home/mafwor5/public_html/test/wp-includes/post.php on line 1062
[28-Oct-2025 01:32:20 UTC] PHP Deprecated:  date_create(): Passing null to parameter #1 ($datetime) of type string is deprecated in /home/mafwor5/public_html/test/wp-includes/formatting.php on line 3672
[28-Oct-2025 01:32:20 UTC] PHP Deprecated:  preg_match(): Passing null to parameter #2 ($subject) of type string is deprecated in /home/mafwor5/public_html/test/wp-content/plugins/events-manager/classes/em-object.php on line 1829
[28-Oct-2025 01:32:20 UTC] PHP Deprecated:  str_replace(): Passing null to parameter #2 ($replace) of type array|string is deprecated in /home/mafwor5/public_html/test/wp-content/plugins/events-manager/classes/em-event.php on line 3339
[28-Oct-2025 01:32:20 UTC] PHP Deprecated:  date_create(): Passing null to parameter #1 ($datetime) of type string is deprecated in /home/mafwor5/public_html/test/wp-includes/formatting.php on line 3672
[28-Oct-2025 01:32:20 UTC] PHP Deprecated:  preg_match(): Passing null to parameter #2 ($subject) of type string is deprecated in /home/mafwor5/public_html/test/wp-content/plugins/events-manager/classes/em-object.php on line 1829
[28-Oct-2025 01:32:20 UTC] PHP Deprecated:  str_replace(): Passing null to parameter #2 ($replace) of type array|string is deprecated in /home/mafwor5/public_html/test/wp-content/plugins/events-manager/classes/em-event.php on line 3339
[28-Oct-2025 05:55:49 UTC] PHP Deprecated:  preg_match(): Passing null to parameter #2 ($subject) of type string is deprecated in /home/mafwor5/public_html/test/wp-content/plugins/events-manager/classes/em-object.php on line 1829
[28-Oct-2025 05:55:49 UTC] PHP Deprecated:  str_contains(): Passing null to parameter #1 ($haystack) of type string is deprecated in /home/mafwor5/public_html/test/wp-includes/shortcodes.php on line 709
[28-Oct-2025 05:55:49 UTC] PHP Deprecated:  str_replace(): Passing null to parameter #3 ($subject) of type array|string is deprecated in /home/mafwor5/public_html/test/wp-content/plugins/events-manager/classes/em-object.php on line 1836
[28-Oct-2025 05:55:49 UTC] PHP Deprecated:  preg_match(): Passing null to parameter #2 ($subject) of type string is deprecated in /home/mafwor5/public_html/test/wp-content/plugins/events-manager/classes/em-object.php on line 1829
[28-Oct-2025 05:55:49 UTC] PHP Deprecated:  str_contains(): Passing null to parameter #1 ($haystack) of type string is deprecated in /home/mafwor5/public_html/test/wp-includes/shortcodes.php on line 709
[28-Oct-2025 05:55:49 UTC] PHP Deprecated:  str_replace(): Passing null to parameter #3 ($subject) of type array|string is deprecated in /home/mafwor5/public_html/test/wp-content/plugins/events-manager/classes/em-object.php on line 1836
[28-Oct-2025 13:49:33 UTC] Automatic updates starting...
[28-Oct-2025 13:49:33 UTC] Automatic updates complete.
[28-Oct-2025 17:20:20 UTC] PHP Deprecated:  preg_match(): Passing null to parameter #2 ($subject) of type string is deprecated in /home/mafwor5/public_html/test/wp-includes/post.php on line 1052
[28-Oct-2025 17:20:20 UTC] PHP Deprecated:  preg_replace(): Passing null to parameter #3 ($subject) of type array|string is deprecated in /home/mafwor5/public_html/test/wp-includes/post.php on line 1062
[28-Oct-2025 17:20:20 UTC] PHP Deprecated:  preg_match(): Passing null to parameter #2 ($subject) of type string is deprecated in /home/mafwor5/public_html/test/wp-includes/post.php on line 1052
[28-Oct-2025 17:20:20 UTC] PHP Deprecated:  preg_replace(): Passing null to parameter #3 ($subject) of type array|string is deprecated in /home/mafwor5/public_html/test/wp-includes/post.php on line 1062
[28-Oct-2025 23:30:51 UTC] PHP Deprecated:  date_create(): Passing null to parameter #1 ($datetime) of type string is deprecated in /home/mafwor5/public_html/test/wp-includes/formatting.php on line 3672
[28-Oct-2025 23:30:51 UTC] PHP Deprecated:  preg_match(): Passing null to parameter #2 ($subject) of type string is deprecated in /home/mafwor5/public_html/test/wp-content/plugins/events-manager/classes/em-object.php on line 1829
[28-Oct-2025 23:30:51 UTC] PHP Deprecated:  str_replace(): Passing null to parameter #2 ($replace) of type array|string is deprecated in /home/mafwor5/public_html/test/wp-content/plugins/events-manager/classes/em-event.php on line 3339
[28-Oct-2025 23:30:51 UTC] PHP Deprecated:  date_create(): Passing null to parameter #1 ($datetime) of type string is deprecated in /home/mafwor5/public_html/test/wp-includes/formatting.php on line 3672
[28-Oct-2025 23:30:51 UTC] PHP Deprecated:  preg_match(): Passing null to parameter #2 ($subject) of type string is deprecated in /home/mafwor5/public_html/test/wp-content/plugins/events-manager/classes/em-object.php on line 1829
[28-Oct-2025 23:30:51 UTC] PHP Deprecated:  str_replace(): Passing null to parameter #2 ($replace) of type array|string is deprecated in /home/mafwor5/public_html/test/wp-content/plugins/events-manager/classes/em-event.php on line 3339
[28-Oct-2025 23:30:52 UTC] Automatic updates starting...
[28-Oct-2025 23:30:52 UTC] Automatic updates complete.
[29-Oct-2025 06:55:36 UTC] PHP Deprecated:  date_create(): Passing null to parameter #1 ($datetime) of type string is deprecated in /home/mafwor5/public_html/test/wp-includes/formatting.php on line 3672
[29-Oct-2025 06:55:36 UTC] PHP Deprecated:  preg_match(): Passing null to parameter #2 ($subject) of type string is deprecated in /home/mafwor5/public_html/test/wp-content/plugins/events-manager/classes/em-object.php on line 1829
[29-Oct-2025 06:55:36 UTC] PHP Deprecated:  str_replace(): Passing null to parameter #2 ($replace) of type array|string is deprecated in /home/mafwor5/public_html/test/wp-content/plugins/events-manager/classes/em-event.php on line 3339
[29-Oct-2025 06:55:36 UTC] PHP Deprecated:  date_create(): Passing null to parameter #1 ($datetime) of type string is deprecated in /home/mafwor5/public_html/test/wp-includes/formatting.php on line 3672
[29-Oct-2025 06:55:36 UTC] PHP Deprecated:  preg_match(): Passing null to parameter #2 ($subject) of type string is deprecated in /home/mafwor5/public_html/test/wp-content/plugins/events-manager/classes/em-object.php on line 1829
[29-Oct-2025 06:55:36 UTC] PHP Deprecated:  str_replace(): Passing null to parameter #2 ($replace) of type array|string is deprecated in /home/mafwor5/public_html/test/wp-content/plugins/events-manager/classes/em-event.php on line 3339
[29-Oct-2025 13:23:19 UTC] Automatic updates starting...
[29-Oct-2025 13:23:19 UTC] Automatic updates complete.
[29-Oct-2025 14:43:19 UTC] PHP Deprecated:  preg_match(): Passing null to parameter #2 ($subject) of type string is deprecated in /home/mafwor5/public_html/test/wp-includes/post.php on line 1052
[29-Oct-2025 14:43:19 UTC] PHP Deprecated:  preg_replace(): Passing null to parameter #3 ($subject) of type array|string is deprecated in /home/mafwor5/public_html/test/wp-includes/post.php on line 1062
[29-Oct-2025 16:19:28 UTC] PHP Deprecated:  preg_match(): Passing null to parameter #2 ($subject) of type string is deprecated in /home/mafwor5/public_html/test/wp-content/plugins/events-manager/classes/em-object.php on line 1829
[29-Oct-2025 16:19:28 UTC] PHP Deprecated:  str_contains(): Passing null to parameter #1 ($haystack) of type string is deprecated in /home/mafwor5/public_html/test/wp-includes/shortcodes.php on line 709
[29-Oct-2025 16:19:28 UTC] PHP Deprecated:  str_replace(): Passing null to parameter #3 ($subject) of type array|string is deprecated in /home/mafwor5/public_html/test/wp-content/plugins/events-manager/classes/em-object.php on line 1836
[29-Oct-2025 16:19:28 UTC] PHP Deprecated:  preg_match(): Passing null to parameter #2 ($subject) of type string is deprecated in /home/mafwor5/public_html/test/wp-content/plugins/events-manager/classes/em-object.php on line 1829
[29-Oct-2025 16:19:28 UTC] PHP Deprecated:  str_contains(): Passing null to parameter #1 ($haystack) of type string is deprecated in /home/mafwor5/public_html/test/wp-includes/shortcodes.php on line 709
[29-Oct-2025 16:19:28 UTC] PHP Deprecated:  str_replace(): Passing null to parameter #3 ($subject) of type array|string is deprecated in /home/mafwor5/public_html/test/wp-content/plugins/events-manager/classes/em-object.php on line 1836
[30-Oct-2025 04:53:45 UTC] PHP Deprecated:  preg_match(): Passing null to parameter #2 ($subject) of type string is deprecated in /home/mafwor5/public_html/test/wp-content/plugins/events-manager/classes/em-object.php on line 1829
[30-Oct-2025 04:53:45 UTC] PHP Deprecated:  str_contains(): Passing null to parameter #1 ($haystack) of type string is deprecated in /home/mafwor5/public_html/test/wp-includes/shortcodes.php on line 709
[30-Oct-2025 04:53:45 UTC] PHP Deprecated:  str_replace(): Passing null to parameter #3 ($subject) of type array|string is deprecated in /home/mafwor5/public_html/test/wp-content/plugins/events-manager/classes/em-object.php on line 1836
[30-Oct-2025 04:53:45 UTC] PHP Deprecated:  preg_match(): Passing null to parameter #2 ($subject) of type string is deprecated in /home/mafwor5/public_html/test/wp-content/plugins/events-manager/classes/em-object.php on line 1829
[30-Oct-2025 04:53:45 UTC] PHP Deprecated:  str_contains(): Passing null to parameter #1 ($haystack) of type string is deprecated in /home/mafwor5/public_html/test/wp-includes/shortcodes.php on line 709
[30-Oct-2025 04:53:45 UTC] PHP Deprecated:  str_replace(): Passing null to parameter #3 ($subject) of type array|string is deprecated in /home/mafwor5/public_html/test/wp-content/plugins/events-manager/classes/em-object.php on line 1836
[30-Oct-2025 04:53:47 UTC] PHP Deprecated:  preg_match(): Passing null to parameter #2 ($subject) of type string is deprecated in /home/mafwor5/public_html/test/wp-content/plugins/events-manager/classes/em-object.php on line 1829
[30-Oct-2025 04:53:47 UTC] PHP Deprecated:  str_contains(): Passing null to parameter #1 ($haystack) of type string is deprecated in /home/mafwor5/public_html/test/wp-includes/shortcodes.php on line 709
[30-Oct-2025 04:53:47 UTC] PHP Deprecated:  str_replace(): Passing null to parameter #3 ($subject) of type array|string is deprecated in /home/mafwor5/public_html/test/wp-content/plugins/events-manager/classes/em-object.php on line 1836
[30-Oct-2025 04:53:47 UTC] PHP Deprecated:  preg_match(): Passing null to parameter #2 ($subject) of type string is deprecated in /home/mafwor5/public_html/test/wp-content/plugins/events-manager/classes/em-object.php on line 1829
[30-Oct-2025 04:53:47 UTC] PHP Deprecated:  str_contains(): Passing null to parameter #1 ($haystack) of type string is deprecated in /home/mafwor5/public_html/test/wp-includes/shortcodes.php on line 709
[30-Oct-2025 04:53:47 UTC] PHP Deprecated:  str_replace(): Passing null to parameter #3 ($subject) of type array|string is deprecated in /home/mafwor5/public_html/test/wp-content/plugins/events-manager/classes/em-object.php on line 1836
[30-Oct-2025 04:53:50 UTC] PHP Deprecated:  preg_match(): Passing null to parameter #2 ($subject) of type string is deprecated in /home/mafwor5/public_html/test/wp-content/plugins/events-manager/classes/em-object.php on line 1829
[30-Oct-2025 04:53:50 UTC] PHP Deprecated:  str_contains(): Passing null to parameter #1 ($haystack) of type string is deprecated in /home/mafwor5/public_html/test/wp-includes/shortcodes.php on line 709
[30-Oct-2025 04:53:50 UTC] PHP Deprecated:  str_replace(): Passing null to parameter #3 ($subject) of type array|string is deprecated in /home/mafwor5/public_html/test/wp-content/plugins/events-manager/classes/em-object.php on line 1836
[30-Oct-2025 04:53:50 UTC] PHP Deprecated:  preg_match(): Passing null to parameter #2 ($subject) of type string is deprecated in /home/mafwor5/public_html/test/wp-content/plugins/events-manager/classes/em-object.php on line 1829
[30-Oct-2025 04:53:50 UTC] PHP Deprecated:  str_contains(): Passing null to parameter #1 ($haystack) of type string is deprecated in /home/mafwor5/public_html/test/wp-includes/shortcodes.php on line 709
[30-Oct-2025 04:53:50 UTC] PHP Deprecated:  str_replace(): Passing null to parameter #3 ($subject) of type array|string is deprecated in /home/mafwor5/public_html/test/wp-content/plugins/events-manager/classes/em-object.php on line 1836
[30-Oct-2025 04:53:51 UTC] PHP Deprecated:  preg_match(): Passing null to parameter #2 ($subject) of type string is deprecated in /home/mafwor5/public_html/test/wp-content/plugins/events-manager/classes/em-object.php on line 1829
[30-Oct-2025 04:53:51 UTC] PHP Deprecated:  str_contains(): Passing null to parameter #1 ($haystack) of type string is deprecated in /home/mafwor5/public_html/test/wp-includes/shortcodes.php on line 709
[30-Oct-2025 04:53:51 UTC] PHP Deprecated:  str_replace(): Passing null to parameter #3 ($subject) of type array|string is deprecated in /home/mafwor5/public_html/test/wp-content/plugins/events-manager/classes/em-object.php on line 1836
[30-Oct-2025 04:53:51 UTC] PHP Deprecated:  preg_match(): Passing null to parameter #2 ($subject) of type string is deprecated in /home/mafwor5/public_html/test/wp-content/plugins/events-manager/classes/em-object.php on line 1829
[30-Oct-2025 04:53:51 UTC] PHP Deprecated:  str_contains(): Passing null to parameter #1 ($haystack) of type string is deprecated in /home/mafwor5/public_html/test/wp-includes/shortcodes.php on line 709
[30-Oct-2025 04:53:51 UTC] PHP Deprecated:  str_replace(): Passing null to parameter #3 ($subject) of type array|string is deprecated in /home/mafwor5/public_html/test/wp-content/plugins/events-manager/classes/em-object.php on line 1836
[30-Oct-2025 04:53:53 UTC] Automatic updates starting...
[30-Oct-2025 04:53:53 UTC] Automatic updates complete.
[30-Oct-2025 09:21:23 UTC] PHP Deprecated:  preg_match(): Passing null to parameter #2 ($subject) of type string is deprecated in /home/mafwor5/public_html/test/wp-content/plugins/events-manager/classes/em-object.php on line 1829
[30-Oct-2025 09:21:23 UTC] PHP Deprecated:  str_contains(): Passing null to parameter #1 ($haystack) of type string is deprecated in /home/mafwor5/public_html/test/wp-includes/shortcodes.php on line 709
[30-Oct-2025 09:21:23 UTC] PHP Deprecated:  str_replace(): Passing null to parameter #3 ($subject) of type array|string is deprecated in /home/mafwor5/public_html/test/wp-content/plugins/events-manager/classes/em-object.php on line 1836
[30-Oct-2025 09:21:23 UTC] PHP Deprecated:  preg_match(): Passing null to parameter #2 ($subject) of type string is deprecated in /home/mafwor5/public_html/test/wp-content/plugins/events-manager/classes/em-object.php on line 1829
[30-Oct-2025 09:21:23 UTC] PHP Deprecated:  str_contains(): Passing null to parameter #1 ($haystack) of type string is deprecated in /home/mafwor5/public_html/test/wp-includes/shortcodes.php on line 709
[30-Oct-2025 09:21:23 UTC] PHP Deprecated:  str_replace(): Passing null to parameter #3 ($subject) of type array|string is deprecated in /home/mafwor5/public_html/test/wp-content/plugins/events-manager/classes/em-object.php on line 1836
[30-Oct-2025 09:21:54 UTC] PHP Deprecated:  preg_match(): Passing null to parameter #2 ($subject) of type string is deprecated in /home/mafwor5/public_html/test/wp-content/plugins/events-manager/classes/em-object.php on line 1829
[30-Oct-2025 09:21:54 UTC] PHP Deprecated:  str_contains(): Passing null to parameter #1 ($haystack) of type string is deprecated in /home/mafwor5/public_html/test/wp-includes/shortcodes.php on line 709
[30-Oct-2025 09:21:54 UTC] PHP Deprecated:  str_replace(): Passing null to parameter #3 ($subject) of type array|string is deprecated in /home/mafwor5/public_html/test/wp-content/plugins/events-manager/classes/em-object.php on line 1836
[30-Oct-2025 09:21:54 UTC] PHP Deprecated:  preg_match(): Passing null to parameter #2 ($subject) of type string is deprecated in /home/mafwor5/public_html/test/wp-content/plugins/events-manager/classes/em-object.php on line 1829
[30-Oct-2025 09:21:54 UTC] PHP Deprecated:  str_contains(): Passing null to parameter #1 ($haystack) of type string is deprecated in /home/mafwor5/public_html/test/wp-includes/shortcodes.php on line 709
[30-Oct-2025 09:21:54 UTC] PHP Deprecated:  str_replace(): Passing null to parameter #3 ($subject) of type array|string is deprecated in /home/mafwor5/public_html/test/wp-content/plugins/events-manager/classes/em-object.php on line 1836
[30-Oct-2025 09:21:59 UTC] PHP Deprecated:  preg_match(): Passing null to parameter #2 ($subject) of type string is deprecated in /home/mafwor5/public_html/test/wp-content/plugins/events-manager/classes/em-object.php on line 1829
[30-Oct-2025 09:21:59 UTC] PHP Deprecated:  str_contains(): Passing null to parameter #1 ($haystack) of type string is deprecated in /home/mafwor5/public_html/test/wp-includes/shortcodes.php on line 709
[30-Oct-2025 09:21:59 UTC] PHP Deprecated:  str_replace(): Passing null to parameter #3 ($subject) of type array|string is deprecated in /home/mafwor5/public_html/test/wp-content/plugins/events-manager/classes/em-object.php on line 1836
[30-Oct-2025 09:21:59 UTC] PHP Deprecated:  preg_match(): Passing null to parameter #2 ($subject) of type string is deprecated in /home/mafwor5/public_html/test/wp-content/plugins/events-manager/classes/em-object.php on line 1829
[30-Oct-2025 09:21:59 UTC] PHP Deprecated:  str_contains(): Passing null to parameter #1 ($haystack) of type string is deprecated in /home/mafwor5/public_html/test/wp-includes/shortcodes.php on line 709
[30-Oct-2025 09:21:59 UTC] PHP Deprecated:  str_replace(): Passing null to parameter #3 ($subject) of type array|string is deprecated in /home/mafwor5/public_html/test/wp-content/plugins/events-manager/classes/em-object.php on line 1836
[30-Oct-2025 09:22:00 UTC] PHP Deprecated:  preg_match(): Passing null to parameter #2 ($subject) of type string is deprecated in /home/mafwor5/public_html/test/wp-content/plugins/events-manager/classes/em-object.php on line 1829
[30-Oct-2025 09:22:00 UTC] PHP Deprecated:  str_contains(): Passing null to parameter #1 ($haystack) of type string is deprecated in /home/mafwor5/public_html/test/wp-includes/shortcodes.php on line 709
[30-Oct-2025 09:22:00 UTC] PHP Deprecated:  str_replace(): Passing null to parameter #3 ($subject) of type array|string is deprecated in /home/mafwor5/public_html/test/wp-content/plugins/events-manager/classes/em-object.php on line 1836
[30-Oct-2025 09:22:00 UTC] PHP Deprecated:  preg_match(): Passing null to parameter #2 ($subject) of type string is deprecated in /home/mafwor5/public_html/test/wp-content/plugins/events-manager/classes/em-object.php on line 1829
[30-Oct-2025 09:22:00 UTC] PHP Deprecated:  str_contains(): Passing null to parameter #1 ($haystack) of type string is deprecated in /home/mafwor5/public_html/test/wp-includes/shortcodes.php on line 709
[30-Oct-2025 09:22:00 UTC] PHP Deprecated:  str_replace(): Passing null to parameter #3 ($subject) of type array|string is deprecated in /home/mafwor5/public_html/test/wp-content/plugins/events-manager/classes/em-object.php on line 1836
[30-Oct-2025 09:22:04 UTC] PHP Deprecated:  date_create(): Passing null to parameter #1 ($datetime) of type string is deprecated in /home/mafwor5/public_html/test/wp-includes/formatting.php on line 3672
[30-Oct-2025 09:22:04 UTC] PHP Deprecated:  preg_match(): Passing null to parameter #2 ($subject) of type string is deprecated in /home/mafwor5/public_html/test/wp-content/plugins/events-manager/classes/em-object.php on line 1829
[30-Oct-2025 09:22:04 UTC] PHP Deprecated:  str_replace(): Passing null to parameter #2 ($replace) of type array|string is deprecated in /home/mafwor5/public_html/test/wp-content/plugins/events-manager/classes/em-event.php on line 3339
[30-Oct-2025 09:22:04 UTC] PHP Deprecated:  date_create(): Passing null to parameter #1 ($datetime) of type string is deprecated in /home/mafwor5/public_html/test/wp-includes/formatting.php on line 3672
[30-Oct-2025 09:22:04 UTC] PHP Deprecated:  preg_match(): Passing null to parameter #2 ($subject) of type string is deprecated in /home/mafwor5/public_html/test/wp-content/plugins/events-manager/classes/em-object.php on line 1829
[30-Oct-2025 09:22:04 UTC] PHP Deprecated:  str_replace(): Passing null to parameter #2 ($replace) of type array|string is deprecated in /home/mafwor5/public_html/test/wp-content/plugins/events-manager/classes/em-event.php on line 3339
[30-Oct-2025 09:22:16 UTC] PHP Deprecated:  date_create(): Passing null to parameter #1 ($datetime) of type string is deprecated in /home/mafwor5/public_html/test/wp-includes/formatting.php on line 3672
[30-Oct-2025 09:22:16 UTC] PHP Deprecated:  preg_match(): Passing null to parameter #2 ($subject) of type string is deprecated in /home/mafwor5/public_html/test/wp-content/plugins/events-manager/classes/em-object.php on line 1829
[30-Oct-2025 09:22:16 UTC] PHP Deprecated:  str_replace(): Passing null to parameter #2 ($replace) of type array|string is deprecated in /home/mafwor5/public_html/test/wp-content/plugins/events-manager/classes/em-event.php on line 3339
[30-Oct-2025 09:22:16 UTC] PHP Deprecated:  date_create(): Passing null to parameter #1 ($datetime) of type string is deprecated in /home/mafwor5/public_html/test/wp-includes/formatting.php on line 3672
[30-Oct-2025 09:22:16 UTC] PHP Deprecated:  preg_match(): Passing null to parameter #2 ($subject) of type string is deprecated in /home/mafwor5/public_html/test/wp-content/plugins/events-manager/classes/em-object.php on line 1829
[30-Oct-2025 09:22:16 UTC] PHP Deprecated:  str_replace(): Passing null to parameter #2 ($replace) of type array|string is deprecated in /home/mafwor5/public_html/test/wp-content/plugins/events-manager/classes/em-event.php on line 3339
[30-Oct-2025 09:22:26 UTC] PHP Deprecated:  date_create(): Passing null to parameter #1 ($datetime) of type string is deprecated in /home/mafwor5/public_html/test/wp-includes/formatting.php on line 3672
[30-Oct-2025 09:22:26 UTC] PHP Deprecated:  preg_match(): Passing null to parameter #2 ($subject) of type string is deprecated in /home/mafwor5/public_html/test/wp-content/plugins/events-manager/classes/em-object.php on line 1829
[30-Oct-2025 09:22:26 UTC] PHP Deprecated:  str_replace(): Passing null to parameter #2 ($replace) of type array|string is deprecated in /home/mafwor5/public_html/test/wp-content/plugins/events-manager/classes/em-event.php on line 3339
[30-Oct-2025 09:22:26 UTC] PHP Deprecated:  date_create(): Passing null to parameter #1 ($datetime) of type string is deprecated in /home/mafwor5/public_html/test/wp-includes/formatting.php on line 3672
[30-Oct-2025 09:22:26 UTC] PHP Deprecated:  preg_match(): Passing null to parameter #2 ($subject) of type string is deprecated in /home/mafwor5/public_html/test/wp-content/plugins/events-manager/classes/em-object.php on line 1829
[30-Oct-2025 09:22:26 UTC] PHP Deprecated:  str_replace(): Passing null to parameter #2 ($replace) of type array|string is deprecated in /home/mafwor5/public_html/test/wp-content/plugins/events-manager/classes/em-event.php on line 3339
[30-Oct-2025 09:58:18 UTC] PHP Deprecated:  preg_match(): Passing null to parameter #2 ($subject) of type string is deprecated in /home/mafwor5/public_html/test/wp-content/plugins/events-manager/classes/em-object.php on line 1829
[30-Oct-2025 09:58:18 UTC] PHP Deprecated:  str_contains(): Passing null to parameter #1 ($haystack) of type string is deprecated in /home/mafwor5/public_html/test/wp-includes/shortcodes.php on line 709
[30-Oct-2025 09:58:18 UTC] PHP Deprecated:  str_replace(): Passing null to parameter #3 ($subject) of type array|string is deprecated in /home/mafwor5/public_html/test/wp-content/plugins/events-manager/classes/em-object.php on line 1836
[30-Oct-2025 09:58:18 UTC] PHP Deprecated:  preg_match(): Passing null to parameter #2 ($subject) of type string is deprecated in /home/mafwor5/public_html/test/wp-content/plugins/events-manager/classes/em-object.php on line 1829
[30-Oct-2025 09:58:18 UTC] PHP Deprecated:  str_contains(): Passing null to parameter #1 ($haystack) of type string is deprecated in /home/mafwor5/public_html/test/wp-includes/shortcodes.php on line 709
[30-Oct-2025 09:58:18 UTC] PHP Deprecated:  str_replace(): Passing null to parameter #3 ($subject) of type array|string is deprecated in /home/mafwor5/public_html/test/wp-content/plugins/events-manager/classes/em-object.php on line 1836
[30-Oct-2025 09:58:39 UTC] PHP Deprecated:  preg_match(): Passing null to parameter #2 ($subject) of type string is deprecated in /home/mafwor5/public_html/test/wp-content/plugins/events-manager/classes/em-object.php on line 1829
[30-Oct-2025 09:58:39 UTC] PHP Deprecated:  str_contains(): Passing null to parameter #1 ($haystack) of type string is deprecated in /home/mafwor5/public_html/test/wp-includes/shortcodes.php on line 709
[30-Oct-2025 09:58:39 UTC] PHP Deprecated:  str_replace(): Passing null to parameter #3 ($subject) of type array|string is deprecated in /home/mafwor5/public_html/test/wp-content/plugins/events-manager/classes/em-object.php on line 1836
[30-Oct-2025 09:58:39 UTC] PHP Deprecated:  preg_match(): Passing null to parameter #2 ($subject) of type string is deprecated in /home/mafwor5/public_html/test/wp-content/plugins/events-manager/classes/em-object.php on line 1829
[30-Oct-2025 09:58:39 UTC] PHP Deprecated:  str_contains(): Passing null to parameter #1 ($haystack) of type string is deprecated in /home/mafwor5/public_html/test/wp-includes/shortcodes.php on line 709
[30-Oct-2025 09:58:39 UTC] PHP Deprecated:  str_replace(): Passing null to parameter #3 ($subject) of type array|string is deprecated in /home/mafwor5/public_html/test/wp-content/plugins/events-manager/classes/em-object.php on line 1836
[30-Oct-2025 09:58:43 UTC] PHP Deprecated:  preg_match(): Passing null to parameter #2 ($subject) of type string is deprecated in /home/mafwor5/public_html/test/wp-content/plugins/events-manager/classes/em-object.php on line 1829
[30-Oct-2025 09:58:43 UTC] PHP Deprecated:  str_contains(): Passing null to parameter #1 ($haystack) of type string is deprecated in /home/mafwor5/public_html/test/wp-includes/shortcodes.php on line 709
[30-Oct-2025 09:58:43 UTC] PHP Deprecated:  str_replace(): Passing null to parameter #3 ($subject) of type array|string is deprecated in /home/mafwor5/public_html/test/wp-content/plugins/events-manager/classes/em-object.php on line 1836
[30-Oct-2025 09:58:43 UTC] PHP Deprecated:  preg_match(): Passing null to parameter #2 ($subject) of type string is deprecated in /home/mafwor5/public_html/test/wp-content/plugins/events-manager/classes/em-object.php on line 1829
[30-Oct-2025 09:58:43 UTC] PHP Deprecated:  str_contains(): Passing null to parameter #1 ($haystack) of type string is deprecated in /home/mafwor5/public_html/test/wp-includes/shortcodes.php on line 709
[30-Oct-2025 09:58:43 UTC] PHP Deprecated:  str_replace(): Passing null to parameter #3 ($subject) of type array|string is deprecated in /home/mafwor5/public_html/test/wp-content/plugins/events-manager/classes/em-object.php on line 1836
[30-Oct-2025 09:58:49 UTC] PHP Deprecated:  date_create(): Passing null to parameter #1 ($datetime) of type string is deprecated in /home/mafwor5/public_html/test/wp-includes/formatting.php on line 3672
[30-Oct-2025 09:58:49 UTC] PHP Deprecated:  preg_match(): Passing null to parameter #2 ($subject) of type string is deprecated in /home/mafwor5/public_html/test/wp-content/plugins/events-manager/classes/em-object.php on line 1829
[30-Oct-2025 09:58:49 UTC] PHP Deprecated:  str_replace(): Passing null to parameter #2 ($replace) of type array|string is deprecated in /home/mafwor5/public_html/test/wp-content/plugins/events-manager/classes/em-event.php on line 3339
[30-Oct-2025 09:58:49 UTC] PHP Deprecated:  date_create(): Passing null to parameter #1 ($datetime) of type string is deprecated in /home/mafwor5/public_html/test/wp-includes/formatting.php on line 3672
[30-Oct-2025 09:58:49 UTC] PHP Deprecated:  preg_match(): Passing null to parameter #2 ($subject) of type string is deprecated in /home/mafwor5/public_html/test/wp-content/plugins/events-manager/classes/em-object.php on line 1829
[30-Oct-2025 09:58:49 UTC] PHP Deprecated:  str_replace(): Passing null to parameter #2 ($replace) of type array|string is deprecated in /home/mafwor5/public_html/test/wp-content/plugins/events-manager/classes/em-event.php on line 3339
[30-Oct-2025 09:58:56 UTC] PHP Deprecated:  preg_match(): Passing null to parameter #2 ($subject) of type string is deprecated in /home/mafwor5/public_html/test/wp-content/plugins/events-manager/classes/em-object.php on line 1829
[30-Oct-2025 09:58:56 UTC] PHP Deprecated:  str_contains(): Passing null to parameter #1 ($haystack) of type string is deprecated in /home/mafwor5/public_html/test/wp-includes/shortcodes.php on line 709
[30-Oct-2025 09:58:56 UTC] PHP Deprecated:  str_replace(): Passing null to parameter #3 ($subject) of type array|string is deprecated in /home/mafwor5/public_html/test/wp-content/plugins/events-manager/classes/em-object.php on line 1836
[30-Oct-2025 09:58:56 UTC] PHP Deprecated:  preg_match(): Passing null to parameter #2 ($subject) of type string is deprecated in /home/mafwor5/public_html/test/wp-content/plugins/events-manager/classes/em-object.php on line 1829
[30-Oct-2025 09:58:56 UTC] PHP Deprecated:  str_contains(): Passing null to parameter #1 ($haystack) of type string is deprecated in /home/mafwor5/public_html/test/wp-includes/shortcodes.php on line 709
[30-Oct-2025 09:58:56 UTC] PHP Deprecated:  str_replace(): Passing null to parameter #3 ($subject) of type array|string is deprecated in /home/mafwor5/public_html/test/wp-content/plugins/events-manager/classes/em-object.php on line 1836
[30-Oct-2025 09:58:57 UTC] PHP Deprecated:  date_create(): Passing null to parameter #1 ($datetime) of type string is deprecated in /home/mafwor5/public_html/test/wp-includes/formatting.php on line 3672
[30-Oct-2025 09:58:57 UTC] PHP Deprecated:  preg_match(): Passing null to parameter #2 ($subject) of type string is deprecated in /home/mafwor5/public_html/test/wp-content/plugins/events-manager/classes/em-object.php on line 1829
[30-Oct-2025 09:58:57 UTC] PHP Deprecated:  str_replace(): Passing null to parameter #2 ($replace) of type array|string is deprecated in /home/mafwor5/public_html/test/wp-content/plugins/events-manager/classes/em-event.php on line 3339
[30-Oct-2025 09:58:57 UTC] PHP Deprecated:  date_create(): Passing null to parameter #1 ($datetime) of type string is deprecated in /home/mafwor5/public_html/test/wp-includes/formatting.php on line 3672
[30-Oct-2025 09:58:57 UTC] PHP Deprecated:  preg_match(): Passing null to parameter #2 ($subject) of type string is deprecated in /home/mafwor5/public_html/test/wp-content/plugins/events-manager/classes/em-object.php on line 1829
[30-Oct-2025 09:58:57 UTC] PHP Deprecated:  str_replace(): Passing null to parameter #2 ($replace) of type array|string is deprecated in /home/mafwor5/public_html/test/wp-content/plugins/events-manager/classes/em-event.php on line 3339
[30-Oct-2025 09:59:08 UTC] PHP Deprecated:  date_create(): Passing null to parameter #1 ($datetime) of type string is deprecated in /home/mafwor5/public_html/test/wp-includes/formatting.php on line 3672
[30-Oct-2025 09:59:08 UTC] PHP Deprecated:  preg_match(): Passing null to parameter #2 ($subject) of type string is deprecated in /home/mafwor5/public_html/test/wp-content/plugins/events-manager/classes/em-object.php on line 1829
[30-Oct-2025 09:59:08 UTC] PHP Deprecated:  str_replace(): Passing null to parameter #2 ($replace) of type array|string is deprecated in /home/mafwor5/public_html/test/wp-content/plugins/events-manager/classes/em-event.php on line 3339
[30-Oct-2025 09:59:08 UTC] PHP Deprecated:  date_create(): Passing null to parameter #1 ($datetime) of type string is deprecated in /home/mafwor5/public_html/test/wp-includes/formatting.php on line 3672
[30-Oct-2025 09:59:08 UTC] PHP Deprecated:  preg_match(): Passing null to parameter #2 ($subject) of type string is deprecated in /home/mafwor5/public_html/test/wp-content/plugins/events-manager/classes/em-object.php on line 1829
[30-Oct-2025 09:59:08 UTC] PHP Deprecated:  str_replace(): Passing null to parameter #2 ($replace) of type array|string is deprecated in /home/mafwor5/public_html/test/wp-content/plugins/events-manager/classes/em-event.php on line 3339
[30-Oct-2025 12:35:18 UTC] Automatic updates starting...
[30-Oct-2025 12:35:18 UTC] Automatic updates complete.
[30-Oct-2025 21:20:27 UTC] PHP Deprecated:  preg_match(): Passing null to parameter #2 ($subject) of type string is deprecated in /home/mafwor5/public_html/test/wp-content/plugins/events-manager/classes/em-object.php on line 1829
[30-Oct-2025 21:20:27 UTC] PHP Deprecated:  str_contains(): Passing null to parameter #1 ($haystack) of type string is deprecated in /home/mafwor5/public_html/test/wp-includes/shortcodes.php on line 709
[30-Oct-2025 21:20:27 UTC] PHP Deprecated:  str_replace(): Passing null to parameter #3 ($subject) of type array|string is deprecated in /home/mafwor5/public_html/test/wp-content/plugins/events-manager/classes/em-object.php on line 1836
[30-Oct-2025 21:20:27 UTC] PHP Deprecated:  preg_match(): Passing null to parameter #2 ($subject) of type string is deprecated in /home/mafwor5/public_html/test/wp-content/plugins/events-manager/classes/em-object.php on line 1829
[30-Oct-2025 21:20:27 UTC] PHP Deprecated:  str_contains(): Passing null to parameter #1 ($haystack) of type string is deprecated in /home/mafwor5/public_html/test/wp-includes/shortcodes.php on line 709
[30-Oct-2025 21:20:27 UTC] PHP Deprecated:  str_replace(): Passing null to parameter #3 ($subject) of type array|string is deprecated in /home/mafwor5/public_html/test/wp-content/plugins/events-manager/classes/em-object.php on line 1836
[31-Oct-2025 00:22:13 UTC] Automatic updates starting...
[31-Oct-2025 00:22:14 UTC] Automatic updates complete.
[31-Oct-2025 00:22:14 UTC] PHP Deprecated:  preg_match(): Passing null to parameter #2 ($subject) of type string is deprecated in /home/mafwor5/public_html/test/wp-content/plugins/events-manager/classes/em-object.php on line 1829
[31-Oct-2025 00:22:14 UTC] PHP Deprecated:  str_contains(): Passing null to parameter #1 ($haystack) of type string is deprecated in /home/mafwor5/public_html/test/wp-includes/shortcodes.php on line 709
[31-Oct-2025 00:22:14 UTC] PHP Deprecated:  str_replace(): Passing null to parameter #3 ($subject) of type array|string is deprecated in /home/mafwor5/public_html/test/wp-content/plugins/events-manager/classes/em-object.php on line 1836
[31-Oct-2025 00:22:14 UTC] PHP Deprecated:  preg_match(): Passing null to parameter #2 ($subject) of type string is deprecated in /home/mafwor5/public_html/test/wp-content/plugins/events-manager/classes/em-object.php on line 1829
[31-Oct-2025 00:22:14 UTC] PHP Deprecated:  str_contains(): Passing null to parameter #1 ($haystack) of type string is deprecated in /home/mafwor5/public_html/test/wp-includes/shortcodes.php on line 709
[31-Oct-2025 00:22:14 UTC] PHP Deprecated:  str_replace(): Passing null to parameter #3 ($subject) of type array|string is deprecated in /home/mafwor5/public_html/test/wp-content/plugins/events-manager/classes/em-object.php on line 1836
[31-Oct-2025 00:22:24 UTC] PHP Warning:  The URL https://s7.softaculous.com/a/loginizer//updates.php?version=2.0.3&checking_for_updates=1&installed_version=2.0.3&license=SOFTWP-41226-74802-29736-95673&url=https%3A%2F%2Fmafw.org%2Ftest does not point to a valid plugin metadata file. WP HTTP Error: cURL error 28: Operation timed out after 10001 milliseconds with 0 out of 0 bytes received in /home/mafwor5/public_html/test/wp-content/plugins/loginizer-security/updater/plugin-update-checker.php on line 985
[31-Oct-2025 14:11:35 UTC] PHP Deprecated:  date_create(): Passing null to parameter #1 ($datetime) of type string is deprecated in /home/mafwor5/public_html/test/wp-includes/formatting.php on line 3672
[31-Oct-2025 14:11:35 UTC] PHP Deprecated:  preg_match(): Passing null to parameter #2 ($subject) of type string is deprecated in /home/mafwor5/public_html/test/wp-content/plugins/events-manager/classes/em-object.php on line 1829
[31-Oct-2025 14:11:35 UTC] PHP Deprecated:  str_replace(): Passing null to parameter #2 ($replace) of type array|string is deprecated in /home/mafwor5/public_html/test/wp-content/plugins/events-manager/classes/em-event.php on line 3339
[31-Oct-2025 14:11:35 UTC] PHP Deprecated:  date_create(): Passing null to parameter #1 ($datetime) of type string is deprecated in /home/mafwor5/public_html/test/wp-includes/formatting.php on line 3672
[31-Oct-2025 14:11:35 UTC] PHP Deprecated:  preg_match(): Passing null to parameter #2 ($subject) of type string is deprecated in /home/mafwor5/public_html/test/wp-content/plugins/events-manager/classes/em-object.php on line 1829
[31-Oct-2025 14:11:35 UTC] PHP Deprecated:  str_replace(): Passing null to parameter #2 ($replace) of type array|string is deprecated in /home/mafwor5/public_html/test/wp-content/plugins/events-manager/classes/em-event.php on line 3339
[31-Oct-2025 14:11:36 UTC] Automatic updates starting...
[31-Oct-2025 14:11:36 UTC] Automatic updates complete.
[31-Oct-2025 14:11:47 UTC] PHP Warning:  The URL https://s7.softaculous.com/a/loginizer//updates.php?version=2.0.3&checking_for_updates=1&installed_version=2.0.3&license=SOFTWP-41226-74802-29736-95673&url=https%3A%2F%2Fmafw.org%2Ftest does not point to a valid plugin metadata file. WP HTTP Error: cURL error 28: Operation timed out after 10001 milliseconds with 0 bytes received in /home/mafwor5/public_html/test/wp-content/plugins/loginizer-security/updater/plugin-update-checker.php on line 985
[31-Oct-2025 14:13:01 UTC] PHP Deprecated:  preg_match(): Passing null to parameter #2 ($subject) of type string is deprecated in /home/mafwor5/public_html/test/wp-includes/post.php on line 1052
[31-Oct-2025 14:13:01 UTC] PHP Deprecated:  preg_replace(): Passing null to parameter #3 ($subject) of type array|string is deprecated in /home/mafwor5/public_html/test/wp-includes/post.php on line 1062
[31-Oct-2025 14:13:01 UTC] PHP Deprecated:  preg_match(): Passing null to parameter #2 ($subject) of type string is deprecated in /home/mafwor5/public_html/test/wp-includes/post.php on line 1052
[31-Oct-2025 14:13:01 UTC] PHP Deprecated:  preg_replace(): Passing null to parameter #3 ($subject) of type array|string is deprecated in /home/mafwor5/public_html/test/wp-includes/post.php on line 1062
[01-Nov-2025 05:01:32 UTC] Automatic updates starting...
[01-Nov-2025 05:01:33 UTC] Automatic updates complete.
[01-Nov-2025 11:47:16 UTC] Automatic updates starting...
[01-Nov-2025 11:47:16 UTC] Automatic updates complete.
[02-Nov-2025 00:33:25 UTC] Automatic updates starting...
[02-Nov-2025 00:33:26 UTC] Automatic updates complete.
[02-Nov-2025 10:55:37 UTC] PHP Deprecated:  date_create(): Passing null to parameter #1 ($datetime) of type string is deprecated in /home/mafwor5/public_html/test/wp-includes/formatting.php on line 3672
[02-Nov-2025 10:55:37 UTC] PHP Deprecated:  preg_match(): Passing null to parameter #2 ($subject) of type string is deprecated in /home/mafwor5/public_html/test/wp-content/plugins/events-manager/classes/em-object.php on line 1829
[02-Nov-2025 10:55:37 UTC] PHP Deprecated:  str_replace(): Passing null to parameter #2 ($replace) of type array|string is deprecated in /home/mafwor5/public_html/test/wp-content/plugins/events-manager/classes/em-event.php on line 3339
[02-Nov-2025 10:55:37 UTC] PHP Deprecated:  date_create(): Passing null to parameter #1 ($datetime) of type string is deprecated in /home/mafwor5/public_html/test/wp-includes/formatting.php on line 3672
[02-Nov-2025 10:55:37 UTC] PHP Deprecated:  preg_match(): Passing null to parameter #2 ($subject) of type string is deprecated in /home/mafwor5/public_html/test/wp-content/plugins/events-manager/classes/em-object.php on line 1829
[02-Nov-2025 10:55:37 UTC] PHP Deprecated:  str_replace(): Passing null to parameter #2 ($replace) of type array|string is deprecated in /home/mafwor5/public_html/test/wp-content/plugins/events-manager/classes/em-event.php on line 3339
[02-Nov-2025 10:55:38 UTC] Automatic updates starting...
[02-Nov-2025 10:55:38 UTC] Automatic updates complete.
[02-Nov-2025 16:55:24 UTC] PHP Deprecated:  preg_match(): Passing null to parameter #2 ($subject) of type string is deprecated in /home/mafwor5/public_html/test/wp-includes/post.php on line 1052
[02-Nov-2025 16:55:24 UTC] PHP Deprecated:  preg_replace(): Passing null to parameter #3 ($subject) of type array|string is deprecated in /home/mafwor5/public_html/test/wp-includes/post.php on line 1062
[02-Nov-2025 16:55:24 UTC] PHP Deprecated:  preg_match(): Passing null to parameter #2 ($subject) of type string is deprecated in /home/mafwor5/public_html/test/wp-includes/post.php on line 1052
[02-Nov-2025 16:55:24 UTC] PHP Deprecated:  preg_replace(): Passing null to parameter #3 ($subject) of type array|string is deprecated in /home/mafwor5/public_html/test/wp-includes/post.php on line 1062
[02-Nov-2025 19:52:11 UTC] PHP Deprecated:  preg_match(): Passing null to parameter #2 ($subject) of type string is deprecated in /home/mafwor5/public_html/test/wp-content/plugins/events-manager/classes/em-object.php on line 1829
[02-Nov-2025 19:52:11 UTC] PHP Deprecated:  str_contains(): Passing null to parameter #1 ($haystack) of type string is deprecated in /home/mafwor5/public_html/test/wp-includes/shortcodes.php on line 709
[02-Nov-2025 19:52:11 UTC] PHP Deprecated:  str_replace(): Passing null to parameter #3 ($subject) of type array|string is deprecated in /home/mafwor5/public_html/test/wp-content/plugins/events-manager/classes/em-object.php on line 1836
[02-Nov-2025 19:52:11 UTC] PHP Deprecated:  preg_match(): Passing null to parameter #2 ($subject) of type string is deprecated in /home/mafwor5/public_html/test/wp-content/plugins/events-manager/classes/em-object.php on line 1829
[02-Nov-2025 19:52:11 UTC] PHP Deprecated:  str_contains(): Passing null to parameter #1 ($haystack) of type string is deprecated in /home/mafwor5/public_html/test/wp-includes/shortcodes.php on line 709
[02-Nov-2025 19:52:11 UTC] PHP Deprecated:  str_replace(): Passing null to parameter #3 ($subject) of type array|string is deprecated in /home/mafwor5/public_html/test/wp-content/plugins/events-manager/classes/em-object.php on line 1836
[02-Nov-2025 19:52:54 UTC] PHP Deprecated:  preg_match(): Passing null to parameter #2 ($subject) of type string is deprecated in /home/mafwor5/public_html/test/wp-content/plugins/events-manager/classes/em-bookings.php on line 305
[02-Nov-2025 19:54:36 UTC] PHP Deprecated:  preg_match(): Passing null to parameter #2 ($subject) of type string is deprecated in /home/mafwor5/public_html/test/wp-includes/post.php on line 1052
[02-Nov-2025 19:54:36 UTC] PHP Deprecated:  preg_replace(): Passing null to parameter #3 ($subject) of type array|string is deprecated in /home/mafwor5/public_html/test/wp-includes/post.php on line 1062
[02-Nov-2025 19:54:36 UTC] PHP Deprecated:  preg_match(): Passing null to parameter #2 ($subject) of type string is deprecated in /home/mafwor5/public_html/test/wp-includes/post.php on line 1052
[02-Nov-2025 19:54:36 UTC] PHP Deprecated:  preg_replace(): Passing null to parameter #3 ($subject) of type array|string is deprecated in /home/mafwor5/public_html/test/wp-includes/post.php on line 1062
[02-Nov-2025 19:55:21 UTC] PHP Deprecated:  preg_match(): Passing null to parameter #2 ($subject) of type string is deprecated in /home/mafwor5/public_html/test/wp-content/plugins/events-manager/classes/em-bookings.php on line 305
[02-Nov-2025 19:55:46 UTC] PHP Deprecated:  preg_match(): Passing null to parameter #2 ($subject) of type string is deprecated in /home/mafwor5/public_html/test/wp-includes/post.php on line 1052
[02-Nov-2025 19:55:46 UTC] PHP Deprecated:  preg_replace(): Passing null to parameter #3 ($subject) of type array|string is deprecated in /home/mafwor5/public_html/test/wp-includes/post.php on line 1062
[02-Nov-2025 19:55:46 UTC] PHP Deprecated:  preg_match(): Passing null to parameter #2 ($subject) of type string is deprecated in /home/mafwor5/public_html/test/wp-includes/post.php on line 1052
[02-Nov-2025 19:55:46 UTC] PHP Deprecated:  preg_replace(): Passing null to parameter #3 ($subject) of type array|string is deprecated in /home/mafwor5/public_html/test/wp-includes/post.php on line 1062
[02-Nov-2025 19:58:38 UTC] PHP Deprecated:  preg_match(): Passing null to parameter #2 ($subject) of type string is deprecated in /home/mafwor5/public_html/test/wp-content/plugins/events-manager/classes/em-object.php on line 1829
[02-Nov-2025 19:58:38 UTC] PHP Deprecated:  str_contains(): Passing null to parameter #1 ($haystack) of type string is deprecated in /home/mafwor5/public_html/test/wp-includes/shortcodes.php on line 709
[02-Nov-2025 19:58:38 UTC] PHP Deprecated:  str_replace(): Passing null to parameter #3 ($subject) of type array|string is deprecated in /home/mafwor5/public_html/test/wp-content/plugins/events-manager/classes/em-object.php on line 1836
[02-Nov-2025 19:58:38 UTC] PHP Deprecated:  preg_match(): Passing null to parameter #2 ($subject) of type string is deprecated in /home/mafwor5/public_html/test/wp-content/plugins/events-manager/classes/em-object.php on line 1829
[02-Nov-2025 19:58:38 UTC] PHP Deprecated:  str_contains(): Passing null to parameter #1 ($haystack) of type string is deprecated in /home/mafwor5/public_html/test/wp-includes/shortcodes.php on line 709
[02-Nov-2025 19:58:38 UTC] PHP Deprecated:  str_replace(): Passing null to parameter #3 ($subject) of type array|string is deprecated in /home/mafwor5/public_html/test/wp-content/plugins/events-manager/classes/em-object.php on line 1836
[02-Nov-2025 19:58:38 UTC] PHP Deprecated:  preg_match(): Passing null to parameter #2 ($subject) of type string is deprecated in /home/mafwor5/public_html/test/wp-content/plugins/events-manager/classes/em-object.php on line 1829
[02-Nov-2025 19:58:38 UTC] PHP Deprecated:  str_contains(): Passing null to parameter #1 ($haystack) of type string is deprecated in /home/mafwor5/public_html/test/wp-includes/shortcodes.php on line 709
[02-Nov-2025 19:58:38 UTC] PHP Deprecated:  str_replace(): Passing null to parameter #3 ($subject) of type array|string is deprecated in /home/mafwor5/public_html/test/wp-content/plugins/events-manager/classes/em-object.php on line 1836
[02-Nov-2025 19:58:38 UTC] PHP Deprecated:  preg_match(): Passing null to parameter #2 ($subject) of type string is deprecated in /home/mafwor5/public_html/test/wp-content/plugins/events-manager/classes/em-object.php on line 1829
[02-Nov-2025 19:58:38 UTC] PHP Deprecated:  str_contains(): Passing null to parameter #1 ($haystack) of type string is deprecated in /home/mafwor5/public_html/test/wp-includes/shortcodes.php on line 709
[02-Nov-2025 19:58:38 UTC] PHP Deprecated:  str_replace(): Passing null to parameter #3 ($subject) of type array|string is deprecated in /home/mafwor5/public_html/test/wp-content/plugins/events-manager/classes/em-object.php on line 1836
[02-Nov-2025 19:58:44 UTC] PHP Deprecated:  preg_match(): Passing null to parameter #2 ($subject) of type string is deprecated in /home/mafwor5/public_html/test/wp-content/plugins/events-manager/classes/em-object.php on line 1829
[02-Nov-2025 19:58:44 UTC] PHP Deprecated:  str_contains(): Passing null to parameter #1 ($haystack) of type string is deprecated in /home/mafwor5/public_html/test/wp-includes/shortcodes.php on line 709
[02-Nov-2025 19:58:44 UTC] PHP Deprecated:  str_replace(): Passing null to parameter #3 ($subject) of type array|string is deprecated in /home/mafwor5/public_html/test/wp-content/plugins/events-manager/classes/em-object.php on line 1836
[02-Nov-2025 19:58:44 UTC] PHP Deprecated:  preg_match(): Passing null to parameter #2 ($subject) of type string is deprecated in /home/mafwor5/public_html/test/wp-content/plugins/events-manager/classes/em-object.php on line 1829
[02-Nov-2025 19:58:44 UTC] PHP Deprecated:  str_contains(): Passing null to parameter #1 ($haystack) of type string is deprecated in /home/mafwor5/public_html/test/wp-includes/shortcodes.php on line 709
[02-Nov-2025 19:58:44 UTC] PHP Deprecated:  str_replace(): Passing null to parameter #3 ($subject) of type array|string is deprecated in /home/mafwor5/public_html/test/wp-content/plugins/events-manager/classes/em-object.php on line 1836
[02-Nov-2025 19:59:09 UTC] PHP Deprecated:  preg_match(): Passing null to parameter #2 ($subject) of type string is deprecated in /home/mafwor5/public_html/test/wp-content/plugins/events-manager/classes/em-object.php on line 1829
[02-Nov-2025 19:59:09 UTC] PHP Deprecated:  str_contains(): Passing null to parameter #1 ($haystack) of type string is deprecated in /home/mafwor5/public_html/test/wp-includes/shortcodes.php on line 709
[02-Nov-2025 19:59:09 UTC] PHP Deprecated:  str_replace(): Passing null to parameter #3 ($subject) of type array|string is deprecated in /home/mafwor5/public_html/test/wp-content/plugins/events-manager/classes/em-object.php on line 1836
[02-Nov-2025 19:59:09 UTC] PHP Deprecated:  preg_match(): Passing null to parameter #2 ($subject) of type string is deprecated in /home/mafwor5/public_html/test/wp-content/plugins/events-manager/classes/em-object.php on line 1829
[02-Nov-2025 19:59:09 UTC] PHP Deprecated:  str_contains(): Passing null to parameter #1 ($haystack) of type string is deprecated in /home/mafwor5/public_html/test/wp-includes/shortcodes.php on line 709
[02-Nov-2025 19:59:09 UTC] PHP Deprecated:  str_replace(): Passing null to parameter #3 ($subject) of type array|string is deprecated in /home/mafwor5/public_html/test/wp-content/plugins/events-manager/classes/em-object.php on line 1836
[02-Nov-2025 20:00:25 UTC] PHP Deprecated:  preg_match(): Passing null to parameter #2 ($subject) of type string is deprecated in /home/mafwor5/public_html/test/wp-includes/post.php on line 1052
[02-Nov-2025 20:00:25 UTC] PHP Deprecated:  preg_replace(): Passing null to parameter #3 ($subject) of type array|string is deprecated in /home/mafwor5/public_html/test/wp-includes/post.php on line 1062
[02-Nov-2025 20:00:25 UTC] PHP Deprecated:  preg_match(): Passing null to parameter #2 ($subject) of type string is deprecated in /home/mafwor5/public_html/test/wp-includes/post.php on line 1052
[02-Nov-2025 20:00:25 UTC] PHP Deprecated:  preg_replace(): Passing null to parameter #3 ($subject) of type array|string is deprecated in /home/mafwor5/public_html/test/wp-includes/post.php on line 1062
[02-Nov-2025 20:01:00 UTC] PHP Deprecated:  preg_match(): Passing null to parameter #2 ($subject) of type string is deprecated in /home/mafwor5/public_html/test/wp-content/plugins/events-manager/classes/em-object.php on line 1829
[02-Nov-2025 20:01:00 UTC] PHP Deprecated:  str_contains(): Passing null to parameter #1 ($haystack) of type string is deprecated in /home/mafwor5/public_html/test/wp-includes/shortcodes.php on line 709
[02-Nov-2025 20:01:00 UTC] PHP Deprecated:  str_replace(): Passing null to parameter #3 ($subject) of type array|string is deprecated in /home/mafwor5/public_html/test/wp-content/plugins/events-manager/classes/em-object.php on line 1836
[02-Nov-2025 20:01:00 UTC] PHP Deprecated:  preg_match(): Passing null to parameter #2 ($subject) of type string is deprecated in /home/mafwor5/public_html/test/wp-content/plugins/events-manager/classes/em-object.php on line 1829
[02-Nov-2025 20:01:00 UTC] PHP Deprecated:  str_contains(): Passing null to parameter #1 ($haystack) of type string is deprecated in /home/mafwor5/public_html/test/wp-includes/shortcodes.php on line 709
[02-Nov-2025 20:01:00 UTC] PHP Deprecated:  str_replace(): Passing null to parameter #3 ($subject) of type array|string is deprecated in /home/mafwor5/public_html/test/wp-content/plugins/events-manager/classes/em-object.php on line 1836
[02-Nov-2025 20:01:00 UTC] PHP Deprecated:  preg_match(): Passing null to parameter #2 ($subject) of type string is deprecated in /home/mafwor5/public_html/test/wp-content/plugins/events-manager/classes/em-object.php on line 1829
[02-Nov-2025 20:01:00 UTC] PHP Deprecated:  str_contains(): Passing null to parameter #1 ($haystack) of type string is deprecated in /home/mafwor5/public_html/test/wp-includes/shortcodes.php on line 709
[02-Nov-2025 20:01:00 UTC] PHP Deprecated:  str_replace(): Passing null to parameter #3 ($subject) of type array|string is deprecated in /home/mafwor5/public_html/test/wp-content/plugins/events-manager/classes/em-object.php on line 1836
[02-Nov-2025 20:01:00 UTC] PHP Deprecated:  preg_match(): Passing null to parameter #2 ($subject) of type string is deprecated in /home/mafwor5/public_html/test/wp-content/plugins/events-manager/classes/em-object.php on line 1829
[02-Nov-2025 20:01:00 UTC] PHP Deprecated:  str_contains(): Passing null to parameter #1 ($haystack) of type string is deprecated in /home/mafwor5/public_html/test/wp-includes/shortcodes.php on line 709
[02-Nov-2025 20:01:00 UTC] PHP Deprecated:  str_replace(): Passing null to parameter #3 ($subject) of type array|string is deprecated in /home/mafwor5/public_html/test/wp-content/plugins/events-manager/classes/em-object.php on line 1836
[02-Nov-2025 20:01:12 UTC] PHP Deprecated:  preg_match(): Passing null to parameter #2 ($subject) of type string is deprecated in /home/mafwor5/public_html/test/wp-content/plugins/events-manager/classes/em-object.php on line 1829
[02-Nov-2025 20:01:12 UTC] PHP Deprecated:  str_contains(): Passing null to parameter #1 ($haystack) of type string is deprecated in /home/mafwor5/public_html/test/wp-includes/shortcodes.php on line 709
[02-Nov-2025 20:01:12 UTC] PHP Deprecated:  str_replace(): Passing null to parameter #3 ($subject) of type array|string is deprecated in /home/mafwor5/public_html/test/wp-content/plugins/events-manager/classes/em-object.php on line 1836
[02-Nov-2025 20:01:12 UTC] PHP Deprecated:  preg_match(): Passing null to parameter #2 ($subject) of type string is deprecated in /home/mafwor5/public_html/test/wp-content/plugins/events-manager/classes/em-object.php on line 1829
[02-Nov-2025 20:01:12 UTC] PHP Deprecated:  str_contains(): Passing null to parameter #1 ($haystack) of type string is deprecated in /home/mafwor5/public_html/test/wp-includes/shortcodes.php on line 709
[02-Nov-2025 20:01:12 UTC] PHP Deprecated:  str_replace(): Passing null to parameter #3 ($subject) of type array|string is deprecated in /home/mafwor5/public_html/test/wp-content/plugins/events-manager/classes/em-object.php on line 1836
[02-Nov-2025 20:01:12 UTC] PHP Deprecated:  preg_match(): Passing null to parameter #2 ($subject) of type string is deprecated in /home/mafwor5/public_html/test/wp-content/plugins/events-manager/classes/em-object.php on line 1829
[02-Nov-2025 20:01:12 UTC] PHP Deprecated:  str_contains(): Passing null to parameter #1 ($haystack) of type string is deprecated in /home/mafwor5/public_html/test/wp-includes/shortcodes.php on line 709
[02-Nov-2025 20:01:12 UTC] PHP Deprecated:  str_replace(): Passing null to parameter #3 ($subject) of type array|string is deprecated in /home/mafwor5/public_html/test/wp-content/plugins/events-manager/classes/em-object.php on line 1836
[02-Nov-2025 20:01:12 UTC] PHP Deprecated:  preg_match(): Passing null to parameter #2 ($subject) of type string is deprecated in /home/mafwor5/public_html/test/wp-content/plugins/events-manager/classes/em-object.php on line 1829
[02-Nov-2025 20:01:12 UTC] PHP Deprecated:  str_contains(): Passing null to parameter #1 ($haystack) of type string is deprecated in /home/mafwor5/public_html/test/wp-includes/shortcodes.php on line 709
[02-Nov-2025 20:01:12 UTC] PHP Deprecated:  str_replace(): Passing null to parameter #3 ($subject) of type array|string is deprecated in /home/mafwor5/public_html/test/wp-content/plugins/events-manager/classes/em-object.php on line 1836
[02-Nov-2025 20:01:15 UTC] PHP Deprecated:  preg_match(): Passing null to parameter #2 ($subject) of type string is deprecated in /home/mafwor5/public_html/test/wp-content/plugins/events-manager/classes/em-object.php on line 1829
[02-Nov-2025 20:01:15 UTC] PHP Deprecated:  str_contains(): Passing null to parameter #1 ($haystack) of type string is deprecated in /home/mafwor5/public_html/test/wp-includes/shortcodes.php on line 709
[02-Nov-2025 20:01:15 UTC] PHP Deprecated:  str_replace(): Passing null to parameter #3 ($subject) of type array|string is deprecated in /home/mafwor5/public_html/test/wp-content/plugins/events-manager/classes/em-object.php on line 1836
[02-Nov-2025 20:01:15 UTC] PHP Deprecated:  preg_match(): Passing null to parameter #2 ($subject) of type string is deprecated in /home/mafwor5/public_html/test/wp-content/plugins/events-manager/classes/em-object.php on line 1829
[02-Nov-2025 20:01:15 UTC] PHP Deprecated:  str_contains(): Passing null to parameter #1 ($haystack) of type string is deprecated in /home/mafwor5/public_html/test/wp-includes/shortcodes.php on line 709
[02-Nov-2025 20:01:15 UTC] PHP Deprecated:  str_replace(): Passing null to parameter #3 ($subject) of type array|string is deprecated in /home/mafwor5/public_html/test/wp-content/plugins/events-manager/classes/em-object.php on line 1836
[02-Nov-2025 20:01:23 UTC] PHP Deprecated:  preg_match(): Passing null to parameter #2 ($subject) of type string is deprecated in /home/mafwor5/public_html/test/wp-content/plugins/events-manager/classes/em-object.php on line 1829
[02-Nov-2025 20:01:23 UTC] PHP Deprecated:  str_contains(): Passing null to parameter #1 ($haystack) of type string is deprecated in /home/mafwor5/public_html/test/wp-includes/shortcodes.php on line 709
[02-Nov-2025 20:01:23 UTC] PHP Deprecated:  str_replace(): Passing null to parameter #3 ($subject) of type array|string is deprecated in /home/mafwor5/public_html/test/wp-content/plugins/events-manager/classes/em-object.php on line 1836
[02-Nov-2025 20:01:23 UTC] PHP Deprecated:  preg_match(): Passing null to parameter #2 ($subject) of type string is deprecated in /home/mafwor5/public_html/test/wp-content/plugins/events-manager/classes/em-object.php on line 1829
[02-Nov-2025 20:01:23 UTC] PHP Deprecated:  str_contains(): Passing null to parameter #1 ($haystack) of type string is deprecated in /home/mafwor5/public_html/test/wp-includes/shortcodes.php on line 709
[02-Nov-2025 20:01:23 UTC] PHP Deprecated:  str_replace(): Passing null to parameter #3 ($subject) of type array|string is deprecated in /home/mafwor5/public_html/test/wp-content/plugins/events-manager/classes/em-object.php on line 1836
[02-Nov-2025 20:01:23 UTC] PHP Deprecated:  preg_match(): Passing null to parameter #2 ($subject) of type string is deprecated in /home/mafwor5/public_html/test/wp-content/plugins/events-manager/classes/em-object.php on line 1829
[02-Nov-2025 20:01:23 UTC] PHP Deprecated:  str_contains(): Passing null to parameter #1 ($haystack) of type string is deprecated in /home/mafwor5/public_html/test/wp-includes/shortcodes.php on line 709
[02-Nov-2025 20:01:23 UTC] PHP Deprecated:  str_replace(): Passing null to parameter #3 ($subject) of type array|string is deprecated in /home/mafwor5/public_html/test/wp-content/plugins/events-manager/classes/em-object.php on line 1836
[02-Nov-2025 20:01:23 UTC] PHP Deprecated:  preg_match(): Passing null to parameter #2 ($subject) of type string is deprecated in /home/mafwor5/public_html/test/wp-content/plugins/events-manager/classes/em-object.php on line 1829
[02-Nov-2025 20:01:23 UTC] PHP Deprecated:  str_contains(): Passing null to parameter #1 ($haystack) of type string is deprecated in /home/mafwor5/public_html/test/wp-includes/shortcodes.php on line 709
[02-Nov-2025 20:01:23 UTC] PHP Deprecated:  str_replace(): Passing null to parameter #3 ($subject) of type array|string is deprecated in /home/mafwor5/public_html/test/wp-content/plugins/events-manager/classes/em-object.php on line 1836
[02-Nov-2025 20:01:24 UTC] PHP Deprecated:  preg_match(): Passing null to parameter #2 ($subject) of type string is deprecated in /home/mafwor5/public_html/test/wp-content/plugins/events-manager/classes/em-object.php on line 1829
[02-Nov-2025 20:01:24 UTC] PHP Deprecated:  str_contains(): Passing null to parameter #1 ($haystack) of type string is deprecated in /home/mafwor5/public_html/test/wp-includes/shortcodes.php on line 709
[02-Nov-2025 20:01:24 UTC] PHP Deprecated:  str_replace(): Passing null to parameter #3 ($subject) of type array|string is deprecated in /home/mafwor5/public_html/test/wp-content/plugins/events-manager/classes/em-object.php on line 1836
[02-Nov-2025 20:01:24 UTC] PHP Deprecated:  preg_match(): Passing null to parameter #2 ($subject) of type string is deprecated in /home/mafwor5/public_html/test/wp-content/plugins/events-manager/classes/em-object.php on line 1829
[02-Nov-2025 20:01:24 UTC] PHP Deprecated:  str_contains(): Passing null to parameter #1 ($haystack) of type string is deprecated in /home/mafwor5/public_html/test/wp-includes/shortcodes.php on line 709
[02-Nov-2025 20:01:24 UTC] PHP Deprecated:  str_replace(): Passing null to parameter #3 ($subject) of type array|string is deprecated in /home/mafwor5/public_html/test/wp-content/plugins/events-manager/classes/em-object.php on line 1836
[02-Nov-2025 20:01:24 UTC] PHP Deprecated:  preg_match(): Passing null to parameter #2 ($subject) of type string is deprecated in /home/mafwor5/public_html/test/wp-content/plugins/events-manager/classes/em-object.php on line 1829
[02-Nov-2025 20:01:24 UTC] PHP Deprecated:  str_contains(): Passing null to parameter #1 ($haystack) of type string is deprecated in /home/mafwor5/public_html/test/wp-includes/shortcodes.php on line 709
[02-Nov-2025 20:01:24 UTC] PHP Deprecated:  str_replace(): Passing null to parameter #3 ($subject) of type array|string is deprecated in /home/mafwor5/public_html/test/wp-content/plugins/events-manager/classes/em-object.php on line 1836
[02-Nov-2025 20:01:24 UTC] PHP Deprecated:  preg_match(): Passing null to parameter #2 ($subject) of type string is deprecated in /home/mafwor5/public_html/test/wp-content/plugins/events-manager/classes/em-object.php on line 1829
[02-Nov-2025 20:01:24 UTC] PHP Deprecated:  str_contains(): Passing null to parameter #1 ($haystack) of type string is deprecated in /home/mafwor5/public_html/test/wp-includes/shortcodes.php on line 709
[02-Nov-2025 20:01:24 UTC] PHP Deprecated:  str_replace(): Passing null to parameter #3 ($subject) of type array|string is deprecated in /home/mafwor5/public_html/test/wp-content/plugins/events-manager/classes/em-object.php on line 1836
[02-Nov-2025 20:01:25 UTC] PHP Deprecated:  preg_match(): Passing null to parameter #2 ($subject) of type string is deprecated in /home/mafwor5/public_html/test/wp-content/plugins/events-manager/classes/em-object.php on line 1829
[02-Nov-2025 20:01:25 UTC] PHP Deprecated:  str_contains(): Passing null to parameter #1 ($haystack) of type string is deprecated in /home/mafwor5/public_html/test/wp-includes/shortcodes.php on line 709
[02-Nov-2025 20:01:25 UTC] PHP Deprecated:  str_replace(): Passing null to parameter #3 ($subject) of type array|string is deprecated in /home/mafwor5/public_html/test/wp-content/plugins/events-manager/classes/em-object.php on line 1836
[02-Nov-2025 20:01:25 UTC] PHP Deprecated:  preg_match(): Passing null to parameter #2 ($subject) of type string is deprecated in /home/mafwor5/public_html/test/wp-content/plugins/events-manager/classes/em-object.php on line 1829
[02-Nov-2025 20:01:25 UTC] PHP Deprecated:  str_contains(): Passing null to parameter #1 ($haystack) of type string is deprecated in /home/mafwor5/public_html/test/wp-includes/shortcodes.php on line 709
[02-Nov-2025 20:01:25 UTC] PHP Deprecated:  str_replace(): Passing null to parameter #3 ($subject) of type array|string is deprecated in /home/mafwor5/public_html/test/wp-content/plugins/events-manager/classes/em-object.php on line 1836
[02-Nov-2025 20:01:25 UTC] PHP Deprecated:  preg_match(): Passing null to parameter #2 ($subject) of type string is deprecated in /home/mafwor5/public_html/test/wp-content/plugins/events-manager/classes/em-object.php on line 1829
[02-Nov-2025 20:01:25 UTC] PHP Deprecated:  str_contains(): Passing null to parameter #1 ($haystack) of type string is deprecated in /home/mafwor5/public_html/test/wp-includes/shortcodes.php on line 709
[02-Nov-2025 20:01:25 UTC] PHP Deprecated:  str_replace(): Passing null to parameter #3 ($subject) of type array|string is deprecated in /home/mafwor5/public_html/test/wp-content/plugins/events-manager/classes/em-object.php on line 1836
[02-Nov-2025 20:01:25 UTC] PHP Deprecated:  preg_match(): Passing null to parameter #2 ($subject) of type string is deprecated in /home/mafwor5/public_html/test/wp-content/plugins/events-manager/classes/em-object.php on line 1829
[02-Nov-2025 20:01:25 UTC] PHP Deprecated:  str_contains(): Passing null to parameter #1 ($haystack) of type string is deprecated in /home/mafwor5/public_html/test/wp-includes/shortcodes.php on line 709
[02-Nov-2025 20:01:25 UTC] PHP Deprecated:  str_replace(): Passing null to parameter #3 ($subject) of type array|string is deprecated in /home/mafwor5/public_html/test/wp-content/plugins/events-manager/classes/em-object.php on line 1836
[02-Nov-2025 20:01:25 UTC] PHP Deprecated:  preg_match(): Passing null to parameter #2 ($subject) of type string is deprecated in /home/mafwor5/public_html/test/wp-content/plugins/events-manager/classes/em-object.php on line 1829
[02-Nov-2025 20:01:25 UTC] PHP Deprecated:  str_contains(): Passing null to parameter #1 ($haystack) of type string is deprecated in /home/mafwor5/public_html/test/wp-includes/shortcodes.php on line 709
[02-Nov-2025 20:01:25 UTC] PHP Deprecated:  str_replace(): Passing null to parameter #3 ($subject) of type array|string is deprecated in /home/mafwor5/public_html/test/wp-content/plugins/events-manager/classes/em-object.php on line 1836
[02-Nov-2025 20:01:25 UTC] PHP Deprecated:  preg_match(): Passing null to parameter #2 ($subject) of type string is deprecated in /home/mafwor5/public_html/test/wp-content/plugins/events-manager/classes/em-object.php on line 1829
[02-Nov-2025 20:01:25 UTC] PHP Deprecated:  str_contains(): Passing null to parameter #1 ($haystack) of type string is deprecated in /home/mafwor5/public_html/test/wp-includes/shortcodes.php on line 709
[02-Nov-2025 20:01:25 UTC] PHP Deprecated:  str_replace(): Passing null to parameter #3 ($subject) of type array|string is deprecated in /home/mafwor5/public_html/test/wp-content/plugins/events-manager/classes/em-object.php on line 1836
[02-Nov-2025 20:01:26 UTC] PHP Deprecated:  preg_match(): Passing null to parameter #2 ($subject) of type string is deprecated in /home/mafwor5/public_html/test/wp-content/plugins/events-manager/classes/em-object.php on line 1829
[02-Nov-2025 20:01:26 UTC] PHP Deprecated:  str_contains(): Passing null to parameter #1 ($haystack) of type string is deprecated in /home/mafwor5/public_html/test/wp-includes/shortcodes.php on line 709
[02-Nov-2025 20:01:26 UTC] PHP Deprecated:  str_replace(): Passing null to parameter #3 ($subject) of type array|string is deprecated in /home/mafwor5/public_html/test/wp-content/plugins/events-manager/classes/em-object.php on line 1836
[02-Nov-2025 20:01:26 UTC] PHP Deprecated:  preg_match(): Passing null to parameter #2 ($subject) of type string is deprecated in /home/mafwor5/public_html/test/wp-content/plugins/events-manager/classes/em-object.php on line 1829
[02-Nov-2025 20:01:26 UTC] PHP Deprecated:  str_contains(): Passing null to parameter #1 ($haystack) of type string is deprecated in /home/mafwor5/public_html/test/wp-includes/shortcodes.php on line 709
[02-Nov-2025 20:01:26 UTC] PHP Deprecated:  str_replace(): Passing null to parameter #3 ($subject) of type array|string is deprecated in /home/mafwor5/public_html/test/wp-content/plugins/events-manager/classes/em-object.php on line 1836
[02-Nov-2025 20:01:26 UTC] PHP Deprecated:  preg_match(): Passing null to parameter #2 ($subject) of type string is deprecated in /home/mafwor5/public_html/test/wp-content/plugins/events-manager/classes/em-object.php on line 1829
[02-Nov-2025 20:01:26 UTC] PHP Deprecated:  str_contains(): Passing null to parameter #1 ($haystack) of type string is deprecated in /home/mafwor5/public_html/test/wp-includes/shortcodes.php on line 709
[02-Nov-2025 20:01:26 UTC] PHP Deprecated:  str_replace(): Passing null to parameter #3 ($subject) of type array|string is deprecated in /home/mafwor5/public_html/test/wp-content/plugins/events-manager/classes/em-object.php on line 1836
[02-Nov-2025 20:01:26 UTC] PHP Deprecated:  preg_match(): Passing null to parameter #2 ($subject) of type string is deprecated in /home/mafwor5/public_html/test/wp-content/plugins/events-manager/classes/em-object.php on line 1829
[02-Nov-2025 20:01:26 UTC] PHP Deprecated:  str_contains(): Passing null to parameter #1 ($haystack) of type string is deprecated in /home/mafwor5/public_html/test/wp-includes/shortcodes.php on line 709
[02-Nov-2025 20:01:26 UTC] PHP Deprecated:  str_replace(): Passing null to parameter #3 ($subject) of type array|string is deprecated in /home/mafwor5/public_html/test/wp-content/plugins/events-manager/classes/em-object.php on line 1836
[02-Nov-2025 20:02:52 UTC] PHP Deprecated:  preg_match(): Passing null to parameter #2 ($subject) of type string is deprecated in /home/mafwor5/public_html/test/wp-includes/post.php on line 1052
[02-Nov-2025 20:02:52 UTC] PHP Deprecated:  preg_replace(): Passing null to parameter #3 ($subject) of type array|string is deprecated in /home/mafwor5/public_html/test/wp-includes/post.php on line 1062
[02-Nov-2025 20:02:52 UTC] PHP Deprecated:  preg_match(): Passing null to parameter #2 ($subject) of type string is deprecated in /home/mafwor5/public_html/test/wp-includes/post.php on line 1052
[02-Nov-2025 20:02:52 UTC] PHP Deprecated:  preg_replace(): Passing null to parameter #3 ($subject) of type array|string is deprecated in /home/mafwor5/public_html/test/wp-includes/post.php on line 1062
[02-Nov-2025 20:03:08 UTC] PHP Deprecated:  preg_match(): Passing null to parameter #2 ($subject) of type string is deprecated in /home/mafwor5/public_html/test/wp-content/plugins/events-manager/classes/em-bookings.php on line 305
[02-Nov-2025 20:03:08 UTC] PHP Deprecated:  preg_match(): Passing null to parameter #2 ($subject) of type string is deprecated in /home/mafwor5/public_html/test/wp-content/plugins/events-manager/classes/em-bookings.php on line 305
[02-Nov-2025 20:03:08 UTC] PHP Deprecated:  preg_match(): Passing null to parameter #2 ($subject) of type string is deprecated in /home/mafwor5/public_html/test/wp-content/plugins/events-manager/classes/em-bookings.php on line 305
[02-Nov-2025 20:04:04 UTC] PHP Deprecated:  preg_match(): Passing null to parameter #2 ($subject) of type string is deprecated in /home/mafwor5/public_html/test/wp-content/plugins/events-manager/classes/em-bookings.php on line 305
[03-Nov-2025 00:20:13 UTC] Automatic updates starting...
[03-Nov-2025 00:20:13 UTC] Automatic updates complete.
[03-Nov-2025 02:31:10 UTC] PHP Deprecated:  date_create(): Passing null to parameter #1 ($datetime) of type string is deprecated in /home/mafwor5/public_html/test/wp-includes/formatting.php on line 3672
[03-Nov-2025 02:31:10 UTC] PHP Deprecated:  preg_match(): Passing null to parameter #2 ($subject) of type string is deprecated in /home/mafwor5/public_html/test/wp-content/plugins/events-manager/classes/em-object.php on line 1829
[03-Nov-2025 02:31:10 UTC] PHP Deprecated:  str_replace(): Passing null to parameter #2 ($replace) of type array|string is deprecated in /home/mafwor5/public_html/test/wp-content/plugins/events-manager/classes/em-event.php on line 3339
[03-Nov-2025 02:31:10 UTC] PHP Deprecated:  date_create(): Passing null to parameter #1 ($datetime) of type string is deprecated in /home/mafwor5/public_html/test/wp-includes/formatting.php on line 3672
[03-Nov-2025 02:31:10 UTC] PHP Deprecated:  preg_match(): Passing null to parameter #2 ($subject) of type string is deprecated in /home/mafwor5/public_html/test/wp-content/plugins/events-manager/classes/em-object.php on line 1829
[03-Nov-2025 02:31:10 UTC] PHP Deprecated:  str_replace(): Passing null to parameter #2 ($replace) of type array|string is deprecated in /home/mafwor5/public_html/test/wp-content/plugins/events-manager/classes/em-event.php on line 3339
[03-Nov-2025 02:31:10 UTC] PHP Deprecated:  date_create(): Passing null to parameter #1 ($datetime) of type string is deprecated in /home/mafwor5/public_html/test/wp-includes/formatting.php on line 3672
[03-Nov-2025 02:31:10 UTC] PHP Deprecated:  preg_match(): Passing null to parameter #2 ($subject) of type string is deprecated in /home/mafwor5/public_html/test/wp-content/plugins/events-manager/classes/em-object.php on line 1829
[03-Nov-2025 02:31:10 UTC] PHP Deprecated:  str_replace(): Passing null to parameter #2 ($replace) of type array|string is deprecated in /home/mafwor5/public_html/test/wp-content/plugins/events-manager/classes/em-event.php on line 3339
[03-Nov-2025 02:31:10 UTC] PHP Deprecated:  date_create(): Passing null to parameter #1 ($datetime) of type string is deprecated in /home/mafwor5/public_html/test/wp-includes/formatting.php on line 3672
[03-Nov-2025 02:31:10 UTC] PHP Deprecated:  preg_match(): Passing null to parameter #2 ($subject) of type string is deprecated in /home/mafwor5/public_html/test/wp-content/plugins/events-manager/classes/em-object.php on line 1829
[03-Nov-2025 02:31:10 UTC] PHP Deprecated:  str_replace(): Passing null to parameter #2 ($replace) of type array|string is deprecated in /home/mafwor5/public_html/test/wp-content/plugins/events-manager/classes/em-event.php on line 3339
[03-Nov-2025 02:31:10 UTC] PHP Deprecated:  date_create(): Passing null to parameter #1 ($datetime) of type string is deprecated in /home/mafwor5/public_html/test/wp-includes/formatting.php on line 3672
[03-Nov-2025 02:31:10 UTC] PHP Deprecated:  preg_match(): Passing null to parameter #2 ($subject) of type string is deprecated in /home/mafwor5/public_html/test/wp-content/plugins/events-manager/classes/em-object.php on line 1829
[03-Nov-2025 02:31:10 UTC] PHP Deprecated:  str_replace(): Passing null to parameter #2 ($replace) of type array|string is deprecated in /home/mafwor5/public_html/test/wp-content/plugins/events-manager/classes/em-event.php on line 3339
[03-Nov-2025 02:31:10 UTC] PHP Deprecated:  date_create(): Passing null to parameter #1 ($datetime) of type string is deprecated in /home/mafwor5/public_html/test/wp-includes/formatting.php on line 3672
[03-Nov-2025 02:31:10 UTC] PHP Deprecated:  preg_match(): Passing null to parameter #2 ($subject) of type string is deprecated in /home/mafwor5/public_html/test/wp-content/plugins/events-manager/classes/em-object.php on line 1829
[03-Nov-2025 02:31:10 UTC] PHP Deprecated:  str_replace(): Passing null to parameter #2 ($replace) of type array|string is deprecated in /home/mafwor5/public_html/test/wp-content/plugins/events-manager/classes/em-event.php on line 3339
[03-Nov-2025 02:31:10 UTC] PHP Deprecated:  date_create(): Passing null to parameter #1 ($datetime) of type string is deprecated in /home/mafwor5/public_html/test/wp-includes/formatting.php on line 3672
[03-Nov-2025 02:31:10 UTC] PHP Deprecated:  preg_match(): Passing null to parameter #2 ($subject) of type string is deprecated in /home/mafwor5/public_html/test/wp-content/plugins/events-manager/classes/em-object.php on line 1829
[03-Nov-2025 02:31:10 UTC] PHP Deprecated:  str_replace(): Passing null to parameter #2 ($replace) of type array|string is deprecated in /home/mafwor5/public_html/test/wp-content/plugins/events-manager/classes/em-event.php on line 3339
[03-Nov-2025 03:20:07 UTC] PHP Deprecated:  date_create(): Passing null to parameter #1 ($datetime) of type string is deprecated in /home/mafwor5/public_html/test/wp-includes/formatting.php on line 3672
[03-Nov-2025 03:20:07 UTC] PHP Deprecated:  preg_match(): Passing null to parameter #2 ($subject) of type string is deprecated in /home/mafwor5/public_html/test/wp-content/plugins/events-manager/classes/em-object.php on line 1829
[03-Nov-2025 03:20:07 UTC] PHP Deprecated:  str_replace(): Passing null to parameter #2 ($replace) of type array|string is deprecated in /home/mafwor5/public_html/test/wp-content/plugins/events-manager/classes/em-event.php on line 3339
[03-Nov-2025 03:20:07 UTC] PHP Deprecated:  date_create(): Passing null to parameter #1 ($datetime) of type string is deprecated in /home/mafwor5/public_html/test/wp-includes/formatting.php on line 3672
[03-Nov-2025 03:20:07 UTC] PHP Deprecated:  preg_match(): Passing null to parameter #2 ($subject) of type string is deprecated in /home/mafwor5/public_html/test/wp-content/plugins/events-manager/classes/em-object.php on line 1829
[03-Nov-2025 03:20:07 UTC] PHP Deprecated:  str_replace(): Passing null to parameter #2 ($replace) of type array|string is deprecated in /home/mafwor5/public_html/test/wp-content/plugins/events-manager/classes/em-event.php on line 3339
[03-Nov-2025 03:20:07 UTC] PHP Deprecated:  date_create(): Passing null to parameter #1 ($datetime) of type string is deprecated in /home/mafwor5/public_html/test/wp-includes/formatting.php on line 3672
[03-Nov-2025 03:20:07 UTC] PHP Deprecated:  preg_match(): Passing null to parameter #2 ($subject) of type string is deprecated in /home/mafwor5/public_html/test/wp-content/plugins/events-manager/classes/em-object.php on line 1829
[03-Nov-2025 03:20:07 UTC] PHP Deprecated:  str_replace(): Passing null to parameter #2 ($replace) of type array|string is deprecated in /home/mafwor5/public_html/test/wp-content/plugins/events-manager/classes/em-event.php on line 3339
[03-Nov-2025 03:20:07 UTC] PHP Deprecated:  date_create(): Passing null to parameter #1 ($datetime) of type string is deprecated in /home/mafwor5/public_html/test/wp-includes/formatting.php on line 3672
[03-Nov-2025 03:20:07 UTC] PHP Deprecated:  preg_match(): Passing null to parameter #2 ($subject) of type string is deprecated in /home/mafwor5/public_html/test/wp-content/plugins/events-manager/classes/em-object.php on line 1829
[03-Nov-2025 03:20:07 UTC] PHP Deprecated:  str_replace(): Passing null to parameter #2 ($replace) of type array|string is deprecated in /home/mafwor5/public_html/test/wp-content/plugins/events-manager/classes/em-event.php on line 3339
[03-Nov-2025 03:20:07 UTC] PHP Deprecated:  date_create(): Passing null to parameter #1 ($datetime) of type string is deprecated in /home/mafwor5/public_html/test/wp-includes/formatting.php on line 3672
[03-Nov-2025 03:20:07 UTC] PHP Deprecated:  preg_match(): Passing null to parameter #2 ($subject) of type string is deprecated in /home/mafwor5/public_html/test/wp-content/plugins/events-manager/classes/em-object.php on line 1829
[03-Nov-2025 03:20:07 UTC] PHP Deprecated:  str_replace(): Passing null to parameter #2 ($replace) of type array|string is deprecated in /home/mafwor5/public_html/test/wp-content/plugins/events-manager/classes/em-event.php on line 3339
[03-Nov-2025 03:20:07 UTC] PHP Deprecated:  date_create(): Passing null to parameter #1 ($datetime) of type string is deprecated in /home/mafwor5/public_html/test/wp-includes/formatting.php on line 3672
[03-Nov-2025 03:20:07 UTC] PHP Deprecated:  preg_match(): Passing null to parameter #2 ($subject) of type string is deprecated in /home/mafwor5/public_html/test/wp-content/plugins/events-manager/classes/em-object.php on line 1829
[03-Nov-2025 03:20:07 UTC] PHP Deprecated:  str_replace(): Passing null to parameter #2 ($replace) of type array|string is deprecated in /home/mafwor5/public_html/test/wp-content/plugins/events-manager/classes/em-event.php on line 3339
[03-Nov-2025 03:20:07 UTC] PHP Deprecated:  date_create(): Passing null to parameter #1 ($datetime) of type string is deprecated in /home/mafwor5/public_html/test/wp-includes/formatting.php on line 3672
[03-Nov-2025 03:20:07 UTC] PHP Deprecated:  preg_match(): Passing null to parameter #2 ($subject) of type string is deprecated in /home/mafwor5/public_html/test/wp-content/plugins/events-manager/classes/em-object.php on line 1829
[03-Nov-2025 03:20:07 UTC] PHP Deprecated:  str_replace(): Passing null to parameter #2 ($replace) of type array|string is deprecated in /home/mafwor5/public_html/test/wp-content/plugins/events-manager/classes/em-event.php on line 3339
[03-Nov-2025 03:21:43 UTC] PHP Deprecated:  preg_match(): Passing null to parameter #2 ($subject) of type string is deprecated in /home/mafwor5/public_html/test/wp-content/plugins/events-manager/classes/em-object.php on line 1829
[03-Nov-2025 03:21:43 UTC] PHP Deprecated:  str_contains(): Passing null to parameter #1 ($haystack) of type string is deprecated in /home/mafwor5/public_html/test/wp-includes/shortcodes.php on line 709
[03-Nov-2025 03:21:43 UTC] PHP Deprecated:  str_replace(): Passing null to parameter #3 ($subject) of type array|string is deprecated in /home/mafwor5/public_html/test/wp-content/plugins/events-manager/classes/em-object.php on line 1836
[03-Nov-2025 03:21:43 UTC] PHP Deprecated:  preg_match(): Passing null to parameter #2 ($subject) of type string is deprecated in /home/mafwor5/public_html/test/wp-content/plugins/events-manager/classes/em-object.php on line 1829
[03-Nov-2025 03:21:43 UTC] PHP Deprecated:  str_contains(): Passing null to parameter #1 ($haystack) of type string is deprecated in /home/mafwor5/public_html/test/wp-includes/shortcodes.php on line 709
[03-Nov-2025 03:21:43 UTC] PHP Deprecated:  str_replace(): Passing null to parameter #3 ($subject) of type array|string is deprecated in /home/mafwor5/public_html/test/wp-content/plugins/events-manager/classes/em-object.php on line 1836
[03-Nov-2025 03:21:43 UTC] PHP Deprecated:  preg_match(): Passing null to parameter #2 ($subject) of type string is deprecated in /home/mafwor5/public_html/test/wp-content/plugins/events-manager/classes/em-object.php on line 1829
[03-Nov-2025 03:21:43 UTC] PHP Deprecated:  str_contains(): Passing null to parameter #1 ($haystack) of type string is deprecated in /home/mafwor5/public_html/test/wp-includes/shortcodes.php on line 709
[03-Nov-2025 03:21:43 UTC] PHP Deprecated:  str_replace(): Passing null to parameter #3 ($subject) of type array|string is deprecated in /home/mafwor5/public_html/test/wp-content/plugins/events-manager/classes/em-object.php on line 1836
[03-Nov-2025 03:21:43 UTC] PHP Deprecated:  preg_match(): Passing null to parameter #2 ($subject) of type string is deprecated in /home/mafwor5/public_html/test/wp-content/plugins/events-manager/classes/em-object.php on line 1829
[03-Nov-2025 03:21:43 UTC] PHP Deprecated:  str_contains(): Passing null to parameter #1 ($haystack) of type string is deprecated in /home/mafwor5/public_html/test/wp-includes/shortcodes.php on line 709
[03-Nov-2025 03:21:43 UTC] PHP Deprecated:  str_replace(): Passing null to parameter #3 ($subject) of type array|string is deprecated in /home/mafwor5/public_html/test/wp-content/plugins/events-manager/classes/em-object.php on line 1836
[03-Nov-2025 03:21:43 UTC] PHP Deprecated:  preg_match(): Passing null to parameter #2 ($subject) of type string is deprecated in /home/mafwor5/public_html/test/wp-content/plugins/events-manager/classes/em-object.php on line 1829
[03-Nov-2025 03:21:43 UTC] PHP Deprecated:  str_contains(): Passing null to parameter #1 ($haystack) of type string is deprecated in /home/mafwor5/public_html/test/wp-includes/shortcodes.php on line 709
[03-Nov-2025 03:21:43 UTC] PHP Deprecated:  str_replace(): Passing null to parameter #3 ($subject) of type array|string is deprecated in /home/mafwor5/public_html/test/wp-content/plugins/events-manager/classes/em-object.php on line 1836
[03-Nov-2025 03:21:43 UTC] PHP Deprecated:  preg_match(): Passing null to parameter #2 ($subject) of type string is deprecated in /home/mafwor5/public_html/test/wp-content/plugins/events-manager/classes/em-object.php on line 1829
[03-Nov-2025 03:21:43 UTC] PHP Deprecated:  str_contains(): Passing null to parameter #1 ($haystack) of type string is deprecated in /home/mafwor5/public_html/test/wp-includes/shortcodes.php on line 709
[03-Nov-2025 03:21:43 UTC] PHP Deprecated:  str_replace(): Passing null to parameter #3 ($subject) of type array|string is deprecated in /home/mafwor5/public_html/test/wp-content/plugins/events-manager/classes/em-object.php on line 1836
[03-Nov-2025 10:51:13 UTC] Automatic updates starting...
[03-Nov-2025 10:51:13 UTC]   Automatic plugin updates starting...
[03-Nov-2025 10:51:13 UTC]   Automatic plugin updates complete.
[03-Nov-2025 10:51:13 UTC] Automatic updates complete.
[03-Nov-2025 22:18:09 UTC] PHP Deprecated:  preg_match(): Passing null to parameter #2 ($subject) of type string is deprecated in /home/mafwor5/public_html/test/wp-includes/post.php on line 1052
[03-Nov-2025 22:18:09 UTC] PHP Deprecated:  preg_replace(): Passing null to parameter #3 ($subject) of type array|string is deprecated in /home/mafwor5/public_html/test/wp-includes/post.php on line 1062
[03-Nov-2025 22:18:09 UTC] PHP Deprecated:  preg_match(): Passing null to parameter #2 ($subject) of type string is deprecated in /home/mafwor5/public_html/test/wp-includes/post.php on line 1052
[03-Nov-2025 22:18:09 UTC] PHP Deprecated:  preg_replace(): Passing null to parameter #3 ($subject) of type array|string is deprecated in /home/mafwor5/public_html/test/wp-includes/post.php on line 1062
[03-Nov-2025 22:18:09 UTC] PHP Deprecated:  preg_match(): Passing null to parameter #2 ($subject) of type string is deprecated in /home/mafwor5/public_html/test/wp-includes/post.php on line 1052
[03-Nov-2025 22:18:09 UTC] PHP Deprecated:  preg_replace(): Passing null to parameter #3 ($subject) of type array|string is deprecated in /home/mafwor5/public_html/test/wp-includes/post.php on line 1062
[03-Nov-2025 22:18:09 UTC] PHP Deprecated:  preg_match(): Passing null to parameter #2 ($subject) of type string is deprecated in /home/mafwor5/public_html/test/wp-includes/post.php on line 1052
[03-Nov-2025 22:18:09 UTC] PHP Deprecated:  preg_replace(): Passing null to parameter #3 ($subject) of type array|string is deprecated in /home/mafwor5/public_html/test/wp-includes/post.php on line 1062
[03-Nov-2025 22:18:09 UTC] PHP Deprecated:  preg_match(): Passing null to parameter #2 ($subject) of type string is deprecated in /home/mafwor5/public_html/test/wp-includes/post.php on line 1052
[03-Nov-2025 22:18:09 UTC] PHP Deprecated:  preg_replace(): Passing null to parameter #3 ($subject) of type array|string is deprecated in /home/mafwor5/public_html/test/wp-includes/post.php on line 1062
[03-Nov-2025 22:18:09 UTC] PHP Deprecated:  preg_match(): Passing null to parameter #2 ($subject) of type string is deprecated in /home/mafwor5/public_html/test/wp-includes/post.php on line 1052
[03-Nov-2025 22:18:09 UTC] PHP Deprecated:  preg_replace(): Passing null to parameter #3 ($subject) of type array|string is deprecated in /home/mafwor5/public_html/test/wp-includes/post.php on line 1062
[03-Nov-2025 22:18:09 UTC] PHP Deprecated:  preg_match(): Passing null to parameter #2 ($subject) of type string is deprecated in /home/mafwor5/public_html/test/wp-includes/post.php on line 1052
[03-Nov-2025 22:18:09 UTC] PHP Deprecated:  preg_replace(): Passing null to parameter #3 ($subject) of type array|string is deprecated in /home/mafwor5/public_html/test/wp-includes/post.php on line 1062
[03-Nov-2025 23:05:07 UTC] Automatic updates starting...
[03-Nov-2025 23:05:08 UTC]   Automatic plugin updates starting...
[03-Nov-2025 23:05:08 UTC]   Automatic plugin updates complete.
[03-Nov-2025 23:05:08 UTC] Automatic updates complete.
[04-Nov-2025 03:17:08 UTC] PHP Deprecated:  preg_match(): Passing null to parameter #2 ($subject) of type string is deprecated in /home/mafwor5/public_html/test/wp-content/plugins/events-manager/classes/em-object.php on line 1829
[04-Nov-2025 03:17:08 UTC] PHP Deprecated:  str_contains(): Passing null to parameter #1 ($haystack) of type string is deprecated in /home/mafwor5/public_html/test/wp-includes/shortcodes.php on line 709
[04-Nov-2025 03:17:08 UTC] PHP Deprecated:  str_replace(): Passing null to parameter #3 ($subject) of type array|string is deprecated in /home/mafwor5/public_html/test/wp-content/plugins/events-manager/classes/em-object.php on line 1836
[04-Nov-2025 03:17:08 UTC] PHP Deprecated:  preg_match(): Passing null to parameter #2 ($subject) of type string is deprecated in /home/mafwor5/public_html/test/wp-content/plugins/events-manager/classes/em-object.php on line 1829
[04-Nov-2025 03:17:08 UTC] PHP Deprecated:  str_contains(): Passing null to parameter #1 ($haystack) of type string is deprecated in /home/mafwor5/public_html/test/wp-includes/shortcodes.php on line 709
[04-Nov-2025 03:17:08 UTC] PHP Deprecated:  str_replace(): Passing null to parameter #3 ($subject) of type array|string is deprecated in /home/mafwor5/public_html/test/wp-content/plugins/events-manager/classes/em-object.php on line 1836
[04-Nov-2025 03:17:08 UTC] PHP Deprecated:  preg_match(): Passing null to parameter #2 ($subject) of type string is deprecated in /home/mafwor5/public_html/test/wp-content/plugins/events-manager/classes/em-object.php on line 1829
[04-Nov-2025 03:17:08 UTC] PHP Deprecated:  str_contains(): Passing null to parameter #1 ($haystack) of type string is deprecated in /home/mafwor5/public_html/test/wp-includes/shortcodes.php on line 709
[04-Nov-2025 03:17:08 UTC] PHP Deprecated:  str_replace(): Passing null to parameter #3 ($subject) of type array|string is deprecated in /home/mafwor5/public_html/test/wp-content/plugins/events-manager/classes/em-object.php on line 1836
[04-Nov-2025 03:17:08 UTC] PHP Deprecated:  preg_match(): Passing null to parameter #2 ($subject) of type string is deprecated in /home/mafwor5/public_html/test/wp-content/plugins/events-manager/classes/em-object.php on line 1829
[04-Nov-2025 03:17:08 UTC] PHP Deprecated:  str_contains(): Passing null to parameter #1 ($haystack) of type string is deprecated in /home/mafwor5/public_html/test/wp-includes/shortcodes.php on line 709
[04-Nov-2025 03:17:08 UTC] PHP Deprecated:  str_replace(): Passing null to parameter #3 ($subject) of type array|string is deprecated in /home/mafwor5/public_html/test/wp-content/plugins/events-manager/classes/em-object.php on line 1836
[04-Nov-2025 03:17:08 UTC] PHP Deprecated:  preg_match(): Passing null to parameter #2 ($subject) of type string is deprecated in /home/mafwor5/public_html/test/wp-content/plugins/events-manager/classes/em-object.php on line 1829
[04-Nov-2025 03:17:08 UTC] PHP Deprecated:  str_contains(): Passing null to parameter #1 ($haystack) of type string is deprecated in /home/mafwor5/public_html/test/wp-includes/shortcodes.php on line 709
[04-Nov-2025 03:17:08 UTC] PHP Deprecated:  str_replace(): Passing null to parameter #3 ($subject) of type array|string is deprecated in /home/mafwor5/public_html/test/wp-content/plugins/events-manager/classes/em-object.php on line 1836
[04-Nov-2025 03:17:08 UTC] PHP Deprecated:  preg_match(): Passing null to parameter #2 ($subject) of type string is deprecated in /home/mafwor5/public_html/test/wp-content/plugins/events-manager/classes/em-object.php on line 1829
[04-Nov-2025 03:17:08 UTC] PHP Deprecated:  str_contains(): Passing null to parameter #1 ($haystack) of type string is deprecated in /home/mafwor5/public_html/test/wp-includes/shortcodes.php on line 709
[04-Nov-2025 03:17:08 UTC] PHP Deprecated:  str_replace(): Passing null to parameter #3 ($subject) of type array|string is deprecated in /home/mafwor5/public_html/test/wp-content/plugins/events-manager/classes/em-object.php on line 1836
[04-Nov-2025 11:05:22 UTC] Automatic updates starting...
[04-Nov-2025 11:05:22 UTC]   Automatic plugin updates starting...
[04-Nov-2025 11:05:22 UTC]   Automatic plugin updates complete.
[04-Nov-2025 11:05:22 UTC] Automatic updates complete.
[04-Nov-2025 22:50:30 UTC] Automatic updates starting...
[04-Nov-2025 22:50:30 UTC]   Automatic plugin updates starting...
[04-Nov-2025 22:50:30 UTC]   Automatic plugin updates complete.
[04-Nov-2025 22:50:30 UTC] Automatic updates complete.
[05-Nov-2025 06:36:14 UTC] PHP Deprecated:  preg_match(): Passing null to parameter #2 ($subject) of type string is deprecated in /home/mafwor5/public_html/test/wp-content/plugins/events-manager/classes/em-object.php on line 1829
[05-Nov-2025 06:36:14 UTC] PHP Deprecated:  str_contains(): Passing null to parameter #1 ($haystack) of type string is deprecated in /home/mafwor5/public_html/test/wp-includes/shortcodes.php on line 709
[05-Nov-2025 06:36:14 UTC] PHP Deprecated:  str_replace(): Passing null to parameter #3 ($subject) of type array|string is deprecated in /home/mafwor5/public_html/test/wp-content/plugins/events-manager/classes/em-object.php on line 1836
[05-Nov-2025 06:36:14 UTC] PHP Deprecated:  preg_match(): Passing null to parameter #2 ($subject) of type string is deprecated in /home/mafwor5/public_html/test/wp-content/plugins/events-manager/classes/em-object.php on line 1829
[05-Nov-2025 06:36:14 UTC] PHP Deprecated:  str_contains(): Passing null to parameter #1 ($haystack) of type string is deprecated in /home/mafwor5/public_html/test/wp-includes/shortcodes.php on line 709
[05-Nov-2025 06:36:14 UTC] PHP Deprecated:  str_replace(): Passing null to parameter #3 ($subject) of type array|string is deprecated in /home/mafwor5/public_html/test/wp-content/plugins/events-manager/classes/em-object.php on line 1836
[05-Nov-2025 06:36:14 UTC] PHP Deprecated:  preg_match(): Passing null to parameter #2 ($subject) of type string is deprecated in /home/mafwor5/public_html/test/wp-content/plugins/events-manager/classes/em-object.php on line 1829
[05-Nov-2025 06:36:14 UTC] PHP Deprecated:  str_contains(): Passing null to parameter #1 ($haystack) of type string is deprecated in /home/mafwor5/public_html/test/wp-includes/shortcodes.php on line 709
[05-Nov-2025 06:36:14 UTC] PHP Deprecated:  str_replace(): Passing null to parameter #3 ($subject) of type array|string is deprecated in /home/mafwor5/public_html/test/wp-content/plugins/events-manager/classes/em-object.php on line 1836
[05-Nov-2025 06:36:14 UTC] PHP Deprecated:  preg_match(): Passing null to parameter #2 ($subject) of type string is deprecated in /home/mafwor5/public_html/test/wp-content/plugins/events-manager/classes/em-object.php on line 1829
[05-Nov-2025 06:36:14 UTC] PHP Deprecated:  str_contains(): Passing null to parameter #1 ($haystack) of type string is deprecated in /home/mafwor5/public_html/test/wp-includes/shortcodes.php on line 709
[05-Nov-2025 06:36:14 UTC] PHP Deprecated:  str_replace(): Passing null to parameter #3 ($subject) of type array|string is deprecated in /home/mafwor5/public_html/test/wp-content/plugins/events-manager/classes/em-object.php on line 1836
[05-Nov-2025 06:36:14 UTC] PHP Deprecated:  preg_match(): Passing null to parameter #2 ($subject) of type string is deprecated in /home/mafwor5/public_html/test/wp-content/plugins/events-manager/classes/em-object.php on line 1829
[05-Nov-2025 06:36:14 UTC] PHP Deprecated:  str_contains(): Passing null to parameter #1 ($haystack) of type string is deprecated in /home/mafwor5/public_html/test/wp-includes/shortcodes.php on line 709
[05-Nov-2025 06:36:14 UTC] PHP Deprecated:  str_replace(): Passing null to parameter #3 ($subject) of type array|string is deprecated in /home/mafwor5/public_html/test/wp-content/plugins/events-manager/classes/em-object.php on line 1836
[05-Nov-2025 06:36:14 UTC] PHP Deprecated:  preg_match(): Passing null to parameter #2 ($subject) of type string is deprecated in /home/mafwor5/public_html/test/wp-content/plugins/events-manager/classes/em-object.php on line 1829
[05-Nov-2025 06:36:14 UTC] PHP Deprecated:  str_contains(): Passing null to parameter #1 ($haystack) of type string is deprecated in /home/mafwor5/public_html/test/wp-includes/shortcodes.php on line 709
[05-Nov-2025 06:36:14 UTC] PHP Deprecated:  str_replace(): Passing null to parameter #3 ($subject) of type array|string is deprecated in /home/mafwor5/public_html/test/wp-content/plugins/events-manager/classes/em-object.php on line 1836
[05-Nov-2025 08:31:20 UTC] PHP Deprecated:  preg_match(): Passing null to parameter #2 ($subject) of type string is deprecated in /home/mafwor5/public_html/test/wp-includes/post.php on line 1052
[05-Nov-2025 08:31:20 UTC] PHP Deprecated:  preg_replace(): Passing null to parameter #3 ($subject) of type array|string is deprecated in /home/mafwor5/public_html/test/wp-includes/post.php on line 1062
[05-Nov-2025 08:31:20 UTC] PHP Deprecated:  preg_match(): Passing null to parameter #2 ($subject) of type string is deprecated in /home/mafwor5/public_html/test/wp-includes/post.php on line 1052
[05-Nov-2025 08:31:20 UTC] PHP Deprecated:  preg_replace(): Passing null to parameter #3 ($subject) of type array|string is deprecated in /home/mafwor5/public_html/test/wp-includes/post.php on line 1062
[05-Nov-2025 08:31:20 UTC] PHP Deprecated:  preg_match(): Passing null to parameter #2 ($subject) of type string is deprecated in /home/mafwor5/public_html/test/wp-includes/post.php on line 1052
[05-Nov-2025 08:31:20 UTC] PHP Deprecated:  preg_replace(): Passing null to parameter #3 ($subject) of type array|string is deprecated in /home/mafwor5/public_html/test/wp-includes/post.php on line 1062
[05-Nov-2025 08:31:20 UTC] PHP Deprecated:  preg_match(): Passing null to parameter #2 ($subject) of type string is deprecated in /home/mafwor5/public_html/test/wp-includes/post.php on line 1052
[05-Nov-2025 08:31:20 UTC] PHP Deprecated:  preg_replace(): Passing null to parameter #3 ($subject) of type array|string is deprecated in /home/mafwor5/public_html/test/wp-includes/post.php on line 1062
[05-Nov-2025 08:31:20 UTC] PHP Deprecated:  preg_match(): Passing null to parameter #2 ($subject) of type string is deprecated in /home/mafwor5/public_html/test/wp-includes/post.php on line 1052
[05-Nov-2025 08:31:20 UTC] PHP Deprecated:  preg_replace(): Passing null to parameter #3 ($subject) of type array|string is deprecated in /home/mafwor5/public_html/test/wp-includes/post.php on line 1062
[05-Nov-2025 08:31:20 UTC] PHP Deprecated:  preg_match(): Passing null to parameter #2 ($subject) of type string is deprecated in /home/mafwor5/public_html/test/wp-includes/post.php on line 1052
[05-Nov-2025 08:31:20 UTC] PHP Deprecated:  preg_replace(): Passing null to parameter #3 ($subject) of type array|string is deprecated in /home/mafwor5/public_html/test/wp-includes/post.php on line 1062
[05-Nov-2025 08:31:20 UTC] PHP Deprecated:  preg_match(): Passing null to parameter #2 ($subject) of type string is deprecated in /home/mafwor5/public_html/test/wp-includes/post.php on line 1052
[05-Nov-2025 08:31:20 UTC] PHP Deprecated:  preg_replace(): Passing null to parameter #3 ($subject) of type array|string is deprecated in /home/mafwor5/public_html/test/wp-includes/post.php on line 1062
[05-Nov-2025 10:02:12 UTC] PHP Deprecated:  date_create(): Passing null to parameter #1 ($datetime) of type string is deprecated in /home/mafwor5/public_html/test/wp-includes/formatting.php on line 3672
[05-Nov-2025 10:02:12 UTC] PHP Deprecated:  preg_match(): Passing null to parameter #2 ($subject) of type string is deprecated in /home/mafwor5/public_html/test/wp-content/plugins/events-manager/classes/em-object.php on line 1829
[05-Nov-2025 10:02:12 UTC] PHP Deprecated:  str_replace(): Passing null to parameter #2 ($replace) of type array|string is deprecated in /home/mafwor5/public_html/test/wp-content/plugins/events-manager/classes/em-event.php on line 3339
[05-Nov-2025 10:02:12 UTC] PHP Deprecated:  date_create(): Passing null to parameter #1 ($datetime) of type string is deprecated in /home/mafwor5/public_html/test/wp-includes/formatting.php on line 3672
[05-Nov-2025 10:02:12 UTC] PHP Deprecated:  preg_match(): Passing null to parameter #2 ($subject) of type string is deprecated in /home/mafwor5/public_html/test/wp-content/plugins/events-manager/classes/em-object.php on line 1829
[05-Nov-2025 10:02:12 UTC] PHP Deprecated:  str_replace(): Passing null to parameter #2 ($replace) of type array|string is deprecated in /home/mafwor5/public_html/test/wp-content/plugins/events-manager/classes/em-event.php on line 3339
[05-Nov-2025 10:02:12 UTC] PHP Deprecated:  date_create(): Passing null to parameter #1 ($datetime) of type string is deprecated in /home/mafwor5/public_html/test/wp-includes/formatting.php on line 3672
[05-Nov-2025 10:02:12 UTC] PHP Deprecated:  preg_match(): Passing null to parameter #2 ($subject) of type string is deprecated in /home/mafwor5/public_html/test/wp-content/plugins/events-manager/classes/em-object.php on line 1829
[05-Nov-2025 10:02:12 UTC] PHP Deprecated:  str_replace(): Passing null to parameter #2 ($replace) of type array|string is deprecated in /home/mafwor5/public_html/test/wp-content/plugins/events-manager/classes/em-event.php on line 3339
[05-Nov-2025 10:02:12 UTC] PHP Deprecated:  date_create(): Passing null to parameter #1 ($datetime) of type string is deprecated in /home/mafwor5/public_html/test/wp-includes/formatting.php on line 3672
[05-Nov-2025 10:02:12 UTC] PHP Deprecated:  preg_match(): Passing null to parameter #2 ($subject) of type string is deprecated in /home/mafwor5/public_html/test/wp-content/plugins/events-manager/classes/em-object.php on line 1829
[05-Nov-2025 10:02:12 UTC] PHP Deprecated:  str_replace(): Passing null to parameter #2 ($replace) of type array|string is deprecated in /home/mafwor5/public_html/test/wp-content/plugins/events-manager/classes/em-event.php on line 3339
[05-Nov-2025 10:02:12 UTC] PHP Deprecated:  date_create(): Passing null to parameter #1 ($datetime) of type string is deprecated in /home/mafwor5/public_html/test/wp-includes/formatting.php on line 3672
[05-Nov-2025 10:02:12 UTC] PHP Deprecated:  preg_match(): Passing null to parameter #2 ($subject) of type string is deprecated in /home/mafwor5/public_html/test/wp-content/plugins/events-manager/classes/em-object.php on line 1829
[05-Nov-2025 10:02:12 UTC] PHP Deprecated:  str_replace(): Passing null to parameter #2 ($replace) of type array|string is deprecated in /home/mafwor5/public_html/test/wp-content/plugins/events-manager/classes/em-event.php on line 3339
[05-Nov-2025 10:02:12 UTC] PHP Deprecated:  date_create(): Passing null to parameter #1 ($datetime) of type string is deprecated in /home/mafwor5/public_html/test/wp-includes/formatting.php on line 3672
[05-Nov-2025 10:02:12 UTC] PHP Deprecated:  preg_match(): Passing null to parameter #2 ($subject) of type string is deprecated in /home/mafwor5/public_html/test/wp-content/plugins/events-manager/classes/em-object.php on line 1829
[05-Nov-2025 10:02:12 UTC] PHP Deprecated:  str_replace(): Passing null to parameter #2 ($replace) of type array|string is deprecated in /home/mafwor5/public_html/test/wp-content/plugins/events-manager/classes/em-event.php on line 3339
[05-Nov-2025 10:02:12 UTC] PHP Deprecated:  date_create(): Passing null to parameter #1 ($datetime) of type string is deprecated in /home/mafwor5/public_html/test/wp-includes/formatting.php on line 3672
[05-Nov-2025 10:02:12 UTC] PHP Deprecated:  preg_match(): Passing null to parameter #2 ($subject) of type string is deprecated in /home/mafwor5/public_html/test/wp-content/plugins/events-manager/classes/em-object.php on line 1829
[05-Nov-2025 10:02:12 UTC] PHP Deprecated:  str_replace(): Passing null to parameter #2 ($replace) of type array|string is deprecated in /home/mafwor5/public_html/test/wp-content/plugins/events-manager/classes/em-event.php on line 3339
[05-Nov-2025 10:05:20 UTC] PHP Deprecated:  date_create(): Passing null to parameter #1 ($datetime) of type string is deprecated in /home/mafwor5/public_html/test/wp-includes/formatting.php on line 3672
[05-Nov-2025 10:05:20 UTC] PHP Deprecated:  preg_match(): Passing null to parameter #2 ($subject) of type string is deprecated in /home/mafwor5/public_html/test/wp-content/plugins/events-manager/classes/em-object.php on line 1829
[05-Nov-2025 10:05:20 UTC] PHP Deprecated:  str_replace(): Passing null to parameter #2 ($replace) of type array|string is deprecated in /home/mafwor5/public_html/test/wp-content/plugins/events-manager/classes/em-event.php on line 3339
[05-Nov-2025 10:05:20 UTC] PHP Deprecated:  date_create(): Passing null to parameter #1 ($datetime) of type string is deprecated in /home/mafwor5/public_html/test/wp-includes/formatting.php on line 3672
[05-Nov-2025 10:05:20 UTC] PHP Deprecated:  preg_match(): Passing null to parameter #2 ($subject) of type string is deprecated in /home/mafwor5/public_html/test/wp-content/plugins/events-manager/classes/em-object.php on line 1829
[05-Nov-2025 10:05:20 UTC] PHP Deprecated:  str_replace(): Passing null to parameter #2 ($replace) of type array|string is deprecated in /home/mafwor5/public_html/test/wp-content/plugins/events-manager/classes/em-event.php on line 3339
[05-Nov-2025 10:05:20 UTC] PHP Deprecated:  date_create(): Passing null to parameter #1 ($datetime) of type string is deprecated in /home/mafwor5/public_html/test/wp-includes/formatting.php on line 3672
[05-Nov-2025 10:05:20 UTC] PHP Deprecated:  preg_match(): Passing null to parameter #2 ($subject) of type string is deprecated in /home/mafwor5/public_html/test/wp-content/plugins/events-manager/classes/em-object.php on line 1829
[05-Nov-2025 10:05:20 UTC] PHP Deprecated:  str_replace(): Passing null to parameter #2 ($replace) of type array|string is deprecated in /home/mafwor5/public_html/test/wp-content/plugins/events-manager/classes/em-event.php on line 3339
[05-Nov-2025 10:05:20 UTC] PHP Deprecated:  date_create(): Passing null to parameter #1 ($datetime) of type string is deprecated in /home/mafwor5/public_html/test/wp-includes/formatting.php on line 3672
[05-Nov-2025 10:05:20 UTC] PHP Deprecated:  preg_match(): Passing null to parameter #2 ($subject) of type string is deprecated in /home/mafwor5/public_html/test/wp-content/plugins/events-manager/classes/em-object.php on line 1829
[05-Nov-2025 10:05:20 UTC] PHP Deprecated:  str_replace(): Passing null to parameter #2 ($replace) of type array|string is deprecated in /home/mafwor5/public_html/test/wp-content/plugins/events-manager/classes/em-event.php on line 3339
[05-Nov-2025 10:05:20 UTC] PHP Deprecated:  date_create(): Passing null to parameter #1 ($datetime) of type string is deprecated in /home/mafwor5/public_html/test/wp-includes/formatting.php on line 3672
[05-Nov-2025 10:05:20 UTC] PHP Deprecated:  preg_match(): Passing null to parameter #2 ($subject) of type string is deprecated in /home/mafwor5/public_html/test/wp-content/plugins/events-manager/classes/em-object.php on line 1829
[05-Nov-2025 10:05:20 UTC] PHP Deprecated:  str_replace(): Passing null to parameter #2 ($replace) of type array|string is deprecated in /home/mafwor5/public_html/test/wp-content/plugins/events-manager/classes/em-event.php on line 3339
[05-Nov-2025 10:05:20 UTC] PHP Deprecated:  date_create(): Passing null to parameter #1 ($datetime) of type string is deprecated in /home/mafwor5/public_html/test/wp-includes/formatting.php on line 3672
[05-Nov-2025 10:05:20 UTC] PHP Deprecated:  preg_match(): Passing null to parameter #2 ($subject) of type string is deprecated in /home/mafwor5/public_html/test/wp-content/plugins/events-manager/classes/em-object.php on line 1829
[05-Nov-2025 10:05:20 UTC] PHP Deprecated:  str_replace(): Passing null to parameter #2 ($replace) of type array|string is deprecated in /home/mafwor5/public_html/test/wp-content/plugins/events-manager/classes/em-event.php on line 3339
[05-Nov-2025 10:05:20 UTC] PHP Deprecated:  date_create(): Passing null to parameter #1 ($datetime) of type string is deprecated in /home/mafwor5/public_html/test/wp-includes/formatting.php on line 3672
[05-Nov-2025 10:05:20 UTC] PHP Deprecated:  preg_match(): Passing null to parameter #2 ($subject) of type string is deprecated in /home/mafwor5/public_html/test/wp-content/plugins/events-manager/classes/em-object.php on line 1829
[05-Nov-2025 10:05:20 UTC] PHP Deprecated:  str_replace(): Passing null to parameter #2 ($replace) of type array|string is deprecated in /home/mafwor5/public_html/test/wp-content/plugins/events-manager/classes/em-event.php on line 3339
[05-Nov-2025 10:06:54 UTC] PHP Deprecated:  date_create(): Passing null to parameter #1 ($datetime) of type string is deprecated in /home/mafwor5/public_html/test/wp-includes/formatting.php on line 3672
[05-Nov-2025 10:06:54 UTC] PHP Deprecated:  preg_match(): Passing null to parameter #2 ($subject) of type string is deprecated in /home/mafwor5/public_html/test/wp-content/plugins/events-manager/classes/em-object.php on line 1829
[05-Nov-2025 10:06:54 UTC] PHP Deprecated:  str_replace(): Passing null to parameter #2 ($replace) of type array|string is deprecated in /home/mafwor5/public_html/test/wp-content/plugins/events-manager/classes/em-event.php on line 3339
[05-Nov-2025 10:06:54 UTC] PHP Deprecated:  date_create(): Passing null to parameter #1 ($datetime) of type string is deprecated in /home/mafwor5/public_html/test/wp-includes/formatting.php on line 3672
[05-Nov-2025 10:06:54 UTC] PHP Deprecated:  preg_match(): Passing null to parameter #2 ($subject) of type string is deprecated in /home/mafwor5/public_html/test/wp-content/plugins/events-manager/classes/em-object.php on line 1829
[05-Nov-2025 10:06:54 UTC] PHP Deprecated:  str_replace(): Passing null to parameter #2 ($replace) of type array|string is deprecated in /home/mafwor5/public_html/test/wp-content/plugins/events-manager/classes/em-event.php on line 3339
[05-Nov-2025 10:06:54 UTC] PHP Deprecated:  date_create(): Passing null to parameter #1 ($datetime) of type string is deprecated in /home/mafwor5/public_html/test/wp-includes/formatting.php on line 3672
[05-Nov-2025 10:06:54 UTC] PHP Deprecated:  preg_match(): Passing null to parameter #2 ($subject) of type string is deprecated in /home/mafwor5/public_html/test/wp-content/plugins/events-manager/classes/em-object.php on line 1829
[05-Nov-2025 10:06:54 UTC] PHP Deprecated:  str_replace(): Passing null to parameter #2 ($replace) of type array|string is deprecated in /home/mafwor5/public_html/test/wp-content/plugins/events-manager/classes/em-event.php on line 3339
[05-Nov-2025 10:06:54 UTC] PHP Deprecated:  date_create(): Passing null to parameter #1 ($datetime) of type string is deprecated in /home/mafwor5/public_html/test/wp-includes/formatting.php on line 3672
[05-Nov-2025 10:06:54 UTC] PHP Deprecated:  preg_match(): Passing null to parameter #2 ($subject) of type string is deprecated in /home/mafwor5/public_html/test/wp-content/plugins/events-manager/classes/em-object.php on line 1829
[05-Nov-2025 10:06:54 UTC] PHP Deprecated:  str_replace(): Passing null to parameter #2 ($replace) of type array|string is deprecated in /home/mafwor5/public_html/test/wp-content/plugins/events-manager/classes/em-event.php on line 3339
[05-Nov-2025 10:06:54 UTC] PHP Deprecated:  date_create(): Passing null to parameter #1 ($datetime) of type string is deprecated in /home/mafwor5/public_html/test/wp-includes/formatting.php on line 3672
[05-Nov-2025 10:06:54 UTC] PHP Deprecated:  preg_match(): Passing null to parameter #2 ($subject) of type string is deprecated in /home/mafwor5/public_html/test/wp-content/plugins/events-manager/classes/em-object.php on line 1829
[05-Nov-2025 10:06:54 UTC] PHP Deprecated:  str_replace(): Passing null to parameter #2 ($replace) of type array|string is deprecated in /home/mafwor5/public_html/test/wp-content/plugins/events-manager/classes/em-event.php on line 3339
[05-Nov-2025 10:06:54 UTC] PHP Deprecated:  date_create(): Passing null to parameter #1 ($datetime) of type string is deprecated in /home/mafwor5/public_html/test/wp-includes/formatting.php on line 3672
[05-Nov-2025 10:06:54 UTC] PHP Deprecated:  preg_match(): Passing null to parameter #2 ($subject) of type string is deprecated in /home/mafwor5/public_html/test/wp-content/plugins/events-manager/classes/em-object.php on line 1829
[05-Nov-2025 10:06:54 UTC] PHP Deprecated:  str_replace(): Passing null to parameter #2 ($replace) of type array|string is deprecated in /home/mafwor5/public_html/test/wp-content/plugins/events-manager/classes/em-event.php on line 3339
[05-Nov-2025 10:06:54 UTC] PHP Deprecated:  date_create(): Passing null to parameter #1 ($datetime) of type string is deprecated in /home/mafwor5/public_html/test/wp-includes/formatting.php on line 3672
[05-Nov-2025 10:06:54 UTC] PHP Deprecated:  preg_match(): Passing null to parameter #2 ($subject) of type string is deprecated in /home/mafwor5/public_html/test/wp-content/plugins/events-manager/classes/em-object.php on line 1829
[05-Nov-2025 10:06:54 UTC] PHP Deprecated:  str_replace(): Passing null to parameter #2 ($replace) of type array|string is deprecated in /home/mafwor5/public_html/test/wp-content/plugins/events-manager/classes/em-event.php on line 3339
[05-Nov-2025 10:11:40 UTC] PHP Deprecated:  preg_match(): Passing null to parameter #2 ($subject) of type string is deprecated in /home/mafwor5/public_html/test/wp-content/plugins/events-manager/classes/em-object.php on line 1829
[05-Nov-2025 10:11:40 UTC] PHP Deprecated:  str_contains(): Passing null to parameter #1 ($haystack) of type string is deprecated in /home/mafwor5/public_html/test/wp-includes/shortcodes.php on line 709
[05-Nov-2025 10:11:40 UTC] PHP Deprecated:  str_replace(): Passing null to parameter #3 ($subject) of type array|string is deprecated in /home/mafwor5/public_html/test/wp-content/plugins/events-manager/classes/em-object.php on line 1836
[05-Nov-2025 10:11:40 UTC] PHP Deprecated:  preg_match(): Passing null to parameter #2 ($subject) of type string is deprecated in /home/mafwor5/public_html/test/wp-content/plugins/events-manager/classes/em-object.php on line 1829
[05-Nov-2025 10:11:40 UTC] PHP Deprecated:  str_contains(): Passing null to parameter #1 ($haystack) of type string is deprecated in /home/mafwor5/public_html/test/wp-includes/shortcodes.php on line 709
[05-Nov-2025 10:11:40 UTC] PHP Deprecated:  str_replace(): Passing null to parameter #3 ($subject) of type array|string is deprecated in /home/mafwor5/public_html/test/wp-content/plugins/events-manager/classes/em-object.php on line 1836
[05-Nov-2025 10:11:40 UTC] PHP Deprecated:  preg_match(): Passing null to parameter #2 ($subject) of type string is deprecated in /home/mafwor5/public_html/test/wp-content/plugins/events-manager/classes/em-object.php on line 1829
[05-Nov-2025 10:11:40 UTC] PHP Deprecated:  str_contains(): Passing null to parameter #1 ($haystack) of type string is deprecated in /home/mafwor5/public_html/test/wp-includes/shortcodes.php on line 709
[05-Nov-2025 10:11:40 UTC] PHP Deprecated:  str_replace(): Passing null to parameter #3 ($subject) of type array|string is deprecated in /home/mafwor5/public_html/test/wp-content/plugins/events-manager/classes/em-object.php on line 1836
[05-Nov-2025 10:11:40 UTC] PHP Deprecated:  preg_match(): Passing null to parameter #2 ($subject) of type string is deprecated in /home/mafwor5/public_html/test/wp-content/plugins/events-manager/classes/em-object.php on line 1829
[05-Nov-2025 10:11:40 UTC] PHP Deprecated:  str_contains(): Passing null to parameter #1 ($haystack) of type string is deprecated in /home/mafwor5/public_html/test/wp-includes/shortcodes.php on line 709
[05-Nov-2025 10:11:40 UTC] PHP Deprecated:  str_replace(): Passing null to parameter #3 ($subject) of type array|string is deprecated in /home/mafwor5/public_html/test/wp-content/plugins/events-manager/classes/em-object.php on line 1836
[05-Nov-2025 10:11:40 UTC] PHP Deprecated:  preg_match(): Passing null to parameter #2 ($subject) of type string is deprecated in /home/mafwor5/public_html/test/wp-content/plugins/events-manager/classes/em-object.php on line 1829
[05-Nov-2025 10:11:40 UTC] PHP Deprecated:  str_contains(): Passing null to parameter #1 ($haystack) of type string is deprecated in /home/mafwor5/public_html/test/wp-includes/shortcodes.php on line 709
[05-Nov-2025 10:11:40 UTC] PHP Deprecated:  str_replace(): Passing null to parameter #3 ($subject) of type array|string is deprecated in /home/mafwor5/public_html/test/wp-content/plugins/events-manager/classes/em-object.php on line 1836
[05-Nov-2025 10:11:40 UTC] PHP Deprecated:  preg_match(): Passing null to parameter #2 ($subject) of type string is deprecated in /home/mafwor5/public_html/test/wp-content/plugins/events-manager/classes/em-object.php on line 1829
[05-Nov-2025 10:11:40 UTC] PHP Deprecated:  str_contains(): Passing null to parameter #1 ($haystack) of type string is deprecated in /home/mafwor5/public_html/test/wp-includes/shortcodes.php on line 709
[05-Nov-2025 10:11:40 UTC] PHP Deprecated:  str_replace(): Passing null to parameter #3 ($subject) of type array|string is deprecated in /home/mafwor5/public_html/test/wp-content/plugins/events-manager/classes/em-object.php on line 1836
[05-Nov-2025 10:13:17 UTC] PHP Deprecated:  preg_match(): Passing null to parameter #2 ($subject) of type string is deprecated in /home/mafwor5/public_html/test/wp-includes/post.php on line 1052
[05-Nov-2025 10:13:17 UTC] PHP Deprecated:  preg_replace(): Passing null to parameter #3 ($subject) of type array|string is deprecated in /home/mafwor5/public_html/test/wp-includes/post.php on line 1062
[05-Nov-2025 10:13:17 UTC] PHP Deprecated:  preg_match(): Passing null to parameter #2 ($subject) of type string is deprecated in /home/mafwor5/public_html/test/wp-includes/post.php on line 1052
[05-Nov-2025 10:13:17 UTC] PHP Deprecated:  preg_replace(): Passing null to parameter #3 ($subject) of type array|string is deprecated in /home/mafwor5/public_html/test/wp-includes/post.php on line 1062
[05-Nov-2025 10:13:17 UTC] PHP Deprecated:  preg_match(): Passing null to parameter #2 ($subject) of type string is deprecated in /home/mafwor5/public_html/test/wp-includes/post.php on line 1052
[05-Nov-2025 10:13:17 UTC] PHP Deprecated:  preg_replace(): Passing null to parameter #3 ($subject) of type array|string is deprecated in /home/mafwor5/public_html/test/wp-includes/post.php on line 1062
[05-Nov-2025 10:13:17 UTC] PHP Deprecated:  preg_match(): Passing null to parameter #2 ($subject) of type string is deprecated in /home/mafwor5/public_html/test/wp-includes/post.php on line 1052
[05-Nov-2025 10:13:17 UTC] PHP Deprecated:  preg_replace(): Passing null to parameter #3 ($subject) of type array|string is deprecated in /home/mafwor5/public_html/test/wp-includes/post.php on line 1062
[05-Nov-2025 14:10:41 UTC] PHP Deprecated:  preg_match(): Passing null to parameter #2 ($subject) of type string is deprecated in /home/mafwor5/public_html/test/wp-includes/post.php on line 1052
[05-Nov-2025 14:10:41 UTC] PHP Deprecated:  preg_replace(): Passing null to parameter #3 ($subject) of type array|string is deprecated in /home/mafwor5/public_html/test/wp-includes/post.php on line 1062
[05-Nov-2025 14:10:41 UTC] PHP Deprecated:  preg_match(): Passing null to parameter #2 ($subject) of type string is deprecated in /home/mafwor5/public_html/test/wp-includes/post.php on line 1052
[05-Nov-2025 14:10:41 UTC] PHP Deprecated:  preg_replace(): Passing null to parameter #3 ($subject) of type array|string is deprecated in /home/mafwor5/public_html/test/wp-includes/post.php on line 1062
[05-Nov-2025 14:10:41 UTC] PHP Deprecated:  preg_match(): Passing null to parameter #2 ($subject) of type string is deprecated in /home/mafwor5/public_html/test/wp-includes/post.php on line 1052
[05-Nov-2025 14:10:41 UTC] PHP Deprecated:  preg_replace(): Passing null to parameter #3 ($subject) of type array|string is deprecated in /home/mafwor5/public_html/test/wp-includes/post.php on line 1062
[05-Nov-2025 14:10:41 UTC] PHP Deprecated:  preg_match(): Passing null to parameter #2 ($subject) of type string is deprecated in /home/mafwor5/public_html/test/wp-includes/post.php on line 1052
[05-Nov-2025 14:10:41 UTC] PHP Deprecated:  preg_replace(): Passing null to parameter #3 ($subject) of type array|string is deprecated in /home/mafwor5/public_html/test/wp-includes/post.php on line 1062
[05-Nov-2025 14:10:43 UTC] Automatic updates starting...
[05-Nov-2025 14:10:43 UTC]   Automatic plugin updates starting...
[05-Nov-2025 14:10:43 UTC]   Automatic plugin updates complete.
[05-Nov-2025 14:10:43 UTC] Automatic updates complete.
[05-Nov-2025 14:10:53 UTC] PHP Warning:  The URL https://s1.softaculous.com/a/loginizer//updates.php?version=2.0.3&checking_for_updates=1&installed_version=2.0.3&license=SOFTWP-41226-74802-29736-95673&url=https%3A%2F%2Fmafw.org%2Ftest does not point to a valid plugin metadata file. WP HTTP Error: cURL error 28: Operation timed out after 10000 milliseconds with 0 bytes received in /home/mafwor5/public_html/test/wp-content/plugins/loginizer-security/updater/plugin-update-checker.php on line 985
[05-Nov-2025 14:10:59 UTC] PHP Deprecated:  date_create(): Passing null to parameter #1 ($datetime) of type string is deprecated in /home/mafwor5/public_html/test/wp-includes/formatting.php on line 3672
[05-Nov-2025 14:10:59 UTC] PHP Deprecated:  preg_match(): Passing null to parameter #2 ($subject) of type string is deprecated in /home/mafwor5/public_html/test/wp-content/plugins/events-manager/classes/em-object.php on line 1829
[05-Nov-2025 14:10:59 UTC] PHP Deprecated:  str_replace(): Passing null to parameter #2 ($replace) of type array|string is deprecated in /home/mafwor5/public_html/test/wp-content/plugins/events-manager/classes/em-event.php on line 3339
[05-Nov-2025 14:10:59 UTC] PHP Deprecated:  date_create(): Passing null to parameter #1 ($datetime) of type string is deprecated in /home/mafwor5/public_html/test/wp-includes/formatting.php on line 3672
[05-Nov-2025 14:10:59 UTC] PHP Deprecated:  preg_match(): Passing null to parameter #2 ($subject) of type string is deprecated in /home/mafwor5/public_html/test/wp-content/plugins/events-manager/classes/em-object.php on line 1829
[05-Nov-2025 14:10:59 UTC] PHP Deprecated:  str_replace(): Passing null to parameter #2 ($replace) of type array|string is deprecated in /home/mafwor5/public_html/test/wp-content/plugins/events-manager/classes/em-event.php on line 3339
[05-Nov-2025 14:10:59 UTC] PHP Deprecated:  date_create(): Passing null to parameter #1 ($datetime) of type string is deprecated in /home/mafwor5/public_html/test/wp-includes/formatting.php on line 3672
[05-Nov-2025 14:10:59 UTC] PHP Deprecated:  preg_match(): Passing null to parameter #2 ($subject) of type string is deprecated in /home/mafwor5/public_html/test/wp-content/plugins/events-manager/classes/em-object.php on line 1829
[05-Nov-2025 14:10:59 UTC] PHP Deprecated:  str_replace(): Passing null to parameter #2 ($replace) of type array|string is deprecated in /home/mafwor5/public_html/test/wp-content/plugins/events-manager/classes/em-event.php on line 3339
[05-Nov-2025 14:10:59 UTC] PHP Deprecated:  date_create(): Passing null to parameter #1 ($datetime) of type string is deprecated in /home/mafwor5/public_html/test/wp-includes/formatting.php on line 3672
[05-Nov-2025 14:10:59 UTC] PHP Deprecated:  preg_match(): Passing null to parameter #2 ($subject) of type string is deprecated in /home/mafwor5/public_html/test/wp-content/plugins/events-manager/classes/em-object.php on line 1829
[05-Nov-2025 14:10:59 UTC] PHP Deprecated:  str_replace(): Passing null to parameter #2 ($replace) of type array|string is deprecated in /home/mafwor5/public_html/test/wp-content/plugins/events-manager/classes/em-event.php on line 3339
[05-Nov-2025 14:10:59 UTC] PHP Deprecated:  date_create(): Passing null to parameter #1 ($datetime) of type string is deprecated in /home/mafwor5/public_html/test/wp-includes/formatting.php on line 3672
[05-Nov-2025 14:10:59 UTC] PHP Deprecated:  preg_match(): Passing null to parameter #2 ($subject) of type string is deprecated in /home/mafwor5/public_html/test/wp-content/plugins/events-manager/classes/em-object.php on line 1829
[05-Nov-2025 14:10:59 UTC] PHP Deprecated:  str_replace(): Passing null to parameter #2 ($replace) of type array|string is deprecated in /home/mafwor5/public_html/test/wp-content/plugins/events-manager/classes/em-event.php on line 3339
[05-Nov-2025 14:10:59 UTC] PHP Deprecated:  date_create(): Passing null to parameter #1 ($datetime) of type string is deprecated in /home/mafwor5/public_html/test/wp-includes/formatting.php on line 3672
[05-Nov-2025 14:10:59 UTC] PHP Deprecated:  preg_match(): Passing null to parameter #2 ($subject) of type string is deprecated in /home/mafwor5/public_html/test/wp-content/plugins/events-manager/classes/em-object.php on line 1829
[05-Nov-2025 14:10:59 UTC] PHP Deprecated:  str_replace(): Passing null to parameter #2 ($replace) of type array|string is deprecated in /home/mafwor5/public_html/test/wp-content/plugins/events-manager/classes/em-event.php on line 3339
[05-Nov-2025 14:10:59 UTC] PHP Deprecated:  date_create(): Passing null to parameter #1 ($datetime) of type string is deprecated in /home/mafwor5/public_html/test/wp-includes/formatting.php on line 3672
[05-Nov-2025 14:10:59 UTC] PHP Deprecated:  preg_match(): Passing null to parameter #2 ($subject) of type string is deprecated in /home/mafwor5/public_html/test/wp-content/plugins/events-manager/classes/em-object.php on line 1829
[05-Nov-2025 14:10:59 UTC] PHP Deprecated:  str_replace(): Passing null to parameter #2 ($replace) of type array|string is deprecated in /home/mafwor5/public_html/test/wp-content/plugins/events-manager/classes/em-event.php on line 3339
[05-Nov-2025 20:55:13 UTC] PHP Deprecated:  preg_match(): Passing null to parameter #2 ($subject) of type string is deprecated in /home/mafwor5/public_html/test/wp-includes/post.php on line 1052
[05-Nov-2025 20:55:13 UTC] PHP Deprecated:  preg_replace(): Passing null to parameter #3 ($subject) of type array|string is deprecated in /home/mafwor5/public_html/test/wp-includes/post.php on line 1062
[05-Nov-2025 20:55:13 UTC] PHP Deprecated:  preg_match(): Passing null to parameter #2 ($subject) of type string is deprecated in /home/mafwor5/public_html/test/wp-includes/post.php on line 1052
[05-Nov-2025 20:55:13 UTC] PHP Deprecated:  preg_replace(): Passing null to parameter #3 ($subject) of type array|string is deprecated in /home/mafwor5/public_html/test/wp-includes/post.php on line 1062
[05-Nov-2025 20:55:13 UTC] PHP Deprecated:  preg_match(): Passing null to parameter #2 ($subject) of type string is deprecated in /home/mafwor5/public_html/test/wp-includes/post.php on line 1052
[05-Nov-2025 20:55:13 UTC] PHP Deprecated:  preg_replace(): Passing null to parameter #3 ($subject) of type array|string is deprecated in /home/mafwor5/public_html/test/wp-includes/post.php on line 1062
[05-Nov-2025 20:55:13 UTC] PHP Deprecated:  preg_match(): Passing null to parameter #2 ($subject) of type string is deprecated in /home/mafwor5/public_html/test/wp-includes/post.php on line 1052
[05-Nov-2025 20:55:13 UTC] PHP Deprecated:  preg_replace(): Passing null to parameter #3 ($subject) of type array|string is deprecated in /home/mafwor5/public_html/test/wp-includes/post.php on line 1062
[05-Nov-2025 20:55:13 UTC] PHP Deprecated:  preg_match(): Passing null to parameter #2 ($subject) of type string is deprecated in /home/mafwor5/public_html/test/wp-includes/post.php on line 1052
[05-Nov-2025 20:55:13 UTC] PHP Deprecated:  preg_replace(): Passing null to parameter #3 ($subject) of type array|string is deprecated in /home/mafwor5/public_html/test/wp-includes/post.php on line 1062
[05-Nov-2025 20:55:13 UTC] PHP Deprecated:  preg_match(): Passing null to parameter #2 ($subject) of type string is deprecated in /home/mafwor5/public_html/test/wp-includes/post.php on line 1052
[05-Nov-2025 20:55:13 UTC] PHP Deprecated:  preg_replace(): Passing null to parameter #3 ($subject) of type array|string is deprecated in /home/mafwor5/public_html/test/wp-includes/post.php on line 1062
[05-Nov-2025 20:55:13 UTC] PHP Deprecated:  preg_match(): Passing null to parameter #2 ($subject) of type string is deprecated in /home/mafwor5/public_html/test/wp-includes/post.php on line 1052
[05-Nov-2025 20:55:13 UTC] PHP Deprecated:  preg_replace(): Passing null to parameter #3 ($subject) of type array|string is deprecated in /home/mafwor5/public_html/test/wp-includes/post.php on line 1062
[05-Nov-2025 20:55:28 UTC] PHP Deprecated:  preg_match(): Passing null to parameter #2 ($subject) of type string is deprecated in /home/mafwor5/public_html/test/wp-content/plugins/events-manager/classes/em-object.php on line 1829
[05-Nov-2025 20:55:28 UTC] PHP Deprecated:  str_contains(): Passing null to parameter #1 ($haystack) of type string is deprecated in /home/mafwor5/public_html/test/wp-includes/shortcodes.php on line 709
[05-Nov-2025 20:55:28 UTC] PHP Deprecated:  str_replace(): Passing null to parameter #3 ($subject) of type array|string is deprecated in /home/mafwor5/public_html/test/wp-content/plugins/events-manager/classes/em-object.php on line 1836
[05-Nov-2025 20:55:28 UTC] PHP Deprecated:  preg_match(): Passing null to parameter #2 ($subject) of type string is deprecated in /home/mafwor5/public_html/test/wp-content/plugins/events-manager/classes/em-object.php on line 1829
[05-Nov-2025 20:55:28 UTC] PHP Deprecated:  str_contains(): Passing null to parameter #1 ($haystack) of type string is deprecated in /home/mafwor5/public_html/test/wp-includes/shortcodes.php on line 709
[05-Nov-2025 20:55:28 UTC] PHP Deprecated:  str_replace(): Passing null to parameter #3 ($subject) of type array|string is deprecated in /home/mafwor5/public_html/test/wp-content/plugins/events-manager/classes/em-object.php on line 1836
[05-Nov-2025 20:55:28 UTC] PHP Deprecated:  preg_match(): Passing null to parameter #2 ($subject) of type string is deprecated in /home/mafwor5/public_html/test/wp-content/plugins/events-manager/classes/em-object.php on line 1829
[05-Nov-2025 20:55:28 UTC] PHP Deprecated:  str_contains(): Passing null to parameter #1 ($haystack) of type string is deprecated in /home/mafwor5/public_html/test/wp-includes/shortcodes.php on line 709
[05-Nov-2025 20:55:28 UTC] PHP Deprecated:  str_replace(): Passing null to parameter #3 ($subject) of type array|string is deprecated in /home/mafwor5/public_html/test/wp-content/plugins/events-manager/classes/em-object.php on line 1836
[05-Nov-2025 20:55:28 UTC] PHP Deprecated:  preg_match(): Passing null to parameter #2 ($subject) of type string is deprecated in /home/mafwor5/public_html/test/wp-content/plugins/events-manager/classes/em-object.php on line 1829
[05-Nov-2025 20:55:28 UTC] PHP Deprecated:  str_contains(): Passing null to parameter #1 ($haystack) of type string is deprecated in /home/mafwor5/public_html/test/wp-includes/shortcodes.php on line 709
[05-Nov-2025 20:55:28 UTC] PHP Deprecated:  str_replace(): Passing null to parameter #3 ($subject) of type array|string is deprecated in /home/mafwor5/public_html/test/wp-content/plugins/events-manager/classes/em-object.php on line 1836
[05-Nov-2025 20:55:28 UTC] PHP Deprecated:  preg_match(): Passing null to parameter #2 ($subject) of type string is deprecated in /home/mafwor5/public_html/test/wp-content/plugins/events-manager/classes/em-object.php on line 1829
[05-Nov-2025 20:55:28 UTC] PHP Deprecated:  str_contains(): Passing null to parameter #1 ($haystack) of type string is deprecated in /home/mafwor5/public_html/test/wp-includes/shortcodes.php on line 709
[05-Nov-2025 20:55:28 UTC] PHP Deprecated:  str_replace(): Passing null to parameter #3 ($subject) of type array|string is deprecated in /home/mafwor5/public_html/test/wp-content/plugins/events-manager/classes/em-object.php on line 1836
[05-Nov-2025 20:55:28 UTC] PHP Deprecated:  preg_match(): Passing null to parameter #2 ($subject) of type string is deprecated in /home/mafwor5/public_html/test/wp-content/plugins/events-manager/classes/em-object.php on line 1829
[05-Nov-2025 20:55:28 UTC] PHP Deprecated:  str_contains(): Passing null to parameter #1 ($haystack) of type string is deprecated in /home/mafwor5/public_html/test/wp-includes/shortcodes.php on line 709
[05-Nov-2025 20:55:28 UTC] PHP Deprecated:  str_replace(): Passing null to parameter #3 ($subject) of type array|string is deprecated in /home/mafwor5/public_html/test/wp-content/plugins/events-manager/classes/em-object.php on line 1836
[05-Nov-2025 20:55:35 UTC] PHP Deprecated:  preg_match(): Passing null to parameter #2 ($subject) of type string is deprecated in /home/mafwor5/public_html/test/wp-includes/post.php on line 1052
[05-Nov-2025 20:55:35 UTC] PHP Deprecated:  preg_replace(): Passing null to parameter #3 ($subject) of type array|string is deprecated in /home/mafwor5/public_html/test/wp-includes/post.php on line 1062
[05-Nov-2025 20:55:35 UTC] PHP Deprecated:  preg_match(): Passing null to parameter #2 ($subject) of type string is deprecated in /home/mafwor5/public_html/test/wp-includes/post.php on line 1052
[05-Nov-2025 20:55:35 UTC] PHP Deprecated:  preg_replace(): Passing null to parameter #3 ($subject) of type array|string is deprecated in /home/mafwor5/public_html/test/wp-includes/post.php on line 1062
[05-Nov-2025 20:55:35 UTC] PHP Deprecated:  preg_match(): Passing null to parameter #2 ($subject) of type string is deprecated in /home/mafwor5/public_html/test/wp-includes/post.php on line 1052
[05-Nov-2025 20:55:35 UTC] PHP Deprecated:  preg_replace(): Passing null to parameter #3 ($subject) of type array|string is deprecated in /home/mafwor5/public_html/test/wp-includes/post.php on line 1062
[05-Nov-2025 20:55:35 UTC] PHP Deprecated:  preg_match(): Passing null to parameter #2 ($subject) of type string is deprecated in /home/mafwor5/public_html/test/wp-includes/post.php on line 1052
[05-Nov-2025 20:55:35 UTC] PHP Deprecated:  preg_replace(): Passing null to parameter #3 ($subject) of type array|string is deprecated in /home/mafwor5/public_html/test/wp-includes/post.php on line 1062
[05-Nov-2025 20:55:35 UTC] PHP Deprecated:  preg_match(): Passing null to parameter #2 ($subject) of type string is deprecated in /home/mafwor5/public_html/test/wp-includes/post.php on line 1052
[05-Nov-2025 20:55:35 UTC] PHP Deprecated:  preg_replace(): Passing null to parameter #3 ($subject) of type array|string is deprecated in /home/mafwor5/public_html/test/wp-includes/post.php on line 1062
[05-Nov-2025 20:55:35 UTC] PHP Deprecated:  preg_match(): Passing null to parameter #2 ($subject) of type string is deprecated in /home/mafwor5/public_html/test/wp-includes/post.php on line 1052
[05-Nov-2025 20:55:35 UTC] PHP Deprecated:  preg_replace(): Passing null to parameter #3 ($subject) of type array|string is deprecated in /home/mafwor5/public_html/test/wp-includes/post.php on line 1062
[05-Nov-2025 20:55:35 UTC] PHP Deprecated:  preg_match(): Passing null to parameter #2 ($subject) of type string is deprecated in /home/mafwor5/public_html/test/wp-includes/post.php on line 1052
[05-Nov-2025 20:55:35 UTC] PHP Deprecated:  preg_replace(): Passing null to parameter #3 ($subject) of type array|string is deprecated in /home/mafwor5/public_html/test/wp-includes/post.php on line 1062
[05-Nov-2025 20:56:11 UTC] PHP Deprecated:  preg_match(): Passing null to parameter #2 ($subject) of type string is deprecated in /home/mafwor5/public_html/test/wp-content/plugins/events-manager/classes/em-object.php on line 1829
[05-Nov-2025 20:56:11 UTC] PHP Deprecated:  str_contains(): Passing null to parameter #1 ($haystack) of type string is deprecated in /home/mafwor5/public_html/test/wp-includes/shortcodes.php on line 709
[05-Nov-2025 20:56:11 UTC] PHP Deprecated:  str_replace(): Passing null to parameter #3 ($subject) of type array|string is deprecated in /home/mafwor5/public_html/test/wp-content/plugins/events-manager/classes/em-object.php on line 1836
[05-Nov-2025 20:56:11 UTC] PHP Deprecated:  preg_match(): Passing null to parameter #2 ($subject) of type string is deprecated in /home/mafwor5/public_html/test/wp-content/plugins/events-manager/classes/em-object.php on line 1829
[05-Nov-2025 20:56:11 UTC] PHP Deprecated:  str_contains(): Passing null to parameter #1 ($haystack) of type string is deprecated in /home/mafwor5/public_html/test/wp-includes/shortcodes.php on line 709
[05-Nov-2025 20:56:11 UTC] PHP Deprecated:  str_replace(): Passing null to parameter #3 ($subject) of type array|string is deprecated in /home/mafwor5/public_html/test/wp-content/plugins/events-manager/classes/em-object.php on line 1836
[05-Nov-2025 20:56:11 UTC] PHP Deprecated:  preg_match(): Passing null to parameter #2 ($subject) of type string is deprecated in /home/mafwor5/public_html/test/wp-content/plugins/events-manager/classes/em-object.php on line 1829
[05-Nov-2025 20:56:11 UTC] PHP Deprecated:  str_contains(): Passing null to parameter #1 ($haystack) of type string is deprecated in /home/mafwor5/public_html/test/wp-includes/shortcodes.php on line 709
[05-Nov-2025 20:56:11 UTC] PHP Deprecated:  str_replace(): Passing null to parameter #3 ($subject) of type array|string is deprecated in /home/mafwor5/public_html/test/wp-content/plugins/events-manager/classes/em-object.php on line 1836
[05-Nov-2025 20:56:11 UTC] PHP Deprecated:  preg_match(): Passing null to parameter #2 ($subject) of type string is deprecated in /home/mafwor5/public_html/test/wp-content/plugins/events-manager/classes/em-object.php on line 1829
[05-Nov-2025 20:56:11 UTC] PHP Deprecated:  str_contains(): Passing null to parameter #1 ($haystack) of type string is deprecated in /home/mafwor5/public_html/test/wp-includes/shortcodes.php on line 709
[05-Nov-2025 20:56:11 UTC] PHP Deprecated:  str_replace(): Passing null to parameter #3 ($subject) of type array|string is deprecated in /home/mafwor5/public_html/test/wp-content/plugins/events-manager/classes/em-object.php on line 1836
[05-Nov-2025 20:56:11 UTC] PHP Deprecated:  preg_match(): Passing null to parameter #2 ($subject) of type string is deprecated in /home/mafwor5/public_html/test/wp-content/plugins/events-manager/classes/em-object.php on line 1829
[05-Nov-2025 20:56:11 UTC] PHP Deprecated:  str_contains(): Passing null to parameter #1 ($haystack) of type string is deprecated in /home/mafwor5/public_html/test/wp-includes/shortcodes.php on line 709
[05-Nov-2025 20:56:11 UTC] PHP Deprecated:  str_replace(): Passing null to parameter #3 ($subject) of type array|string is deprecated in /home/mafwor5/public_html/test/wp-content/plugins/events-manager/classes/em-object.php on line 1836
[05-Nov-2025 20:56:11 UTC] PHP Deprecated:  preg_match(): Passing null to parameter #2 ($subject) of type string is deprecated in /home/mafwor5/public_html/test/wp-content/plugins/events-manager/classes/em-object.php on line 1829
[05-Nov-2025 20:56:11 UTC] PHP Deprecated:  str_contains(): Passing null to parameter #1 ($haystack) of type string is deprecated in /home/mafwor5/public_html/test/wp-includes/shortcodes.php on line 709
[05-Nov-2025 20:56:11 UTC] PHP Deprecated:  str_replace(): Passing null to parameter #3 ($subject) of type array|string is deprecated in /home/mafwor5/public_html/test/wp-content/plugins/events-manager/classes/em-object.php on line 1836
[05-Nov-2025 20:56:41 UTC] PHP Deprecated:  preg_match(): Passing null to parameter #2 ($subject) of type string is deprecated in /home/mafwor5/public_html/test/wp-content/plugins/events-manager/classes/em-object.php on line 1829
[05-Nov-2025 20:56:41 UTC] PHP Deprecated:  str_contains(): Passing null to parameter #1 ($haystack) of type string is deprecated in /home/mafwor5/public_html/test/wp-includes/shortcodes.php on line 709
[05-Nov-2025 20:56:41 UTC] PHP Deprecated:  str_replace(): Passing null to parameter #3 ($subject) of type array|string is deprecated in /home/mafwor5/public_html/test/wp-content/plugins/events-manager/classes/em-object.php on line 1836
[05-Nov-2025 20:57:12 UTC] PHP Deprecated:  preg_match(): Passing null to parameter #2 ($subject) of type string is deprecated in /home/mafwor5/public_html/test/wp-content/plugins/events-manager/classes/em-object.php on line 1829
[05-Nov-2025 20:57:12 UTC] PHP Deprecated:  str_contains(): Passing null to parameter #1 ($haystack) of type string is deprecated in /home/mafwor5/public_html/test/wp-includes/shortcodes.php on line 709
[05-Nov-2025 20:57:12 UTC] PHP Deprecated:  str_replace(): Passing null to parameter #3 ($subject) of type array|string is deprecated in /home/mafwor5/public_html/test/wp-content/plugins/events-manager/classes/em-object.php on line 1836
[05-Nov-2025 20:57:12 UTC] PHP Deprecated:  preg_match(): Passing null to parameter #2 ($subject) of type string is deprecated in /home/mafwor5/public_html/test/wp-content/plugins/events-manager/classes/em-object.php on line 1829
[05-Nov-2025 20:57:12 UTC] PHP Deprecated:  str_contains(): Passing null to parameter #1 ($haystack) of type string is deprecated in /home/mafwor5/public_html/test/wp-includes/shortcodes.php on line 709
[05-Nov-2025 20:57:12 UTC] PHP Deprecated:  str_replace(): Passing null to parameter #3 ($subject) of type array|string is deprecated in /home/mafwor5/public_html/test/wp-content/plugins/events-manager/classes/em-object.php on line 1836
[05-Nov-2025 20:57:12 UTC] PHP Deprecated:  preg_match(): Passing null to parameter #2 ($subject) of type string is deprecated in /home/mafwor5/public_html/test/wp-content/plugins/events-manager/classes/em-object.php on line 1829
[05-Nov-2025 20:57:12 UTC] PHP Deprecated:  str_contains(): Passing null to parameter #1 ($haystack) of type string is deprecated in /home/mafwor5/public_html/test/wp-includes/shortcodes.php on line 709
[05-Nov-2025 20:57:12 UTC] PHP Deprecated:  str_replace(): Passing null to parameter #3 ($subject) of type array|string is deprecated in /home/mafwor5/public_html/test/wp-content/plugins/events-manager/classes/em-object.php on line 1836
[05-Nov-2025 20:57:12 UTC] PHP Deprecated:  preg_match(): Passing null to parameter #2 ($subject) of type string is deprecated in /home/mafwor5/public_html/test/wp-content/plugins/events-manager/classes/em-object.php on line 1829
[05-Nov-2025 20:57:12 UTC] PHP Deprecated:  str_contains(): Passing null to parameter #1 ($haystack) of type string is deprecated in /home/mafwor5/public_html/test/wp-includes/shortcodes.php on line 709
[05-Nov-2025 20:57:12 UTC] PHP Deprecated:  str_replace(): Passing null to parameter #3 ($subject) of type array|string is deprecated in /home/mafwor5/public_html/test/wp-content/plugins/events-manager/classes/em-object.php on line 1836
[05-Nov-2025 20:57:12 UTC] PHP Deprecated:  preg_match(): Passing null to parameter #2 ($subject) of type string is deprecated in /home/mafwor5/public_html/test/wp-content/plugins/events-manager/classes/em-object.php on line 1829
[05-Nov-2025 20:57:12 UTC] PHP Deprecated:  str_contains(): Passing null to parameter #1 ($haystack) of type string is deprecated in /home/mafwor5/public_html/test/wp-includes/shortcodes.php on line 709
[05-Nov-2025 20:57:12 UTC] PHP Deprecated:  str_replace(): Passing null to parameter #3 ($subject) of type array|string is deprecated in /home/mafwor5/public_html/test/wp-content/plugins/events-manager/classes/em-object.php on line 1836
[05-Nov-2025 20:57:12 UTC] PHP Deprecated:  preg_match(): Passing null to parameter #2 ($subject) of type string is deprecated in /home/mafwor5/public_html/test/wp-content/plugins/events-manager/classes/em-object.php on line 1829
[05-Nov-2025 20:57:12 UTC] PHP Deprecated:  str_contains(): Passing null to parameter #1 ($haystack) of type string is deprecated in /home/mafwor5/public_html/test/wp-includes/shortcodes.php on line 709
[05-Nov-2025 20:57:12 UTC] PHP Deprecated:  str_replace(): Passing null to parameter #3 ($subject) of type array|string is deprecated in /home/mafwor5/public_html/test/wp-content/plugins/events-manager/classes/em-object.php on line 1836
[05-Nov-2025 20:57:15 UTC] PHP Deprecated:  preg_match(): Passing null to parameter #2 ($subject) of type string is deprecated in /home/mafwor5/public_html/test/wp-content/plugins/events-manager/classes/em-object.php on line 1829
[05-Nov-2025 20:57:15 UTC] PHP Deprecated:  str_contains(): Passing null to parameter #1 ($haystack) of type string is deprecated in /home/mafwor5/public_html/test/wp-includes/shortcodes.php on line 709
[05-Nov-2025 20:57:15 UTC] PHP Deprecated:  str_replace(): Passing null to parameter #3 ($subject) of type array|string is deprecated in /home/mafwor5/public_html/test/wp-content/plugins/events-manager/classes/em-object.php on line 1836
[05-Nov-2025 20:57:15 UTC] PHP Deprecated:  preg_match(): Passing null to parameter #2 ($subject) of type string is deprecated in /home/mafwor5/public_html/test/wp-content/plugins/events-manager/classes/em-object.php on line 1829
[05-Nov-2025 20:57:15 UTC] PHP Deprecated:  str_contains(): Passing null to parameter #1 ($haystack) of type string is deprecated in /home/mafwor5/public_html/test/wp-includes/shortcodes.php on line 709
[05-Nov-2025 20:57:15 UTC] PHP Deprecated:  str_replace(): Passing null to parameter #3 ($subject) of type array|string is deprecated in /home/mafwor5/public_html/test/wp-content/plugins/events-manager/classes/em-object.php on line 1836
[05-Nov-2025 20:57:15 UTC] PHP Deprecated:  preg_match(): Passing null to parameter #2 ($subject) of type string is deprecated in /home/mafwor5/public_html/test/wp-content/plugins/events-manager/classes/em-object.php on line 1829
[05-Nov-2025 20:57:15 UTC] PHP Deprecated:  str_contains(): Passing null to parameter #1 ($haystack) of type string is deprecated in /home/mafwor5/public_html/test/wp-includes/shortcodes.php on line 709
[05-Nov-2025 20:57:15 UTC] PHP Deprecated:  str_replace(): Passing null to parameter #3 ($subject) of type array|string is deprecated in /home/mafwor5/public_html/test/wp-content/plugins/events-manager/classes/em-object.php on line 1836
[05-Nov-2025 20:57:15 UTC] PHP Deprecated:  preg_match(): Passing null to parameter #2 ($subject) of type string is deprecated in /home/mafwor5/public_html/test/wp-content/plugins/events-manager/classes/em-object.php on line 1829
[05-Nov-2025 20:57:15 UTC] PHP Deprecated:  str_contains(): Passing null to parameter #1 ($haystack) of type string is deprecated in /home/mafwor5/public_html/test/wp-includes/shortcodes.php on line 709
[05-Nov-2025 20:57:15 UTC] PHP Deprecated:  str_replace(): Passing null to parameter #3 ($subject) of type array|string is deprecated in /home/mafwor5/public_html/test/wp-content/plugins/events-manager/classes/em-object.php on line 1836
[05-Nov-2025 20:57:15 UTC] PHP Deprecated:  preg_match(): Passing null to parameter #2 ($subject) of type string is deprecated in /home/mafwor5/public_html/test/wp-content/plugins/events-manager/classes/em-object.php on line 1829
[05-Nov-2025 20:57:15 UTC] PHP Deprecated:  str_contains(): Passing null to parameter #1 ($haystack) of type string is deprecated in /home/mafwor5/public_html/test/wp-includes/shortcodes.php on line 709
[05-Nov-2025 20:57:15 UTC] PHP Deprecated:  str_replace(): Passing null to parameter #3 ($subject) of type array|string is deprecated in /home/mafwor5/public_html/test/wp-content/plugins/events-manager/classes/em-object.php on line 1836
[05-Nov-2025 20:57:15 UTC] PHP Deprecated:  preg_match(): Passing null to parameter #2 ($subject) of type string is deprecated in /home/mafwor5/public_html/test/wp-content/plugins/events-manager/classes/em-object.php on line 1829
[05-Nov-2025 20:57:15 UTC] PHP Deprecated:  str_contains(): Passing null to parameter #1 ($haystack) of type string is deprecated in /home/mafwor5/public_html/test/wp-includes/shortcodes.php on line 709
[05-Nov-2025 20:57:15 UTC] PHP Deprecated:  str_replace(): Passing null to parameter #3 ($subject) of type array|string is deprecated in /home/mafwor5/public_html/test/wp-content/plugins/events-manager/classes/em-object.php on line 1836
[05-Nov-2025 20:57:38 UTC] PHP Deprecated:  preg_match(): Passing null to parameter #2 ($subject) of type string is deprecated in /home/mafwor5/public_html/test/wp-content/plugins/events-manager/classes/em-object.php on line 1829
[05-Nov-2025 20:57:38 UTC] PHP Deprecated:  str_contains(): Passing null to parameter #1 ($haystack) of type string is deprecated in /home/mafwor5/public_html/test/wp-includes/shortcodes.php on line 709
[05-Nov-2025 20:57:38 UTC] PHP Deprecated:  str_replace(): Passing null to parameter #3 ($subject) of type array|string is deprecated in /home/mafwor5/public_html/test/wp-content/plugins/events-manager/classes/em-object.php on line 1836
[05-Nov-2025 20:57:42 UTC] PHP Deprecated:  preg_match(): Passing null to parameter #2 ($subject) of type string is deprecated in /home/mafwor5/public_html/test/wp-content/plugins/events-manager/classes/em-object.php on line 1829
[05-Nov-2025 20:57:42 UTC] PHP Deprecated:  str_contains(): Passing null to parameter #1 ($haystack) of type string is deprecated in /home/mafwor5/public_html/test/wp-includes/shortcodes.php on line 709
[05-Nov-2025 20:57:42 UTC] PHP Deprecated:  str_replace(): Passing null to parameter #3 ($subject) of type array|string is deprecated in /home/mafwor5/public_html/test/wp-content/plugins/events-manager/classes/em-object.php on line 1836
[05-Nov-2025 20:57:42 UTC] PHP Deprecated:  preg_match(): Passing null to parameter #2 ($subject) of type string is deprecated in /home/mafwor5/public_html/test/wp-content/plugins/events-manager/classes/em-object.php on line 1829
[05-Nov-2025 20:57:42 UTC] PHP Deprecated:  str_contains(): Passing null to parameter #1 ($haystack) of type string is deprecated in /home/mafwor5/public_html/test/wp-includes/shortcodes.php on line 709
[05-Nov-2025 20:57:42 UTC] PHP Deprecated:  str_replace(): Passing null to parameter #3 ($subject) of type array|string is deprecated in /home/mafwor5/public_html/test/wp-content/plugins/events-manager/classes/em-object.php on line 1836
[05-Nov-2025 20:57:53 UTC] PHP Deprecated:  preg_match(): Passing null to parameter #2 ($subject) of type string is deprecated in /home/mafwor5/public_html/test/wp-includes/post.php on line 1052
[05-Nov-2025 20:57:53 UTC] PHP Deprecated:  preg_replace(): Passing null to parameter #3 ($subject) of type array|string is deprecated in /home/mafwor5/public_html/test/wp-includes/post.php on line 1062
[05-Nov-2025 20:58:01 UTC] PHP Deprecated:  preg_match(): Passing null to parameter #2 ($subject) of type string is deprecated in /home/mafwor5/public_html/test/wp-content/plugins/events-manager/classes/em-object.php on line 1829
[05-Nov-2025 20:58:01 UTC] PHP Deprecated:  str_contains(): Passing null to parameter #1 ($haystack) of type string is deprecated in /home/mafwor5/public_html/test/wp-includes/shortcodes.php on line 709
[05-Nov-2025 20:58:01 UTC] PHP Deprecated:  str_replace(): Passing null to parameter #3 ($subject) of type array|string is deprecated in /home/mafwor5/public_html/test/wp-content/plugins/events-manager/classes/em-object.php on line 1836
[05-Nov-2025 20:58:01 UTC] PHP Deprecated:  preg_match(): Passing null to parameter #2 ($subject) of type string is deprecated in /home/mafwor5/public_html/test/wp-content/plugins/events-manager/classes/em-object.php on line 1829
[05-Nov-2025 20:58:01 UTC] PHP Deprecated:  str_contains(): Passing null to parameter #1 ($haystack) of type string is deprecated in /home/mafwor5/public_html/test/wp-includes/shortcodes.php on line 709
[05-Nov-2025 20:58:01 UTC] PHP Deprecated:  str_replace(): Passing null to parameter #3 ($subject) of type array|string is deprecated in /home/mafwor5/public_html/test/wp-content/plugins/events-manager/classes/em-object.php on line 1836
[05-Nov-2025 20:58:01 UTC] PHP Deprecated:  preg_match(): Passing null to parameter #2 ($subject) of type string is deprecated in /home/mafwor5/public_html/test/wp-content/plugins/events-manager/classes/em-object.php on line 1829
[05-Nov-2025 20:58:01 UTC] PHP Deprecated:  str_contains(): Passing null to parameter #1 ($haystack) of type string is deprecated in /home/mafwor5/public_html/test/wp-includes/shortcodes.php on line 709
[05-Nov-2025 20:58:01 UTC] PHP Deprecated:  str_replace(): Passing null to parameter #3 ($subject) of type array|string is deprecated in /home/mafwor5/public_html/test/wp-content/plugins/events-manager/classes/em-object.php on line 1836
[05-Nov-2025 20:58:01 UTC] PHP Deprecated:  preg_match(): Passing null to parameter #2 ($subject) of type string is deprecated in /home/mafwor5/public_html/test/wp-content/plugins/events-manager/classes/em-object.php on line 1829
[05-Nov-2025 20:58:01 UTC] PHP Deprecated:  str_contains(): Passing null to parameter #1 ($haystack) of type string is deprecated in /home/mafwor5/public_html/test/wp-includes/shortcodes.php on line 709
[05-Nov-2025 20:58:01 UTC] PHP Deprecated:  str_replace(): Passing null to parameter #3 ($subject) of type array|string is deprecated in /home/mafwor5/public_html/test/wp-content/plugins/events-manager/classes/em-object.php on line 1836
[05-Nov-2025 20:58:01 UTC] PHP Deprecated:  preg_match(): Passing null to parameter #2 ($subject) of type string is deprecated in /home/mafwor5/public_html/test/wp-content/plugins/events-manager/classes/em-object.php on line 1829
[05-Nov-2025 20:58:01 UTC] PHP Deprecated:  str_contains(): Passing null to parameter #1 ($haystack) of type string is deprecated in /home/mafwor5/public_html/test/wp-includes/shortcodes.php on line 709
[05-Nov-2025 20:58:01 UTC] PHP Deprecated:  str_replace(): Passing null to parameter #3 ($subject) of type array|string is deprecated in /home/mafwor5/public_html/test/wp-content/plugins/events-manager/classes/em-object.php on line 1836
[05-Nov-2025 20:58:01 UTC] PHP Deprecated:  preg_match(): Passing null to parameter #2 ($subject) of type string is deprecated in /home/mafwor5/public_html/test/wp-content/plugins/events-manager/classes/em-object.php on line 1829
[05-Nov-2025 20:58:01 UTC] PHP Deprecated:  str_contains(): Passing null to parameter #1 ($haystack) of type string is deprecated in /home/mafwor5/public_html/test/wp-includes/shortcodes.php on line 709
[05-Nov-2025 20:58:01 UTC] PHP Deprecated:  str_replace(): Passing null to parameter #3 ($subject) of type array|string is deprecated in /home/mafwor5/public_html/test/wp-content/plugins/events-manager/classes/em-object.php on line 1836
[05-Nov-2025 20:58:19 UTC] PHP Deprecated:  preg_match(): Passing null to parameter #2 ($subject) of type string is deprecated in /home/mafwor5/public_html/test/wp-includes/post.php on line 1052
[05-Nov-2025 20:58:19 UTC] PHP Deprecated:  preg_replace(): Passing null to parameter #3 ($subject) of type array|string is deprecated in /home/mafwor5/public_html/test/wp-includes/post.php on line 1062
[05-Nov-2025 20:58:23 UTC] PHP Deprecated:  preg_match(): Passing null to parameter #2 ($subject) of type string is deprecated in /home/mafwor5/public_html/test/wp-content/plugins/events-manager/classes/em-bookings.php on line 305
[05-Nov-2025 20:58:23 UTC] PHP Deprecated:  preg_match(): Passing null to parameter #2 ($subject) of type string is deprecated in /home/mafwor5/public_html/test/wp-content/plugins/events-manager/classes/em-bookings.php on line 305
[05-Nov-2025 20:58:23 UTC] PHP Deprecated:  preg_match(): Passing null to parameter #2 ($subject) of type string is deprecated in /home/mafwor5/public_html/test/wp-content/plugins/events-manager/classes/em-bookings.php on line 305
[05-Nov-2025 20:58:48 UTC] PHP Deprecated:  preg_match(): Passing null to parameter #2 ($subject) of type string is deprecated in /home/mafwor5/public_html/test/wp-content/plugins/events-manager/classes/em-bookings.php on line 305
[05-Nov-2025 20:58:48 UTC] PHP Deprecated:  preg_match(): Passing null to parameter #2 ($subject) of type string is deprecated in /home/mafwor5/public_html/test/wp-content/plugins/events-manager/classes/em-bookings.php on line 305
[05-Nov-2025 20:58:48 UTC] PHP Deprecated:  preg_match(): Passing null to parameter #2 ($subject) of type string is deprecated in /home/mafwor5/public_html/test/wp-content/plugins/events-manager/classes/em-bookings.php on line 305
[05-Nov-2025 20:59:12 UTC] PHP Deprecated:  preg_match(): Passing null to parameter #2 ($subject) of type string is deprecated in /home/mafwor5/public_html/test/wp-content/plugins/events-manager/classes/em-object.php on line 1829
[05-Nov-2025 20:59:12 UTC] PHP Deprecated:  str_contains(): Passing null to parameter #1 ($haystack) of type string is deprecated in /home/mafwor5/public_html/test/wp-includes/shortcodes.php on line 709
[05-Nov-2025 20:59:12 UTC] PHP Deprecated:  str_replace(): Passing null to parameter #3 ($subject) of type array|string is deprecated in /home/mafwor5/public_html/test/wp-content/plugins/events-manager/classes/em-object.php on line 1836
[05-Nov-2025 20:59:12 UTC] PHP Deprecated:  preg_match(): Passing null to parameter #2 ($subject) of type string is deprecated in /home/mafwor5/public_html/test/wp-content/plugins/events-manager/classes/em-object.php on line 1829
[05-Nov-2025 20:59:12 UTC] PHP Deprecated:  str_contains(): Passing null to parameter #1 ($haystack) of type string is deprecated in /home/mafwor5/public_html/test/wp-includes/shortcodes.php on line 709
[05-Nov-2025 20:59:12 UTC] PHP Deprecated:  str_replace(): Passing null to parameter #3 ($subject) of type array|string is deprecated in /home/mafwor5/public_html/test/wp-content/plugins/events-manager/classes/em-object.php on line 1836
[05-Nov-2025 20:59:12 UTC] PHP Deprecated:  preg_match(): Passing null to parameter #2 ($subject) of type string is deprecated in /home/mafwor5/public_html/test/wp-content/plugins/events-manager/classes/em-object.php on line 1829
[05-Nov-2025 20:59:12 UTC] PHP Deprecated:  str_contains(): Passing null to parameter #1 ($haystack) of type string is deprecated in /home/mafwor5/public_html/test/wp-includes/shortcodes.php on line 709
[05-Nov-2025 20:59:12 UTC] PHP Deprecated:  str_replace(): Passing null to parameter #3 ($subject) of type array|string is deprecated in /home/mafwor5/public_html/test/wp-content/plugins/events-manager/classes/em-object.php on line 1836
[05-Nov-2025 20:59:12 UTC] PHP Deprecated:  preg_match(): Passing null to parameter #2 ($subject) of type string is deprecated in /home/mafwor5/public_html/test/wp-content/plugins/events-manager/classes/em-object.php on line 1829
[05-Nov-2025 20:59:12 UTC] PHP Deprecated:  str_contains(): Passing null to parameter #1 ($haystack) of type string is deprecated in /home/mafwor5/public_html/test/wp-includes/shortcodes.php on line 709
[05-Nov-2025 20:59:12 UTC] PHP Deprecated:  str_replace(): Passing null to parameter #3 ($subject) of type array|string is deprecated in /home/mafwor5/public_html/test/wp-content/plugins/events-manager/classes/em-object.php on line 1836
[05-Nov-2025 20:59:12 UTC] PHP Deprecated:  preg_match(): Passing null to parameter #2 ($subject) of type string is deprecated in /home/mafwor5/public_html/test/wp-content/plugins/events-manager/classes/em-object.php on line 1829
[05-Nov-2025 20:59:12 UTC] PHP Deprecated:  str_contains(): Passing null to parameter #1 ($haystack) of type string is deprecated in /home/mafwor5/public_html/test/wp-includes/shortcodes.php on line 709
[05-Nov-2025 20:59:12 UTC] PHP Deprecated:  str_replace(): Passing null to parameter #3 ($subject) of type array|string is deprecated in /home/mafwor5/public_html/test/wp-content/plugins/events-manager/classes/em-object.php on line 1836
[05-Nov-2025 20:59:12 UTC] PHP Deprecated:  preg_match(): Passing null to parameter #2 ($subject) of type string is deprecated in /home/mafwor5/public_html/test/wp-content/plugins/events-manager/classes/em-object.php on line 1829
[05-Nov-2025 20:59:12 UTC] PHP Deprecated:  str_contains(): Passing null to parameter #1 ($haystack) of type string is deprecated in /home/mafwor5/public_html/test/wp-includes/shortcodes.php on line 709
[05-Nov-2025 20:59:12 UTC] PHP Deprecated:  str_replace(): Passing null to parameter #3 ($subject) of type array|string is deprecated in /home/mafwor5/public_html/test/wp-content/plugins/events-manager/classes/em-object.php on line 1836
[05-Nov-2025 20:59:36 UTC] PHP Deprecated:  preg_match(): Passing null to parameter #2 ($subject) of type string is deprecated in /home/mafwor5/public_html/test/wp-content/plugins/events-manager/classes/em-object.php on line 1829
[05-Nov-2025 20:59:36 UTC] PHP Deprecated:  str_contains(): Passing null to parameter #1 ($haystack) of type string is deprecated in /home/mafwor5/public_html/test/wp-includes/shortcodes.php on line 709
[05-Nov-2025 20:59:36 UTC] PHP Deprecated:  str_replace(): Passing null to parameter #3 ($subject) of type array|string is deprecated in /home/mafwor5/public_html/test/wp-content/plugins/events-manager/classes/em-object.php on line 1836
[05-Nov-2025 20:59:36 UTC] PHP Deprecated:  preg_match(): Passing null to parameter #2 ($subject) of type string is deprecated in /home/mafwor5/public_html/test/wp-content/plugins/events-manager/classes/em-object.php on line 1829
[05-Nov-2025 20:59:36 UTC] PHP Deprecated:  str_contains(): Passing null to parameter #1 ($haystack) of type string is deprecated in /home/mafwor5/public_html/test/wp-includes/shortcodes.php on line 709
[05-Nov-2025 20:59:36 UTC] PHP Deprecated:  str_replace(): Passing null to parameter #3 ($subject) of type array|string is deprecated in /home/mafwor5/public_html/test/wp-content/plugins/events-manager/classes/em-object.php on line 1836
[05-Nov-2025 20:59:36 UTC] PHP Deprecated:  preg_match(): Passing null to parameter #2 ($subject) of type string is deprecated in /home/mafwor5/public_html/test/wp-content/plugins/events-manager/classes/em-object.php on line 1829
[05-Nov-2025 20:59:36 UTC] PHP Deprecated:  str_contains(): Passing null to parameter #1 ($haystack) of type string is deprecated in /home/mafwor5/public_html/test/wp-includes/shortcodes.php on line 709
[05-Nov-2025 20:59:36 UTC] PHP Deprecated:  str_replace(): Passing null to parameter #3 ($subject) of type array|string is deprecated in /home/mafwor5/public_html/test/wp-content/plugins/events-manager/classes/em-object.php on line 1836
[05-Nov-2025 20:59:36 UTC] PHP Deprecated:  preg_match(): Passing null to parameter #2 ($subject) of type string is deprecated in /home/mafwor5/public_html/test/wp-content/plugins/events-manager/classes/em-object.php on line 1829
[05-Nov-2025 20:59:36 UTC] PHP Deprecated:  str_contains(): Passing null to parameter #1 ($haystack) of type string is deprecated in /home/mafwor5/public_html/test/wp-includes/shortcodes.php on line 709
[05-Nov-2025 20:59:36 UTC] PHP Deprecated:  str_replace(): Passing null to parameter #3 ($subject) of type array|string is deprecated in /home/mafwor5/public_html/test/wp-content/plugins/events-manager/classes/em-object.php on line 1836
[05-Nov-2025 20:59:36 UTC] PHP Deprecated:  preg_match(): Passing null to parameter #2 ($subject) of type string is deprecated in /home/mafwor5/public_html/test/wp-content/plugins/events-manager/classes/em-object.php on line 1829
[05-Nov-2025 20:59:36 UTC] PHP Deprecated:  str_contains(): Passing null to parameter #1 ($haystack) of type string is deprecated in /home/mafwor5/public_html/test/wp-includes/shortcodes.php on line 709
[05-Nov-2025 20:59:36 UTC] PHP Deprecated:  str_replace(): Passing null to parameter #3 ($subject) of type array|string is deprecated in /home/mafwor5/public_html/test/wp-content/plugins/events-manager/classes/em-object.php on line 1836
[05-Nov-2025 20:59:36 UTC] PHP Deprecated:  preg_match(): Passing null to parameter #2 ($subject) of type string is deprecated in /home/mafwor5/public_html/test/wp-content/plugins/events-manager/classes/em-object.php on line 1829
[05-Nov-2025 20:59:36 UTC] PHP Deprecated:  str_contains(): Passing null to parameter #1 ($haystack) of type string is deprecated in /home/mafwor5/public_html/test/wp-includes/shortcodes.php on line 709
[05-Nov-2025 20:59:36 UTC] PHP Deprecated:  str_replace(): Passing null to parameter #3 ($subject) of type array|string is deprecated in /home/mafwor5/public_html/test/wp-content/plugins/events-manager/classes/em-object.php on line 1836
[05-Nov-2025 20:59:40 UTC] PHP Deprecated:  preg_match(): Passing null to parameter #2 ($subject) of type string is deprecated in /home/mafwor5/public_html/test/wp-includes/post.php on line 1052
[05-Nov-2025 20:59:40 UTC] PHP Deprecated:  preg_replace(): Passing null to parameter #3 ($subject) of type array|string is deprecated in /home/mafwor5/public_html/test/wp-includes/post.php on line 1062
[05-Nov-2025 20:59:40 UTC] PHP Deprecated:  preg_match(): Passing null to parameter #2 ($subject) of type string is deprecated in /home/mafwor5/public_html/test/wp-includes/post.php on line 1052
[05-Nov-2025 20:59:40 UTC] PHP Deprecated:  preg_replace(): Passing null to parameter #3 ($subject) of type array|string is deprecated in /home/mafwor5/public_html/test/wp-includes/post.php on line 1062
[05-Nov-2025 20:59:40 UTC] PHP Deprecated:  preg_match(): Passing null to parameter #2 ($subject) of type string is deprecated in /home/mafwor5/public_html/test/wp-includes/post.php on line 1052
[05-Nov-2025 20:59:40 UTC] PHP Deprecated:  preg_replace(): Passing null to parameter #3 ($subject) of type array|string is deprecated in /home/mafwor5/public_html/test/wp-includes/post.php on line 1062
[05-Nov-2025 20:59:40 UTC] PHP Deprecated:  preg_match(): Passing null to parameter #2 ($subject) of type string is deprecated in /home/mafwor5/public_html/test/wp-includes/post.php on line 1052
[05-Nov-2025 20:59:40 UTC] PHP Deprecated:  preg_replace(): Passing null to parameter #3 ($subject) of type array|string is deprecated in /home/mafwor5/public_html/test/wp-includes/post.php on line 1062
[05-Nov-2025 21:00:14 UTC] PHP Deprecated:  preg_match(): Passing null to parameter #2 ($subject) of type string is deprecated in /home/mafwor5/public_html/test/wp-includes/post.php on line 1052
[05-Nov-2025 21:00:14 UTC] PHP Deprecated:  preg_replace(): Passing null to parameter #3 ($subject) of type array|string is deprecated in /home/mafwor5/public_html/test/wp-includes/post.php on line 1062
[05-Nov-2025 21:00:14 UTC] PHP Deprecated:  preg_match(): Passing null to parameter #2 ($subject) of type string is deprecated in /home/mafwor5/public_html/test/wp-includes/post.php on line 1052
[05-Nov-2025 21:00:14 UTC] PHP Deprecated:  preg_replace(): Passing null to parameter #3 ($subject) of type array|string is deprecated in /home/mafwor5/public_html/test/wp-includes/post.php on line 1062
[05-Nov-2025 21:00:14 UTC] PHP Deprecated:  preg_match(): Passing null to parameter #2 ($subject) of type string is deprecated in /home/mafwor5/public_html/test/wp-includes/post.php on line 1052
[05-Nov-2025 21:00:14 UTC] PHP Deprecated:  preg_replace(): Passing null to parameter #3 ($subject) of type array|string is deprecated in /home/mafwor5/public_html/test/wp-includes/post.php on line 1062
[05-Nov-2025 21:00:14 UTC] PHP Deprecated:  preg_match(): Passing null to parameter #2 ($subject) of type string is deprecated in /home/mafwor5/public_html/test/wp-includes/post.php on line 1052
[05-Nov-2025 21:00:14 UTC] PHP Deprecated:  preg_replace(): Passing null to parameter #3 ($subject) of type array|string is deprecated in /home/mafwor5/public_html/test/wp-includes/post.php on line 1062
[05-Nov-2025 21:01:40 UTC] PHP Deprecated:  preg_match(): Passing null to parameter #2 ($subject) of type string is deprecated in /home/mafwor5/public_html/test/wp-includes/post.php on line 1052
[05-Nov-2025 21:01:40 UTC] PHP Deprecated:  preg_replace(): Passing null to parameter #3 ($subject) of type array|string is deprecated in /home/mafwor5/public_html/test/wp-includes/post.php on line 1062
[05-Nov-2025 21:01:40 UTC] PHP Deprecated:  preg_match(): Passing null to parameter #2 ($subject) of type string is deprecated in /home/mafwor5/public_html/test/wp-includes/post.php on line 1052
[05-Nov-2025 21:01:40 UTC] PHP Deprecated:  preg_replace(): Passing null to parameter #3 ($subject) of type array|string is deprecated in /home/mafwor5/public_html/test/wp-includes/post.php on line 1062
[05-Nov-2025 21:01:40 UTC] PHP Deprecated:  preg_match(): Passing null to parameter #2 ($subject) of type string is deprecated in /home/mafwor5/public_html/test/wp-includes/post.php on line 1052
[05-Nov-2025 21:01:40 UTC] PHP Deprecated:  preg_replace(): Passing null to parameter #3 ($subject) of type array|string is deprecated in /home/mafwor5/public_html/test/wp-includes/post.php on line 1062
[05-Nov-2025 21:01:40 UTC] PHP Deprecated:  preg_match(): Passing null to parameter #2 ($subject) of type string is deprecated in /home/mafwor5/public_html/test/wp-includes/post.php on line 1052
[05-Nov-2025 21:01:40 UTC] PHP Deprecated:  preg_replace(): Passing null to parameter #3 ($subject) of type array|string is deprecated in /home/mafwor5/public_html/test/wp-includes/post.php on line 1062
[05-Nov-2025 21:02:04 UTC] PHP Deprecated:  preg_match(): Passing null to parameter #2 ($subject) of type string is deprecated in /home/mafwor5/public_html/test/wp-includes/post.php on line 1052
[05-Nov-2025 21:02:04 UTC] PHP Deprecated:  preg_replace(): Passing null to parameter #3 ($subject) of type array|string is deprecated in /home/mafwor5/public_html/test/wp-includes/post.php on line 1062
[05-Nov-2025 21:02:04 UTC] PHP Deprecated:  preg_match(): Passing null to parameter #2 ($subject) of type string is deprecated in /home/mafwor5/public_html/test/wp-includes/post.php on line 1052
[05-Nov-2025 21:02:04 UTC] PHP Deprecated:  preg_replace(): Passing null to parameter #3 ($subject) of type array|string is deprecated in /home/mafwor5/public_html/test/wp-includes/post.php on line 1062
[05-Nov-2025 21:02:04 UTC] PHP Deprecated:  preg_match(): Passing null to parameter #2 ($subject) of type string is deprecated in /home/mafwor5/public_html/test/wp-includes/post.php on line 1052
[05-Nov-2025 21:02:04 UTC] PHP Deprecated:  preg_replace(): Passing null to parameter #3 ($subject) of type array|string is deprecated in /home/mafwor5/public_html/test/wp-includes/post.php on line 1062
[05-Nov-2025 21:02:04 UTC] PHP Deprecated:  preg_match(): Passing null to parameter #2 ($subject) of type string is deprecated in /home/mafwor5/public_html/test/wp-includes/post.php on line 1052
[05-Nov-2025 21:02:04 UTC] PHP Deprecated:  preg_replace(): Passing null to parameter #3 ($subject) of type array|string is deprecated in /home/mafwor5/public_html/test/wp-includes/post.php on line 1062
[05-Nov-2025 21:02:43 UTC] PHP Deprecated:  preg_match(): Passing null to parameter #2 ($subject) of type string is deprecated in /home/mafwor5/public_html/test/wp-content/plugins/events-manager/classes/em-object.php on line 1829
[05-Nov-2025 21:02:43 UTC] PHP Deprecated:  str_contains(): Passing null to parameter #1 ($haystack) of type string is deprecated in /home/mafwor5/public_html/test/wp-includes/shortcodes.php on line 709
[05-Nov-2025 21:02:43 UTC] PHP Deprecated:  str_replace(): Passing null to parameter #3 ($subject) of type array|string is deprecated in /home/mafwor5/public_html/test/wp-content/plugins/events-manager/classes/em-object.php on line 1836
[05-Nov-2025 21:02:55 UTC] PHP Deprecated:  preg_match(): Passing null to parameter #2 ($subject) of type string is deprecated in /home/mafwor5/public_html/test/wp-content/plugins/events-manager/classes/em-object.php on line 1829
[05-Nov-2025 21:02:55 UTC] PHP Deprecated:  str_contains(): Passing null to parameter #1 ($haystack) of type string is deprecated in /home/mafwor5/public_html/test/wp-includes/shortcodes.php on line 709
[05-Nov-2025 21:02:55 UTC] PHP Deprecated:  str_replace(): Passing null to parameter #3 ($subject) of type array|string is deprecated in /home/mafwor5/public_html/test/wp-content/plugins/events-manager/classes/em-object.php on line 1836
[05-Nov-2025 21:02:55 UTC] PHP Deprecated:  preg_match(): Passing null to parameter #2 ($subject) of type string is deprecated in /home/mafwor5/public_html/test/wp-content/plugins/events-manager/classes/em-object.php on line 1829
[05-Nov-2025 21:02:55 UTC] PHP Deprecated:  str_contains(): Passing null to parameter #1 ($haystack) of type string is deprecated in /home/mafwor5/public_html/test/wp-includes/shortcodes.php on line 709
[05-Nov-2025 21:02:55 UTC] PHP Deprecated:  str_replace(): Passing null to parameter #3 ($subject) of type array|string is deprecated in /home/mafwor5/public_html/test/wp-content/plugins/events-manager/classes/em-object.php on line 1836
[05-Nov-2025 21:03:13 UTC] PHP Deprecated:  preg_match(): Passing null to parameter #2 ($subject) of type string is deprecated in /home/mafwor5/public_html/test/wp-content/plugins/events-manager/classes/em-object.php on line 1829
[05-Nov-2025 21:03:13 UTC] PHP Deprecated:  str_contains(): Passing null to parameter #1 ($haystack) of type string is deprecated in /home/mafwor5/public_html/test/wp-includes/shortcodes.php on line 709
[05-Nov-2025 21:03:13 UTC] PHP Deprecated:  str_replace(): Passing null to parameter #3 ($subject) of type array|string is deprecated in /home/mafwor5/public_html/test/wp-content/plugins/events-manager/classes/em-object.php on line 1836
[05-Nov-2025 21:03:13 UTC] PHP Deprecated:  preg_match(): Passing null to parameter #2 ($subject) of type string is deprecated in /home/mafwor5/public_html/test/wp-content/plugins/events-manager/classes/em-object.php on line 1829
[05-Nov-2025 21:03:13 UTC] PHP Deprecated:  str_contains(): Passing null to parameter #1 ($haystack) of type string is deprecated in /home/mafwor5/public_html/test/wp-includes/shortcodes.php on line 709
[05-Nov-2025 21:03:13 UTC] PHP Deprecated:  str_replace(): Passing null to parameter #3 ($subject) of type array|string is deprecated in /home/mafwor5/public_html/test/wp-content/plugins/events-manager/classes/em-object.php on line 1836
[05-Nov-2025 21:03:13 UTC] PHP Deprecated:  preg_match(): Passing null to parameter #2 ($subject) of type string is deprecated in /home/mafwor5/public_html/test/wp-content/plugins/events-manager/classes/em-object.php on line 1829
[05-Nov-2025 21:03:13 UTC] PHP Deprecated:  str_contains(): Passing null to parameter #1 ($haystack) of type string is deprecated in /home/mafwor5/public_html/test/wp-includes/shortcodes.php on line 709
[05-Nov-2025 21:03:13 UTC] PHP Deprecated:  str_replace(): Passing null to parameter #3 ($subject) of type array|string is deprecated in /home/mafwor5/public_html/test/wp-content/plugins/events-manager/classes/em-object.php on line 1836
[05-Nov-2025 21:03:13 UTC] PHP Deprecated:  preg_match(): Passing null to parameter #2 ($subject) of type string is deprecated in /home/mafwor5/public_html/test/wp-content/plugins/events-manager/classes/em-object.php on line 1829
[05-Nov-2025 21:03:13 UTC] PHP Deprecated:  str_contains(): Passing null to parameter #1 ($haystack) of type string is deprecated in /home/mafwor5/public_html/test/wp-includes/shortcodes.php on line 709
[05-Nov-2025 21:03:13 UTC] PHP Deprecated:  str_replace(): Passing null to parameter #3 ($subject) of type array|string is deprecated in /home/mafwor5/public_html/test/wp-content/plugins/events-manager/classes/em-object.php on line 1836
[05-Nov-2025 21:03:13 UTC] PHP Deprecated:  preg_match(): Passing null to parameter #2 ($subject) of type string is deprecated in /home/mafwor5/public_html/test/wp-content/plugins/events-manager/classes/em-object.php on line 1829
[05-Nov-2025 21:03:13 UTC] PHP Deprecated:  str_contains(): Passing null to parameter #1 ($haystack) of type string is deprecated in /home/mafwor5/public_html/test/wp-includes/shortcodes.php on line 709
[05-Nov-2025 21:03:13 UTC] PHP Deprecated:  str_replace(): Passing null to parameter #3 ($subject) of type array|string is deprecated in /home/mafwor5/public_html/test/wp-content/plugins/events-manager/classes/em-object.php on line 1836
[05-Nov-2025 21:03:13 UTC] PHP Deprecated:  preg_match(): Passing null to parameter #2 ($subject) of type string is deprecated in /home/mafwor5/public_html/test/wp-content/plugins/events-manager/classes/em-object.php on line 1829
[05-Nov-2025 21:03:13 UTC] PHP Deprecated:  str_contains(): Passing null to parameter #1 ($haystack) of type string is deprecated in /home/mafwor5/public_html/test/wp-includes/shortcodes.php on line 709
[05-Nov-2025 21:03:13 UTC] PHP Deprecated:  str_replace(): Passing null to parameter #3 ($subject) of type array|string is deprecated in /home/mafwor5/public_html/test/wp-content/plugins/events-manager/classes/em-object.php on line 1836
[05-Nov-2025 21:17:17 UTC] PHP Deprecated:  preg_match(): Passing null to parameter #2 ($subject) of type string is deprecated in /home/mafwor5/public_html/test/wp-includes/post.php on line 1052
[05-Nov-2025 21:17:17 UTC] PHP Deprecated:  preg_replace(): Passing null to parameter #3 ($subject) of type array|string is deprecated in /home/mafwor5/public_html/test/wp-includes/post.php on line 1062
[05-Nov-2025 21:17:17 UTC] PHP Deprecated:  preg_match(): Passing null to parameter #2 ($subject) of type string is deprecated in /home/mafwor5/public_html/test/wp-includes/post.php on line 1052
[05-Nov-2025 21:17:17 UTC] PHP Deprecated:  preg_replace(): Passing null to parameter #3 ($subject) of type array|string is deprecated in /home/mafwor5/public_html/test/wp-includes/post.php on line 1062
[05-Nov-2025 21:17:17 UTC] PHP Deprecated:  preg_match(): Passing null to parameter #2 ($subject) of type string is deprecated in /home/mafwor5/public_html/test/wp-includes/post.php on line 1052
[05-Nov-2025 21:17:17 UTC] PHP Deprecated:  preg_replace(): Passing null to parameter #3 ($subject) of type array|string is deprecated in /home/mafwor5/public_html/test/wp-includes/post.php on line 1062
[05-Nov-2025 21:17:17 UTC] PHP Deprecated:  preg_match(): Passing null to parameter #2 ($subject) of type string is deprecated in /home/mafwor5/public_html/test/wp-includes/post.php on line 1052
[05-Nov-2025 21:17:17 UTC] PHP Deprecated:  preg_replace(): Passing null to parameter #3 ($subject) of type array|string is deprecated in /home/mafwor5/public_html/test/wp-includes/post.php on line 1062
[05-Nov-2025 21:17:44 UTC] PHP Deprecated:  preg_match(): Passing null to parameter #2 ($subject) of type string is deprecated in /home/mafwor5/public_html/test/wp-includes/post.php on line 1052
[05-Nov-2025 21:17:44 UTC] PHP Deprecated:  preg_replace(): Passing null to parameter #3 ($subject) of type array|string is deprecated in /home/mafwor5/public_html/test/wp-includes/post.php on line 1062
[05-Nov-2025 21:17:44 UTC] PHP Deprecated:  preg_match(): Passing null to parameter #2 ($subject) of type string is deprecated in /home/mafwor5/public_html/test/wp-includes/post.php on line 1052
[05-Nov-2025 21:17:44 UTC] PHP Deprecated:  preg_replace(): Passing null to parameter #3 ($subject) of type array|string is deprecated in /home/mafwor5/public_html/test/wp-includes/post.php on line 1062
[05-Nov-2025 21:17:44 UTC] PHP Deprecated:  preg_match(): Passing null to parameter #2 ($subject) of type string is deprecated in /home/mafwor5/public_html/test/wp-includes/post.php on line 1052
[05-Nov-2025 21:17:44 UTC] PHP Deprecated:  preg_replace(): Passing null to parameter #3 ($subject) of type array|string is deprecated in /home/mafwor5/public_html/test/wp-includes/post.php on line 1062
[05-Nov-2025 21:17:44 UTC] PHP Deprecated:  preg_match(): Passing null to parameter #2 ($subject) of type string is deprecated in /home/mafwor5/public_html/test/wp-includes/post.php on line 1052
[05-Nov-2025 21:17:44 UTC] PHP Deprecated:  preg_replace(): Passing null to parameter #3 ($subject) of type array|string is deprecated in /home/mafwor5/public_html/test/wp-includes/post.php on line 1062
[05-Nov-2025 21:19:37 UTC] PHP Deprecated:  preg_match(): Passing null to parameter #2 ($subject) of type string is deprecated in /home/mafwor5/public_html/test/wp-content/plugins/events-manager/classes/em-object.php on line 1829
[05-Nov-2025 21:19:37 UTC] PHP Deprecated:  str_contains(): Passing null to parameter #1 ($haystack) of type string is deprecated in /home/mafwor5/public_html/test/wp-includes/shortcodes.php on line 709
[05-Nov-2025 21:19:37 UTC] PHP Deprecated:  str_replace(): Passing null to parameter #3 ($subject) of type array|string is deprecated in /home/mafwor5/public_html/test/wp-content/plugins/events-manager/classes/em-object.php on line 1836
[05-Nov-2025 21:19:37 UTC] PHP Deprecated:  preg_match(): Passing null to parameter #2 ($subject) of type string is deprecated in /home/mafwor5/public_html/test/wp-content/plugins/events-manager/classes/em-object.php on line 1829
[05-Nov-2025 21:19:37 UTC] PHP Deprecated:  str_contains(): Passing null to parameter #1 ($haystack) of type string is deprecated in /home/mafwor5/public_html/test/wp-includes/shortcodes.php on line 709
[05-Nov-2025 21:19:37 UTC] PHP Deprecated:  str_replace(): Passing null to parameter #3 ($subject) of type array|string is deprecated in /home/mafwor5/public_html/test/wp-content/plugins/events-manager/classes/em-object.php on line 1836
[05-Nov-2025 21:19:37 UTC] PHP Deprecated:  preg_match(): Passing null to parameter #2 ($subject) of type string is deprecated in /home/mafwor5/public_html/test/wp-content/plugins/events-manager/classes/em-object.php on line 1829
[05-Nov-2025 21:19:37 UTC] PHP Deprecated:  str_contains(): Passing null to parameter #1 ($haystack) of type string is deprecated in /home/mafwor5/public_html/test/wp-includes/shortcodes.php on line 709
[05-Nov-2025 21:19:37 UTC] PHP Deprecated:  str_replace(): Passing null to parameter #3 ($subject) of type array|string is deprecated in /home/mafwor5/public_html/test/wp-content/plugins/events-manager/classes/em-object.php on line 1836
[05-Nov-2025 21:19:37 UTC] PHP Deprecated:  preg_match(): Passing null to parameter #2 ($subject) of type string is deprecated in /home/mafwor5/public_html/test/wp-content/plugins/events-manager/classes/em-object.php on line 1829
[05-Nov-2025 21:19:37 UTC] PHP Deprecated:  str_contains(): Passing null to parameter #1 ($haystack) of type string is deprecated in /home/mafwor5/public_html/test/wp-includes/shortcodes.php on line 709
[05-Nov-2025 21:19:37 UTC] PHP Deprecated:  str_replace(): Passing null to parameter #3 ($subject) of type array|string is deprecated in /home/mafwor5/public_html/test/wp-content/plugins/events-manager/classes/em-object.php on line 1836
[05-Nov-2025 21:19:37 UTC] PHP Deprecated:  preg_match(): Passing null to parameter #2 ($subject) of type string is deprecated in /home/mafwor5/public_html/test/wp-content/plugins/events-manager/classes/em-object.php on line 1829
[05-Nov-2025 21:19:37 UTC] PHP Deprecated:  str_contains(): Passing null to parameter #1 ($haystack) of type string is deprecated in /home/mafwor5/public_html/test/wp-includes/shortcodes.php on line 709
[05-Nov-2025 21:19:37 UTC] PHP Deprecated:  str_replace(): Passing null to parameter #3 ($subject) of type array|string is deprecated in /home/mafwor5/public_html/test/wp-content/plugins/events-manager/classes/em-object.php on line 1836
[05-Nov-2025 21:19:37 UTC] PHP Deprecated:  preg_match(): Passing null to parameter #2 ($subject) of type string is deprecated in /home/mafwor5/public_html/test/wp-content/plugins/events-manager/classes/em-object.php on line 1829
[05-Nov-2025 21:19:37 UTC] PHP Deprecated:  str_contains(): Passing null to parameter #1 ($haystack) of type string is deprecated in /home/mafwor5/public_html/test/wp-includes/shortcodes.php on line 709
[05-Nov-2025 21:19:37 UTC] PHP Deprecated:  str_replace(): Passing null to parameter #3 ($subject) of type array|string is deprecated in /home/mafwor5/public_html/test/wp-content/plugins/events-manager/classes/em-object.php on line 1836
[05-Nov-2025 21:20:11 UTC] PHP Deprecated:  preg_match(): Passing null to parameter #2 ($subject) of type string is deprecated in /home/mafwor5/public_html/test/wp-content/plugins/events-manager/classes/em-object.php on line 1829
[05-Nov-2025 21:20:11 UTC] PHP Deprecated:  str_contains(): Passing null to parameter #1 ($haystack) of type string is deprecated in /home/mafwor5/public_html/test/wp-includes/shortcodes.php on line 709
[05-Nov-2025 21:20:11 UTC] PHP Deprecated:  str_replace(): Passing null to parameter #3 ($subject) of type array|string is deprecated in /home/mafwor5/public_html/test/wp-content/plugins/events-manager/classes/em-object.php on line 1836
[05-Nov-2025 21:20:25 UTC] PHP Deprecated:  preg_match(): Passing null to parameter #2 ($subject) of type string is deprecated in /home/mafwor5/public_html/test/wp-content/plugins/events-manager/classes/em-object.php on line 1829
[05-Nov-2025 21:20:25 UTC] PHP Deprecated:  str_contains(): Passing null to parameter #1 ($haystack) of type string is deprecated in /home/mafwor5/public_html/test/wp-includes/shortcodes.php on line 709
[05-Nov-2025 21:20:25 UTC] PHP Deprecated:  str_replace(): Passing null to parameter #3 ($subject) of type array|string is deprecated in /home/mafwor5/public_html/test/wp-content/plugins/events-manager/classes/em-object.php on line 1836
[05-Nov-2025 21:20:25 UTC] PHP Deprecated:  preg_match(): Passing null to parameter #2 ($subject) of type string is deprecated in /home/mafwor5/public_html/test/wp-content/plugins/events-manager/classes/em-object.php on line 1829
[05-Nov-2025 21:20:25 UTC] PHP Deprecated:  str_contains(): Passing null to parameter #1 ($haystack) of type string is deprecated in /home/mafwor5/public_html/test/wp-includes/shortcodes.php on line 709
[05-Nov-2025 21:20:25 UTC] PHP Deprecated:  str_replace(): Passing null to parameter #3 ($subject) of type array|string is deprecated in /home/mafwor5/public_html/test/wp-content/plugins/events-manager/classes/em-object.php on line 1836
[05-Nov-2025 21:20:30 UTC] PHP Deprecated:  preg_match(): Passing null to parameter #2 ($subject) of type string is deprecated in /home/mafwor5/public_html/test/wp-content/plugins/events-manager/classes/em-object.php on line 1829
[05-Nov-2025 21:20:30 UTC] PHP Deprecated:  str_contains(): Passing null to parameter #1 ($haystack) of type string is deprecated in /home/mafwor5/public_html/test/wp-includes/shortcodes.php on line 709
[05-Nov-2025 21:20:30 UTC] PHP Deprecated:  str_replace(): Passing null to parameter #3 ($subject) of type array|string is deprecated in /home/mafwor5/public_html/test/wp-content/plugins/events-manager/classes/em-object.php on line 1836
[05-Nov-2025 21:20:30 UTC] PHP Deprecated:  preg_match(): Passing null to parameter #2 ($subject) of type string is deprecated in /home/mafwor5/public_html/test/wp-content/plugins/events-manager/classes/em-object.php on line 1829
[05-Nov-2025 21:20:30 UTC] PHP Deprecated:  str_contains(): Passing null to parameter #1 ($haystack) of type string is deprecated in /home/mafwor5/public_html/test/wp-includes/shortcodes.php on line 709
[05-Nov-2025 21:20:30 UTC] PHP Deprecated:  str_replace(): Passing null to parameter #3 ($subject) of type array|string is deprecated in /home/mafwor5/public_html/test/wp-content/plugins/events-manager/classes/em-object.php on line 1836
[05-Nov-2025 21:20:30 UTC] PHP Deprecated:  preg_match(): Passing null to parameter #2 ($subject) of type string is deprecated in /home/mafwor5/public_html/test/wp-content/plugins/events-manager/classes/em-object.php on line 1829
[05-Nov-2025 21:20:30 UTC] PHP Deprecated:  str_contains(): Passing null to parameter #1 ($haystack) of type string is deprecated in /home/mafwor5/public_html/test/wp-includes/shortcodes.php on line 709
[05-Nov-2025 21:20:30 UTC] PHP Deprecated:  str_replace(): Passing null to parameter #3 ($subject) of type array|string is deprecated in /home/mafwor5/public_html/test/wp-content/plugins/events-manager/classes/em-object.php on line 1836
[05-Nov-2025 21:20:30 UTC] PHP Deprecated:  preg_match(): Passing null to parameter #2 ($subject) of type string is deprecated in /home/mafwor5/public_html/test/wp-content/plugins/events-manager/classes/em-object.php on line 1829
[05-Nov-2025 21:20:30 UTC] PHP Deprecated:  str_contains(): Passing null to parameter #1 ($haystack) of type string is deprecated in /home/mafwor5/public_html/test/wp-includes/shortcodes.php on line 709
[05-Nov-2025 21:20:30 UTC] PHP Deprecated:  str_replace(): Passing null to parameter #3 ($subject) of type array|string is deprecated in /home/mafwor5/public_html/test/wp-content/plugins/events-manager/classes/em-object.php on line 1836
[05-Nov-2025 21:20:30 UTC] PHP Deprecated:  preg_match(): Passing null to parameter #2 ($subject) of type string is deprecated in /home/mafwor5/public_html/test/wp-content/plugins/events-manager/classes/em-object.php on line 1829
[05-Nov-2025 21:20:30 UTC] PHP Deprecated:  str_contains(): Passing null to parameter #1 ($haystack) of type string is deprecated in /home/mafwor5/public_html/test/wp-includes/shortcodes.php on line 709
[05-Nov-2025 21:20:30 UTC] PHP Deprecated:  str_replace(): Passing null to parameter #3 ($subject) of type array|string is deprecated in /home/mafwor5/public_html/test/wp-content/plugins/events-manager/classes/em-object.php on line 1836
[05-Nov-2025 21:20:30 UTC] PHP Deprecated:  preg_match(): Passing null to parameter #2 ($subject) of type string is deprecated in /home/mafwor5/public_html/test/wp-content/plugins/events-manager/classes/em-object.php on line 1829
[05-Nov-2025 21:20:30 UTC] PHP Deprecated:  str_contains(): Passing null to parameter #1 ($haystack) of type string is deprecated in /home/mafwor5/public_html/test/wp-includes/shortcodes.php on line 709
[05-Nov-2025 21:20:30 UTC] PHP Deprecated:  str_replace(): Passing null to parameter #3 ($subject) of type array|string is deprecated in /home/mafwor5/public_html/test/wp-content/plugins/events-manager/classes/em-object.php on line 1836
[05-Nov-2025 21:20:38 UTC] PHP Deprecated:  preg_match(): Passing null to parameter #2 ($subject) of type string is deprecated in /home/mafwor5/public_html/test/wp-content/plugins/events-manager/classes/em-object.php on line 1829
[05-Nov-2025 21:20:38 UTC] PHP Deprecated:  str_contains(): Passing null to parameter #1 ($haystack) of type string is deprecated in /home/mafwor5/public_html/test/wp-includes/shortcodes.php on line 709
[05-Nov-2025 21:20:38 UTC] PHP Deprecated:  str_replace(): Passing null to parameter #3 ($subject) of type array|string is deprecated in /home/mafwor5/public_html/test/wp-content/plugins/events-manager/classes/em-object.php on line 1836
[05-Nov-2025 21:20:38 UTC] PHP Deprecated:  preg_match(): Passing null to parameter #2 ($subject) of type string is deprecated in /home/mafwor5/public_html/test/wp-content/plugins/events-manager/classes/em-object.php on line 1829
[05-Nov-2025 21:20:38 UTC] PHP Deprecated:  str_contains(): Passing null to parameter #1 ($haystack) of type string is deprecated in /home/mafwor5/public_html/test/wp-includes/shortcodes.php on line 709
[05-Nov-2025 21:20:38 UTC] PHP Deprecated:  str_replace(): Passing null to parameter #3 ($subject) of type array|string is deprecated in /home/mafwor5/public_html/test/wp-content/plugins/events-manager/classes/em-object.php on line 1836
[05-Nov-2025 21:20:50 UTC] PHP Deprecated:  preg_match(): Passing null to parameter #2 ($subject) of type string is deprecated in /home/mafwor5/public_html/test/wp-content/plugins/events-manager/classes/em-object.php on line 1829
[05-Nov-2025 21:20:50 UTC] PHP Deprecated:  str_contains(): Passing null to parameter #1 ($haystack) of type string is deprecated in /home/mafwor5/public_html/test/wp-includes/shortcodes.php on line 709
[05-Nov-2025 21:20:50 UTC] PHP Deprecated:  str_replace(): Passing null to parameter #3 ($subject) of type array|string is deprecated in /home/mafwor5/public_html/test/wp-content/plugins/events-manager/classes/em-object.php on line 1836
[05-Nov-2025 21:20:50 UTC] PHP Deprecated:  preg_match(): Passing null to parameter #2 ($subject) of type string is deprecated in /home/mafwor5/public_html/test/wp-content/plugins/events-manager/classes/em-object.php on line 1829
[05-Nov-2025 21:20:50 UTC] PHP Deprecated:  str_contains(): Passing null to parameter #1 ($haystack) of type string is deprecated in /home/mafwor5/public_html/test/wp-includes/shortcodes.php on line 709
[05-Nov-2025 21:20:50 UTC] PHP Deprecated:  str_replace(): Passing null to parameter #3 ($subject) of type array|string is deprecated in /home/mafwor5/public_html/test/wp-content/plugins/events-manager/classes/em-object.php on line 1836
[05-Nov-2025 21:20:50 UTC] PHP Deprecated:  preg_match(): Passing null to parameter #2 ($subject) of type string is deprecated in /home/mafwor5/public_html/test/wp-content/plugins/events-manager/classes/em-object.php on line 1829
[05-Nov-2025 21:20:50 UTC] PHP Deprecated:  str_contains(): Passing null to parameter #1 ($haystack) of type string is deprecated in /home/mafwor5/public_html/test/wp-includes/shortcodes.php on line 709
[05-Nov-2025 21:20:50 UTC] PHP Deprecated:  str_replace(): Passing null to parameter #3 ($subject) of type array|string is deprecated in /home/mafwor5/public_html/test/wp-content/plugins/events-manager/classes/em-object.php on line 1836
[05-Nov-2025 21:20:50 UTC] PHP Deprecated:  preg_match(): Passing null to parameter #2 ($subject) of type string is deprecated in /home/mafwor5/public_html/test/wp-content/plugins/events-manager/classes/em-object.php on line 1829
[05-Nov-2025 21:20:50 UTC] PHP Deprecated:  str_contains(): Passing null to parameter #1 ($haystack) of type string is deprecated in /home/mafwor5/public_html/test/wp-includes/shortcodes.php on line 709
[05-Nov-2025 21:20:50 UTC] PHP Deprecated:  str_replace(): Passing null to parameter #3 ($subject) of type array|string is deprecated in /home/mafwor5/public_html/test/wp-content/plugins/events-manager/classes/em-object.php on line 1836
[05-Nov-2025 21:20:50 UTC] PHP Deprecated:  preg_match(): Passing null to parameter #2 ($subject) of type string is deprecated in /home/mafwor5/public_html/test/wp-content/plugins/events-manager/classes/em-object.php on line 1829
[05-Nov-2025 21:20:50 UTC] PHP Deprecated:  str_contains(): Passing null to parameter #1 ($haystack) of type string is deprecated in /home/mafwor5/public_html/test/wp-includes/shortcodes.php on line 709
[05-Nov-2025 21:20:50 UTC] PHP Deprecated:  str_replace(): Passing null to parameter #3 ($subject) of type array|string is deprecated in /home/mafwor5/public_html/test/wp-content/plugins/events-manager/classes/em-object.php on line 1836
[05-Nov-2025 21:20:50 UTC] PHP Deprecated:  preg_match(): Passing null to parameter #2 ($subject) of type string is deprecated in /home/mafwor5/public_html/test/wp-content/plugins/events-manager/classes/em-object.php on line 1829
[05-Nov-2025 21:20:50 UTC] PHP Deprecated:  str_contains(): Passing null to parameter #1 ($haystack) of type string is deprecated in /home/mafwor5/public_html/test/wp-includes/shortcodes.php on line 709
[05-Nov-2025 21:20:50 UTC] PHP Deprecated:  str_replace(): Passing null to parameter #3 ($subject) of type array|string is deprecated in /home/mafwor5/public_html/test/wp-content/plugins/events-manager/classes/em-object.php on line 1836
[05-Nov-2025 21:23:17 UTC] PHP Deprecated:  preg_match(): Passing null to parameter #2 ($subject) of type string is deprecated in /home/mafwor5/public_html/test/wp-content/plugins/events-manager/classes/em-object.php on line 1829
[05-Nov-2025 21:23:17 UTC] PHP Deprecated:  str_contains(): Passing null to parameter #1 ($haystack) of type string is deprecated in /home/mafwor5/public_html/test/wp-includes/shortcodes.php on line 709
[05-Nov-2025 21:23:17 UTC] PHP Deprecated:  str_replace(): Passing null to parameter #3 ($subject) of type array|string is deprecated in /home/mafwor5/public_html/test/wp-content/plugins/events-manager/classes/em-object.php on line 1836
[05-Nov-2025 21:23:17 UTC] PHP Deprecated:  preg_match(): Passing null to parameter #2 ($subject) of type string is deprecated in /home/mafwor5/public_html/test/wp-content/plugins/events-manager/classes/em-object.php on line 1829
[05-Nov-2025 21:23:17 UTC] PHP Deprecated:  str_contains(): Passing null to parameter #1 ($haystack) of type string is deprecated in /home/mafwor5/public_html/test/wp-includes/shortcodes.php on line 709
[05-Nov-2025 21:23:17 UTC] PHP Deprecated:  str_replace(): Passing null to parameter #3 ($subject) of type array|string is deprecated in /home/mafwor5/public_html/test/wp-content/plugins/events-manager/classes/em-object.php on line 1836
[05-Nov-2025 21:23:17 UTC] PHP Deprecated:  preg_match(): Passing null to parameter #2 ($subject) of type string is deprecated in /home/mafwor5/public_html/test/wp-content/plugins/events-manager/classes/em-object.php on line 1829
[05-Nov-2025 21:23:17 UTC] PHP Deprecated:  str_contains(): Passing null to parameter #1 ($haystack) of type string is deprecated in /home/mafwor5/public_html/test/wp-includes/shortcodes.php on line 709
[05-Nov-2025 21:23:17 UTC] PHP Deprecated:  str_replace(): Passing null to parameter #3 ($subject) of type array|string is deprecated in /home/mafwor5/public_html/test/wp-content/plugins/events-manager/classes/em-object.php on line 1836
[05-Nov-2025 21:23:17 UTC] PHP Deprecated:  preg_match(): Passing null to parameter #2 ($subject) of type string is deprecated in /home/mafwor5/public_html/test/wp-content/plugins/events-manager/classes/em-object.php on line 1829
[05-Nov-2025 21:23:17 UTC] PHP Deprecated:  str_contains(): Passing null to parameter #1 ($haystack) of type string is deprecated in /home/mafwor5/public_html/test/wp-includes/shortcodes.php on line 709
[05-Nov-2025 21:23:17 UTC] PHP Deprecated:  str_replace(): Passing null to parameter #3 ($subject) of type array|string is deprecated in /home/mafwor5/public_html/test/wp-content/plugins/events-manager/classes/em-object.php on line 1836
[05-Nov-2025 21:23:17 UTC] PHP Deprecated:  preg_match(): Passing null to parameter #2 ($subject) of type string is deprecated in /home/mafwor5/public_html/test/wp-content/plugins/events-manager/classes/em-object.php on line 1829
[05-Nov-2025 21:23:17 UTC] PHP Deprecated:  str_contains(): Passing null to parameter #1 ($haystack) of type string is deprecated in /home/mafwor5/public_html/test/wp-includes/shortcodes.php on line 709
[05-Nov-2025 21:23:17 UTC] PHP Deprecated:  str_replace(): Passing null to parameter #3 ($subject) of type array|string is deprecated in /home/mafwor5/public_html/test/wp-content/plugins/events-manager/classes/em-object.php on line 1836
[05-Nov-2025 21:23:17 UTC] PHP Deprecated:  preg_match(): Passing null to parameter #2 ($subject) of type string is deprecated in /home/mafwor5/public_html/test/wp-content/plugins/events-manager/classes/em-object.php on line 1829
[05-Nov-2025 21:23:17 UTC] PHP Deprecated:  str_contains(): Passing null to parameter #1 ($haystack) of type string is deprecated in /home/mafwor5/public_html/test/wp-includes/shortcodes.php on line 709
[05-Nov-2025 21:23:17 UTC] PHP Deprecated:  str_replace(): Passing null to parameter #3 ($subject) of type array|string is deprecated in /home/mafwor5/public_html/test/wp-content/plugins/events-manager/classes/em-object.php on line 1836
[05-Nov-2025 21:23:28 UTC] PHP Deprecated:  preg_match(): Passing null to parameter #2 ($subject) of type string is deprecated in /home/mafwor5/public_html/test/wp-content/plugins/events-manager/classes/em-object.php on line 1829
[05-Nov-2025 21:23:28 UTC] PHP Deprecated:  str_contains(): Passing null to parameter #1 ($haystack) of type string is deprecated in /home/mafwor5/public_html/test/wp-includes/shortcodes.php on line 709
[05-Nov-2025 21:23:28 UTC] PHP Deprecated:  str_replace(): Passing null to parameter #3 ($subject) of type array|string is deprecated in /home/mafwor5/public_html/test/wp-content/plugins/events-manager/classes/em-object.php on line 1836
[05-Nov-2025 21:23:28 UTC] PHP Deprecated:  preg_match(): Passing null to parameter #2 ($subject) of type string is deprecated in /home/mafwor5/public_html/test/wp-content/plugins/events-manager/classes/em-object.php on line 1829
[05-Nov-2025 21:23:28 UTC] PHP Deprecated:  str_contains(): Passing null to parameter #1 ($haystack) of type string is deprecated in /home/mafwor5/public_html/test/wp-includes/shortcodes.php on line 709
[05-Nov-2025 21:23:28 UTC] PHP Deprecated:  str_replace(): Passing null to parameter #3 ($subject) of type array|string is deprecated in /home/mafwor5/public_html/test/wp-content/plugins/events-manager/classes/em-object.php on line 1836
[05-Nov-2025 21:23:55 UTC] PHP Deprecated:  preg_match(): Passing null to parameter #2 ($subject) of type string is deprecated in /home/mafwor5/public_html/test/wp-content/plugins/events-manager/classes/em-object.php on line 1829
[05-Nov-2025 21:23:55 UTC] PHP Deprecated:  str_contains(): Passing null to parameter #1 ($haystack) of type string is deprecated in /home/mafwor5/public_html/test/wp-includes/shortcodes.php on line 709
[05-Nov-2025 21:23:55 UTC] PHP Deprecated:  str_replace(): Passing null to parameter #3 ($subject) of type array|string is deprecated in /home/mafwor5/public_html/test/wp-content/plugins/events-manager/classes/em-object.php on line 1836
[05-Nov-2025 22:06:16 UTC] PHP Deprecated:  preg_match(): Passing null to parameter #2 ($subject) of type string is deprecated in /home/mafwor5/public_html/test/wp-includes/post.php on line 1052
[05-Nov-2025 22:06:16 UTC] PHP Deprecated:  preg_replace(): Passing null to parameter #3 ($subject) of type array|string is deprecated in /home/mafwor5/public_html/test/wp-includes/post.php on line 1062
[05-Nov-2025 22:06:16 UTC] PHP Deprecated:  preg_match(): Passing null to parameter #2 ($subject) of type string is deprecated in /home/mafwor5/public_html/test/wp-includes/post.php on line 1052
[05-Nov-2025 22:06:16 UTC] PHP Deprecated:  preg_replace(): Passing null to parameter #3 ($subject) of type array|string is deprecated in /home/mafwor5/public_html/test/wp-includes/post.php on line 1062
[05-Nov-2025 22:06:16 UTC] PHP Deprecated:  preg_match(): Passing null to parameter #2 ($subject) of type string is deprecated in /home/mafwor5/public_html/test/wp-includes/post.php on line 1052
[05-Nov-2025 22:06:16 UTC] PHP Deprecated:  preg_replace(): Passing null to parameter #3 ($subject) of type array|string is deprecated in /home/mafwor5/public_html/test/wp-includes/post.php on line 1062
[05-Nov-2025 22:06:16 UTC] PHP Deprecated:  preg_match(): Passing null to parameter #2 ($subject) of type string is deprecated in /home/mafwor5/public_html/test/wp-includes/post.php on line 1052
[05-Nov-2025 22:06:16 UTC] PHP Deprecated:  preg_replace(): Passing null to parameter #3 ($subject) of type array|string is deprecated in /home/mafwor5/public_html/test/wp-includes/post.php on line 1062
[05-Nov-2025 22:06:48 UTC] PHP Deprecated:  preg_match(): Passing null to parameter #2 ($subject) of type string is deprecated in /home/mafwor5/public_html/test/wp-includes/post.php on line 1052
[05-Nov-2025 22:06:48 UTC] PHP Deprecated:  preg_replace(): Passing null to parameter #3 ($subject) of type array|string is deprecated in /home/mafwor5/public_html/test/wp-includes/post.php on line 1062
[05-Nov-2025 22:06:48 UTC] PHP Deprecated:  preg_match(): Passing null to parameter #2 ($subject) of type string is deprecated in /home/mafwor5/public_html/test/wp-includes/post.php on line 1052
[05-Nov-2025 22:06:48 UTC] PHP Deprecated:  preg_replace(): Passing null to parameter #3 ($subject) of type array|string is deprecated in /home/mafwor5/public_html/test/wp-includes/post.php on line 1062
[05-Nov-2025 22:06:48 UTC] PHP Deprecated:  preg_match(): Passing null to parameter #2 ($subject) of type string is deprecated in /home/mafwor5/public_html/test/wp-includes/post.php on line 1052
[05-Nov-2025 22:06:48 UTC] PHP Deprecated:  preg_replace(): Passing null to parameter #3 ($subject) of type array|string is deprecated in /home/mafwor5/public_html/test/wp-includes/post.php on line 1062
[05-Nov-2025 22:06:48 UTC] PHP Deprecated:  preg_match(): Passing null to parameter #2 ($subject) of type string is deprecated in /home/mafwor5/public_html/test/wp-includes/post.php on line 1052
[05-Nov-2025 22:06:48 UTC] PHP Deprecated:  preg_replace(): Passing null to parameter #3 ($subject) of type array|string is deprecated in /home/mafwor5/public_html/test/wp-includes/post.php on line 1062
[05-Nov-2025 22:14:03 UTC] PHP Deprecated:  preg_match(): Passing null to parameter #2 ($subject) of type string is deprecated in /home/mafwor5/public_html/test/wp-content/plugins/events-manager/classes/em-object.php on line 1829
[05-Nov-2025 22:14:03 UTC] PHP Deprecated:  str_contains(): Passing null to parameter #1 ($haystack) of type string is deprecated in /home/mafwor5/public_html/test/wp-includes/shortcodes.php on line 709
[05-Nov-2025 22:14:03 UTC] PHP Deprecated:  str_replace(): Passing null to parameter #3 ($subject) of type array|string is deprecated in /home/mafwor5/public_html/test/wp-content/plugins/events-manager/classes/em-object.php on line 1836
[05-Nov-2025 22:14:03 UTC] PHP Deprecated:  preg_match(): Passing null to parameter #2 ($subject) of type string is deprecated in /home/mafwor5/public_html/test/wp-content/plugins/events-manager/classes/em-object.php on line 1829
[05-Nov-2025 22:14:03 UTC] PHP Deprecated:  str_contains(): Passing null to parameter #1 ($haystack) of type string is deprecated in /home/mafwor5/public_html/test/wp-includes/shortcodes.php on line 709
[05-Nov-2025 22:14:03 UTC] PHP Deprecated:  str_replace(): Passing null to parameter #3 ($subject) of type array|string is deprecated in /home/mafwor5/public_html/test/wp-content/plugins/events-manager/classes/em-object.php on line 1836
[05-Nov-2025 22:14:03 UTC] PHP Deprecated:  preg_match(): Passing null to parameter #2 ($subject) of type string is deprecated in /home/mafwor5/public_html/test/wp-content/plugins/events-manager/classes/em-object.php on line 1829
[05-Nov-2025 22:14:03 UTC] PHP Deprecated:  str_contains(): Passing null to parameter #1 ($haystack) of type string is deprecated in /home/mafwor5/public_html/test/wp-includes/shortcodes.php on line 709
[05-Nov-2025 22:14:03 UTC] PHP Deprecated:  str_replace(): Passing null to parameter #3 ($subject) of type array|string is deprecated in /home/mafwor5/public_html/test/wp-content/plugins/events-manager/classes/em-object.php on line 1836
[05-Nov-2025 22:14:03 UTC] PHP Deprecated:  preg_match(): Passing null to parameter #2 ($subject) of type string is deprecated in /home/mafwor5/public_html/test/wp-content/plugins/events-manager/classes/em-object.php on line 1829
[05-Nov-2025 22:14:03 UTC] PHP Deprecated:  str_contains(): Passing null to parameter #1 ($haystack) of type string is deprecated in /home/mafwor5/public_html/test/wp-includes/shortcodes.php on line 709
[05-Nov-2025 22:14:03 UTC] PHP Deprecated:  str_replace(): Passing null to parameter #3 ($subject) of type array|string is deprecated in /home/mafwor5/public_html/test/wp-content/plugins/events-manager/classes/em-object.php on line 1836
[05-Nov-2025 22:14:03 UTC] PHP Deprecated:  preg_match(): Passing null to parameter #2 ($subject) of type string is deprecated in /home/mafwor5/public_html/test/wp-content/plugins/events-manager/classes/em-object.php on line 1829
[05-Nov-2025 22:14:03 UTC] PHP Deprecated:  str_contains(): Passing null to parameter #1 ($haystack) of type string is deprecated in /home/mafwor5/public_html/test/wp-includes/shortcodes.php on line 709
[05-Nov-2025 22:14:03 UTC] PHP Deprecated:  str_replace(): Passing null to parameter #3 ($subject) of type array|string is deprecated in /home/mafwor5/public_html/test/wp-content/plugins/events-manager/classes/em-object.php on line 1836
[05-Nov-2025 22:14:03 UTC] PHP Deprecated:  preg_match(): Passing null to parameter #2 ($subject) of type string is deprecated in /home/mafwor5/public_html/test/wp-content/plugins/events-manager/classes/em-object.php on line 1829
[05-Nov-2025 22:14:03 UTC] PHP Deprecated:  str_contains(): Passing null to parameter #1 ($haystack) of type string is deprecated in /home/mafwor5/public_html/test/wp-includes/shortcodes.php on line 709
[05-Nov-2025 22:14:03 UTC] PHP Deprecated:  str_replace(): Passing null to parameter #3 ($subject) of type array|string is deprecated in /home/mafwor5/public_html/test/wp-content/plugins/events-manager/classes/em-object.php on line 1836
[05-Nov-2025 22:16:18 UTC] PHP Deprecated:  preg_match(): Passing null to parameter #2 ($subject) of type string is deprecated in /home/mafwor5/public_html/test/wp-includes/post.php on line 1052
[05-Nov-2025 22:16:18 UTC] PHP Deprecated:  preg_replace(): Passing null to parameter #3 ($subject) of type array|string is deprecated in /home/mafwor5/public_html/test/wp-includes/post.php on line 1062
[05-Nov-2025 22:16:18 UTC] PHP Deprecated:  preg_match(): Passing null to parameter #2 ($subject) of type string is deprecated in /home/mafwor5/public_html/test/wp-includes/post.php on line 1052
[05-Nov-2025 22:16:18 UTC] PHP Deprecated:  preg_replace(): Passing null to parameter #3 ($subject) of type array|string is deprecated in /home/mafwor5/public_html/test/wp-includes/post.php on line 1062
[05-Nov-2025 22:16:18 UTC] PHP Deprecated:  preg_match(): Passing null to parameter #2 ($subject) of type string is deprecated in /home/mafwor5/public_html/test/wp-includes/post.php on line 1052
[05-Nov-2025 22:16:18 UTC] PHP Deprecated:  preg_replace(): Passing null to parameter #3 ($subject) of type array|string is deprecated in /home/mafwor5/public_html/test/wp-includes/post.php on line 1062
[05-Nov-2025 22:16:18 UTC] PHP Deprecated:  preg_match(): Passing null to parameter #2 ($subject) of type string is deprecated in /home/mafwor5/public_html/test/wp-includes/post.php on line 1052
[05-Nov-2025 22:16:18 UTC] PHP Deprecated:  preg_replace(): Passing null to parameter #3 ($subject) of type array|string is deprecated in /home/mafwor5/public_html/test/wp-includes/post.php on line 1062
[05-Nov-2025 22:17:28 UTC] PHP Deprecated:  preg_match(): Passing null to parameter #2 ($subject) of type string is deprecated in /home/mafwor5/public_html/test/wp-includes/post.php on line 1052
[05-Nov-2025 22:17:28 UTC] PHP Deprecated:  preg_replace(): Passing null to parameter #3 ($subject) of type array|string is deprecated in /home/mafwor5/public_html/test/wp-includes/post.php on line 1062
[05-Nov-2025 22:17:28 UTC] PHP Deprecated:  preg_match(): Passing null to parameter #2 ($subject) of type string is deprecated in /home/mafwor5/public_html/test/wp-includes/post.php on line 1052
[05-Nov-2025 22:17:28 UTC] PHP Deprecated:  preg_replace(): Passing null to parameter #3 ($subject) of type array|string is deprecated in /home/mafwor5/public_html/test/wp-includes/post.php on line 1062
[05-Nov-2025 22:17:28 UTC] PHP Deprecated:  preg_match(): Passing null to parameter #2 ($subject) of type string is deprecated in /home/mafwor5/public_html/test/wp-includes/post.php on line 1052
[05-Nov-2025 22:17:28 UTC] PHP Deprecated:  preg_replace(): Passing null to parameter #3 ($subject) of type array|string is deprecated in /home/mafwor5/public_html/test/wp-includes/post.php on line 1062
[05-Nov-2025 22:17:28 UTC] PHP Deprecated:  preg_match(): Passing null to parameter #2 ($subject) of type string is deprecated in /home/mafwor5/public_html/test/wp-includes/post.php on line 1052
[05-Nov-2025 22:17:28 UTC] PHP Deprecated:  preg_replace(): Passing null to parameter #3 ($subject) of type array|string is deprecated in /home/mafwor5/public_html/test/wp-includes/post.php on line 1062
[05-Nov-2025 22:19:22 UTC] PHP Deprecated:  preg_match(): Passing null to parameter #2 ($subject) of type string is deprecated in /home/mafwor5/public_html/test/wp-content/plugins/events-manager/classes/em-object.php on line 1829
[05-Nov-2025 22:19:22 UTC] PHP Deprecated:  str_contains(): Passing null to parameter #1 ($haystack) of type string is deprecated in /home/mafwor5/public_html/test/wp-includes/shortcodes.php on line 709
[05-Nov-2025 22:19:22 UTC] PHP Deprecated:  str_replace(): Passing null to parameter #3 ($subject) of type array|string is deprecated in /home/mafwor5/public_html/test/wp-content/plugins/events-manager/classes/em-object.php on line 1836
[05-Nov-2025 22:19:22 UTC] PHP Deprecated:  preg_match(): Passing null to parameter #2 ($subject) of type string is deprecated in /home/mafwor5/public_html/test/wp-content/plugins/events-manager/classes/em-object.php on line 1829
[05-Nov-2025 22:19:22 UTC] PHP Deprecated:  str_contains(): Passing null to parameter #1 ($haystack) of type string is deprecated in /home/mafwor5/public_html/test/wp-includes/shortcodes.php on line 709
[05-Nov-2025 22:19:22 UTC] PHP Deprecated:  str_replace(): Passing null to parameter #3 ($subject) of type array|string is deprecated in /home/mafwor5/public_html/test/wp-content/plugins/events-manager/classes/em-object.php on line 1836
[05-Nov-2025 22:19:22 UTC] PHP Deprecated:  preg_match(): Passing null to parameter #2 ($subject) of type string is deprecated in /home/mafwor5/public_html/test/wp-content/plugins/events-manager/classes/em-object.php on line 1829
[05-Nov-2025 22:19:22 UTC] PHP Deprecated:  str_contains(): Passing null to parameter #1 ($haystack) of type string is deprecated in /home/mafwor5/public_html/test/wp-includes/shortcodes.php on line 709
[05-Nov-2025 22:19:22 UTC] PHP Deprecated:  str_replace(): Passing null to parameter #3 ($subject) of type array|string is deprecated in /home/mafwor5/public_html/test/wp-content/plugins/events-manager/classes/em-object.php on line 1836
[05-Nov-2025 22:19:22 UTC] PHP Deprecated:  preg_match(): Passing null to parameter #2 ($subject) of type string is deprecated in /home/mafwor5/public_html/test/wp-content/plugins/events-manager/classes/em-object.php on line 1829
[05-Nov-2025 22:19:22 UTC] PHP Deprecated:  str_contains(): Passing null to parameter #1 ($haystack) of type string is deprecated in /home/mafwor5/public_html/test/wp-includes/shortcodes.php on line 709
[05-Nov-2025 22:19:22 UTC] PHP Deprecated:  str_replace(): Passing null to parameter #3 ($subject) of type array|string is deprecated in /home/mafwor5/public_html/test/wp-content/plugins/events-manager/classes/em-object.php on line 1836
[05-Nov-2025 22:19:22 UTC] PHP Deprecated:  preg_match(): Passing null to parameter #2 ($subject) of type string is deprecated in /home/mafwor5/public_html/test/wp-content/plugins/events-manager/classes/em-object.php on line 1829
[05-Nov-2025 22:19:22 UTC] PHP Deprecated:  str_contains(): Passing null to parameter #1 ($haystack) of type string is deprecated in /home/mafwor5/public_html/test/wp-includes/shortcodes.php on line 709
[05-Nov-2025 22:19:22 UTC] PHP Deprecated:  str_replace(): Passing null to parameter #3 ($subject) of type array|string is deprecated in /home/mafwor5/public_html/test/wp-content/plugins/events-manager/classes/em-object.php on line 1836
[05-Nov-2025 22:19:22 UTC] PHP Deprecated:  preg_match(): Passing null to parameter #2 ($subject) of type string is deprecated in /home/mafwor5/public_html/test/wp-content/plugins/events-manager/classes/em-object.php on line 1829
[05-Nov-2025 22:19:22 UTC] PHP Deprecated:  str_contains(): Passing null to parameter #1 ($haystack) of type string is deprecated in /home/mafwor5/public_html/test/wp-includes/shortcodes.php on line 709
[05-Nov-2025 22:19:22 UTC] PHP Deprecated:  str_replace(): Passing null to parameter #3 ($subject) of type array|string is deprecated in /home/mafwor5/public_html/test/wp-content/plugins/events-manager/classes/em-object.php on line 1836
[05-Nov-2025 22:21:03 UTC] PHP Deprecated:  preg_match(): Passing null to parameter #2 ($subject) of type string is deprecated in /home/mafwor5/public_html/test/wp-includes/post.php on line 1052
[05-Nov-2025 22:21:03 UTC] PHP Deprecated:  preg_replace(): Passing null to parameter #3 ($subject) of type array|string is deprecated in /home/mafwor5/public_html/test/wp-includes/post.php on line 1062
[05-Nov-2025 22:21:03 UTC] PHP Deprecated:  preg_match(): Passing null to parameter #2 ($subject) of type string is deprecated in /home/mafwor5/public_html/test/wp-includes/post.php on line 1052
[05-Nov-2025 22:21:03 UTC] PHP Deprecated:  preg_replace(): Passing null to parameter #3 ($subject) of type array|string is deprecated in /home/mafwor5/public_html/test/wp-includes/post.php on line 1062
[05-Nov-2025 22:21:03 UTC] PHP Deprecated:  preg_match(): Passing null to parameter #2 ($subject) of type string is deprecated in /home/mafwor5/public_html/test/wp-includes/post.php on line 1052
[05-Nov-2025 22:21:03 UTC] PHP Deprecated:  preg_replace(): Passing null to parameter #3 ($subject) of type array|string is deprecated in /home/mafwor5/public_html/test/wp-includes/post.php on line 1062
[05-Nov-2025 22:21:03 UTC] PHP Deprecated:  preg_match(): Passing null to parameter #2 ($subject) of type string is deprecated in /home/mafwor5/public_html/test/wp-includes/post.php on line 1052
[05-Nov-2025 22:21:03 UTC] PHP Deprecated:  preg_replace(): Passing null to parameter #3 ($subject) of type array|string is deprecated in /home/mafwor5/public_html/test/wp-includes/post.php on line 1062
[05-Nov-2025 22:27:10 UTC] PHP Deprecated:  preg_match(): Passing null to parameter #2 ($subject) of type string is deprecated in /home/mafwor5/public_html/test/wp-includes/post.php on line 1052
[05-Nov-2025 22:27:10 UTC] PHP Deprecated:  preg_replace(): Passing null to parameter #3 ($subject) of type array|string is deprecated in /home/mafwor5/public_html/test/wp-includes/post.php on line 1062
[05-Nov-2025 22:27:10 UTC] PHP Deprecated:  preg_match(): Passing null to parameter #2 ($subject) of type string is deprecated in /home/mafwor5/public_html/test/wp-includes/post.php on line 1052
[05-Nov-2025 22:27:10 UTC] PHP Deprecated:  preg_replace(): Passing null to parameter #3 ($subject) of type array|string is deprecated in /home/mafwor5/public_html/test/wp-includes/post.php on line 1062
[05-Nov-2025 22:27:10 UTC] PHP Deprecated:  preg_match(): Passing null to parameter #2 ($subject) of type string is deprecated in /home/mafwor5/public_html/test/wp-includes/post.php on line 1052
[05-Nov-2025 22:27:10 UTC] PHP Deprecated:  preg_replace(): Passing null to parameter #3 ($subject) of type array|string is deprecated in /home/mafwor5/public_html/test/wp-includes/post.php on line 1062
[05-Nov-2025 22:27:10 UTC] PHP Deprecated:  preg_match(): Passing null to parameter #2 ($subject) of type string is deprecated in /home/mafwor5/public_html/test/wp-includes/post.php on line 1052
[05-Nov-2025 22:27:10 UTC] PHP Deprecated:  preg_replace(): Passing null to parameter #3 ($subject) of type array|string is deprecated in /home/mafwor5/public_html/test/wp-includes/post.php on line 1062
[05-Nov-2025 22:28:38 UTC] PHP Deprecated:  preg_match(): Passing null to parameter #2 ($subject) of type string is deprecated in /home/mafwor5/public_html/test/wp-content/plugins/events-manager/classes/em-object.php on line 1829
[05-Nov-2025 22:28:38 UTC] PHP Deprecated:  str_contains(): Passing null to parameter #1 ($haystack) of type string is deprecated in /home/mafwor5/public_html/test/wp-includes/shortcodes.php on line 709
[05-Nov-2025 22:28:38 UTC] PHP Deprecated:  str_replace(): Passing null to parameter #3 ($subject) of type array|string is deprecated in /home/mafwor5/public_html/test/wp-content/plugins/events-manager/classes/em-object.php on line 1836
[05-Nov-2025 22:28:38 UTC] PHP Deprecated:  preg_match(): Passing null to parameter #2 ($subject) of type string is deprecated in /home/mafwor5/public_html/test/wp-content/plugins/events-manager/classes/em-object.php on line 1829
[05-Nov-2025 22:28:38 UTC] PHP Deprecated:  str_contains(): Passing null to parameter #1 ($haystack) of type string is deprecated in /home/mafwor5/public_html/test/wp-includes/shortcodes.php on line 709
[05-Nov-2025 22:28:38 UTC] PHP Deprecated:  str_replace(): Passing null to parameter #3 ($subject) of type array|string is deprecated in /home/mafwor5/public_html/test/wp-content/plugins/events-manager/classes/em-object.php on line 1836
[05-Nov-2025 22:28:38 UTC] PHP Deprecated:  preg_match(): Passing null to parameter #2 ($subject) of type string is deprecated in /home/mafwor5/public_html/test/wp-content/plugins/events-manager/classes/em-object.php on line 1829
[05-Nov-2025 22:28:38 UTC] PHP Deprecated:  str_contains(): Passing null to parameter #1 ($haystack) of type string is deprecated in /home/mafwor5/public_html/test/wp-includes/shortcodes.php on line 709
[05-Nov-2025 22:28:38 UTC] PHP Deprecated:  str_replace(): Passing null to parameter #3 ($subject) of type array|string is deprecated in /home/mafwor5/public_html/test/wp-content/plugins/events-manager/classes/em-object.php on line 1836
[05-Nov-2025 22:28:38 UTC] PHP Deprecated:  preg_match(): Passing null to parameter #2 ($subject) of type string is deprecated in /home/mafwor5/public_html/test/wp-content/plugins/events-manager/classes/em-object.php on line 1829
[05-Nov-2025 22:28:38 UTC] PHP Deprecated:  str_contains(): Passing null to parameter #1 ($haystack) of type string is deprecated in /home/mafwor5/public_html/test/wp-includes/shortcodes.php on line 709
[05-Nov-2025 22:28:38 UTC] PHP Deprecated:  str_replace(): Passing null to parameter #3 ($subject) of type array|string is deprecated in /home/mafwor5/public_html/test/wp-content/plugins/events-manager/classes/em-object.php on line 1836
[05-Nov-2025 22:28:38 UTC] PHP Deprecated:  preg_match(): Passing null to parameter #2 ($subject) of type string is deprecated in /home/mafwor5/public_html/test/wp-content/plugins/events-manager/classes/em-object.php on line 1829
[05-Nov-2025 22:28:38 UTC] PHP Deprecated:  str_contains(): Passing null to parameter #1 ($haystack) of type string is deprecated in /home/mafwor5/public_html/test/wp-includes/shortcodes.php on line 709
[05-Nov-2025 22:28:38 UTC] PHP Deprecated:  str_replace(): Passing null to parameter #3 ($subject) of type array|string is deprecated in /home/mafwor5/public_html/test/wp-content/plugins/events-manager/classes/em-object.php on line 1836
[05-Nov-2025 22:28:38 UTC] PHP Deprecated:  preg_match(): Passing null to parameter #2 ($subject) of type string is deprecated in /home/mafwor5/public_html/test/wp-content/plugins/events-manager/classes/em-object.php on line 1829
[05-Nov-2025 22:28:38 UTC] PHP Deprecated:  str_contains(): Passing null to parameter #1 ($haystack) of type string is deprecated in /home/mafwor5/public_html/test/wp-includes/shortcodes.php on line 709
[05-Nov-2025 22:28:38 UTC] PHP Deprecated:  str_replace(): Passing null to parameter #3 ($subject) of type array|string is deprecated in /home/mafwor5/public_html/test/wp-content/plugins/events-manager/classes/em-object.php on line 1836
[05-Nov-2025 22:28:38 UTC] PHP Deprecated:  preg_match(): Passing null to parameter #2 ($subject) of type string is deprecated in /home/mafwor5/public_html/test/wp-content/plugins/events-manager/classes/em-object.php on line 1829
[05-Nov-2025 22:28:38 UTC] PHP Deprecated:  str_contains(): Passing null to parameter #1 ($haystack) of type string is deprecated in /home/mafwor5/public_html/test/wp-includes/shortcodes.php on line 709
[05-Nov-2025 22:28:38 UTC] PHP Deprecated:  str_replace(): Passing null to parameter #3 ($subject) of type array|string is deprecated in /home/mafwor5/public_html/test/wp-content/plugins/events-manager/classes/em-object.php on line 1836
[05-Nov-2025 22:28:38 UTC] PHP Deprecated:  preg_match(): Passing null to parameter #2 ($subject) of type string is deprecated in /home/mafwor5/public_html/test/wp-content/plugins/events-manager/classes/em-object.php on line 1829
[05-Nov-2025 22:28:38 UTC] PHP Deprecated:  str_contains(): Passing null to parameter #1 ($haystack) of type string is deprecated in /home/mafwor5/public_html/test/wp-includes/shortcodes.php on line 709
[05-Nov-2025 22:28:38 UTC] PHP Deprecated:  str_replace(): Passing null to parameter #3 ($subject) of type array|string is deprecated in /home/mafwor5/public_html/test/wp-content/plugins/events-manager/classes/em-object.php on line 1836
[05-Nov-2025 22:28:38 UTC] PHP Deprecated:  preg_match(): Passing null to parameter #2 ($subject) of type string is deprecated in /home/mafwor5/public_html/test/wp-content/plugins/events-manager/classes/em-object.php on line 1829
[05-Nov-2025 22:28:38 UTC] PHP Deprecated:  str_contains(): Passing null to parameter #1 ($haystack) of type string is deprecated in /home/mafwor5/public_html/test/wp-includes/shortcodes.php on line 709
[05-Nov-2025 22:28:38 UTC] PHP Deprecated:  str_replace(): Passing null to parameter #3 ($subject) of type array|string is deprecated in /home/mafwor5/public_html/test/wp-content/plugins/events-manager/classes/em-object.php on line 1836
[05-Nov-2025 22:28:38 UTC] PHP Deprecated:  preg_match(): Passing null to parameter #2 ($subject) of type string is deprecated in /home/mafwor5/public_html/test/wp-content/plugins/events-manager/classes/em-object.php on line 1829
[05-Nov-2025 22:28:38 UTC] PHP Deprecated:  str_contains(): Passing null to parameter #1 ($haystack) of type string is deprecated in /home/mafwor5/public_html/test/wp-includes/shortcodes.php on line 709
[05-Nov-2025 22:28:38 UTC] PHP Deprecated:  str_replace(): Passing null to parameter #3 ($subject) of type array|string is deprecated in /home/mafwor5/public_html/test/wp-content/plugins/events-manager/classes/em-object.php on line 1836
[05-Nov-2025 22:28:38 UTC] PHP Deprecated:  preg_match(): Passing null to parameter #2 ($subject) of type string is deprecated in /home/mafwor5/public_html/test/wp-content/plugins/events-manager/classes/em-object.php on line 1829
[05-Nov-2025 22:28:38 UTC] PHP Deprecated:  str_contains(): Passing null to parameter #1 ($haystack) of type string is deprecated in /home/mafwor5/public_html/test/wp-includes/shortcodes.php on line 709
[05-Nov-2025 22:28:38 UTC] PHP Deprecated:  str_replace(): Passing null to parameter #3 ($subject) of type array|string is deprecated in /home/mafwor5/public_html/test/wp-content/plugins/events-manager/classes/em-object.php on line 1836
[05-Nov-2025 22:28:38 UTC] PHP Deprecated:  preg_match(): Passing null to parameter #2 ($subject) of type string is deprecated in /home/mafwor5/public_html/test/wp-content/plugins/events-manager/classes/em-object.php on line 1829
[05-Nov-2025 22:28:38 UTC] PHP Deprecated:  str_contains(): Passing null to parameter #1 ($haystack) of type string is deprecated in /home/mafwor5/public_html/test/wp-includes/shortcodes.php on line 709
[05-Nov-2025 22:28:38 UTC] PHP Deprecated:  str_replace(): Passing null to parameter #3 ($subject) of type array|string is deprecated in /home/mafwor5/public_html/test/wp-content/plugins/events-manager/classes/em-object.php on line 1836
[05-Nov-2025 22:28:39 UTC] PHP Deprecated:  preg_match(): Passing null to parameter #2 ($subject) of type string is deprecated in /home/mafwor5/public_html/test/wp-content/plugins/events-manager/classes/em-object.php on line 1829
[05-Nov-2025 22:28:39 UTC] PHP Deprecated:  str_contains(): Passing null to parameter #1 ($haystack) of type string is deprecated in /home/mafwor5/public_html/test/wp-includes/shortcodes.php on line 709
[05-Nov-2025 22:28:39 UTC] PHP Deprecated:  str_replace(): Passing null to parameter #3 ($subject) of type array|string is deprecated in /home/mafwor5/public_html/test/wp-content/plugins/events-manager/classes/em-object.php on line 1836
[05-Nov-2025 22:28:39 UTC] PHP Deprecated:  preg_match(): Passing null to parameter #2 ($subject) of type string is deprecated in /home/mafwor5/public_html/test/wp-content/plugins/events-manager/classes/em-object.php on line 1829
[05-Nov-2025 22:28:39 UTC] PHP Deprecated:  str_contains(): Passing null to parameter #1 ($haystack) of type string is deprecated in /home/mafwor5/public_html/test/wp-includes/shortcodes.php on line 709
[05-Nov-2025 22:28:39 UTC] PHP Deprecated:  str_replace(): Passing null to parameter #3 ($subject) of type array|string is deprecated in /home/mafwor5/public_html/test/wp-content/plugins/events-manager/classes/em-object.php on line 1836
[05-Nov-2025 22:28:39 UTC] PHP Deprecated:  preg_match(): Passing null to parameter #2 ($subject) of type string is deprecated in /home/mafwor5/public_html/test/wp-content/plugins/events-manager/classes/em-object.php on line 1829
[05-Nov-2025 22:28:39 UTC] PHP Deprecated:  str_contains(): Passing null to parameter #1 ($haystack) of type string is deprecated in /home/mafwor5/public_html/test/wp-includes/shortcodes.php on line 709
[05-Nov-2025 22:28:39 UTC] PHP Deprecated:  str_replace(): Passing null to parameter #3 ($subject) of type array|string is deprecated in /home/mafwor5/public_html/test/wp-content/plugins/events-manager/classes/em-object.php on line 1836
[05-Nov-2025 22:28:39 UTC] PHP Deprecated:  preg_match(): Passing null to parameter #2 ($subject) of type string is deprecated in /home/mafwor5/public_html/test/wp-content/plugins/events-manager/classes/em-object.php on line 1829
[05-Nov-2025 22:28:39 UTC] PHP Deprecated:  str_contains(): Passing null to parameter #1 ($haystack) of type string is deprecated in /home/mafwor5/public_html/test/wp-includes/shortcodes.php on line 709
[05-Nov-2025 22:28:39 UTC] PHP Deprecated:  str_replace(): Passing null to parameter #3 ($subject) of type array|string is deprecated in /home/mafwor5/public_html/test/wp-content/plugins/events-manager/classes/em-object.php on line 1836
[05-Nov-2025 22:28:39 UTC] PHP Deprecated:  preg_match(): Passing null to parameter #2 ($subject) of type string is deprecated in /home/mafwor5/public_html/test/wp-content/plugins/events-manager/classes/em-object.php on line 1829
[05-Nov-2025 22:28:39 UTC] PHP Deprecated:  str_contains(): Passing null to parameter #1 ($haystack) of type string is deprecated in /home/mafwor5/public_html/test/wp-includes/shortcodes.php on line 709
[05-Nov-2025 22:28:39 UTC] PHP Deprecated:  str_replace(): Passing null to parameter #3 ($subject) of type array|string is deprecated in /home/mafwor5/public_html/test/wp-content/plugins/events-manager/classes/em-object.php on line 1836
[05-Nov-2025 22:28:39 UTC] PHP Deprecated:  preg_match(): Passing null to parameter #2 ($subject) of type string is deprecated in /home/mafwor5/public_html/test/wp-content/plugins/events-manager/classes/em-object.php on line 1829
[05-Nov-2025 22:28:39 UTC] PHP Deprecated:  str_contains(): Passing null to parameter #1 ($haystack) of type string is deprecated in /home/mafwor5/public_html/test/wp-includes/shortcodes.php on line 709
[05-Nov-2025 22:28:39 UTC] PHP Deprecated:  str_replace(): Passing null to parameter #3 ($subject) of type array|string is deprecated in /home/mafwor5/public_html/test/wp-content/plugins/events-manager/classes/em-object.php on line 1836
[05-Nov-2025 22:28:39 UTC] PHP Deprecated:  preg_match(): Passing null to parameter #2 ($subject) of type string is deprecated in /home/mafwor5/public_html/test/wp-content/plugins/events-manager/classes/em-object.php on line 1829
[05-Nov-2025 22:28:39 UTC] PHP Deprecated:  str_contains(): Passing null to parameter #1 ($haystack) of type string is deprecated in /home/mafwor5/public_html/test/wp-includes/shortcodes.php on line 709
[05-Nov-2025 22:28:39 UTC] PHP Deprecated:  str_replace(): Passing null to parameter #3 ($subject) of type array|string is deprecated in /home/mafwor5/public_html/test/wp-content/plugins/events-manager/classes/em-object.php on line 1836
[05-Nov-2025 22:28:39 UTC] PHP Deprecated:  preg_match(): Passing null to parameter #2 ($subject) of type string is deprecated in /home/mafwor5/public_html/test/wp-content/plugins/events-manager/classes/em-object.php on line 1829
[05-Nov-2025 22:28:39 UTC] PHP Deprecated:  str_contains(): Passing null to parameter #1 ($haystack) of type string is deprecated in /home/mafwor5/public_html/test/wp-includes/shortcodes.php on line 709
[05-Nov-2025 22:28:39 UTC] PHP Deprecated:  str_replace(): Passing null to parameter #3 ($subject) of type array|string is deprecated in /home/mafwor5/public_html/test/wp-content/plugins/events-manager/classes/em-object.php on line 1836
[05-Nov-2025 22:28:39 UTC] PHP Deprecated:  preg_match(): Passing null to parameter #2 ($subject) of type string is deprecated in /home/mafwor5/public_html/test/wp-content/plugins/events-manager/classes/em-object.php on line 1829
[05-Nov-2025 22:28:39 UTC] PHP Deprecated:  str_contains(): Passing null to parameter #1 ($haystack) of type string is deprecated in /home/mafwor5/public_html/test/wp-includes/shortcodes.php on line 709
[05-Nov-2025 22:28:39 UTC] PHP Deprecated:  str_replace(): Passing null to parameter #3 ($subject) of type array|string is deprecated in /home/mafwor5/public_html/test/wp-content/plugins/events-manager/classes/em-object.php on line 1836
[05-Nov-2025 22:28:39 UTC] PHP Deprecated:  preg_match(): Passing null to parameter #2 ($subject) of type string is deprecated in /home/mafwor5/public_html/test/wp-content/plugins/events-manager/classes/em-object.php on line 1829
[05-Nov-2025 22:28:39 UTC] PHP Deprecated:  str_contains(): Passing null to parameter #1 ($haystack) of type string is deprecated in /home/mafwor5/public_html/test/wp-includes/shortcodes.php on line 709
[05-Nov-2025 22:28:39 UTC] PHP Deprecated:  str_replace(): Passing null to parameter #3 ($subject) of type array|string is deprecated in /home/mafwor5/public_html/test/wp-content/plugins/events-manager/classes/em-object.php on line 1836
[05-Nov-2025 22:28:39 UTC] PHP Deprecated:  preg_match(): Passing null to parameter #2 ($subject) of type string is deprecated in /home/mafwor5/public_html/test/wp-content/plugins/events-manager/classes/em-object.php on line 1829
[05-Nov-2025 22:28:39 UTC] PHP Deprecated:  str_contains(): Passing null to parameter #1 ($haystack) of type string is deprecated in /home/mafwor5/public_html/test/wp-includes/shortcodes.php on line 709
[05-Nov-2025 22:28:39 UTC] PHP Deprecated:  str_replace(): Passing null to parameter #3 ($subject) of type array|string is deprecated in /home/mafwor5/public_html/test/wp-content/plugins/events-manager/classes/em-object.php on line 1836
[05-Nov-2025 22:28:39 UTC] PHP Deprecated:  preg_match(): Passing null to parameter #2 ($subject) of type string is deprecated in /home/mafwor5/public_html/test/wp-content/plugins/events-manager/classes/em-object.php on line 1829
[05-Nov-2025 22:28:39 UTC] PHP Deprecated:  str_contains(): Passing null to parameter #1 ($haystack) of type string is deprecated in /home/mafwor5/public_html/test/wp-includes/shortcodes.php on line 709
[05-Nov-2025 22:28:39 UTC] PHP Deprecated:  str_replace(): Passing null to parameter #3 ($subject) of type array|string is deprecated in /home/mafwor5/public_html/test/wp-content/plugins/events-manager/classes/em-object.php on line 1836
[05-Nov-2025 22:28:40 UTC] Automatic updates starting...
[05-Nov-2025 22:28:41 UTC]   Automatic plugin updates starting...
[05-Nov-2025 22:28:41 UTC]   Automatic plugin updates complete.
[05-Nov-2025 22:28:41 UTC] Automatic updates complete.
[05-Nov-2025 22:37:57 UTC] PHP Deprecated:  preg_match(): Passing null to parameter #2 ($subject) of type string is deprecated in /home/mafwor5/public_html/test/wp-includes/post.php on line 1052
[05-Nov-2025 22:37:57 UTC] PHP Deprecated:  preg_replace(): Passing null to parameter #3 ($subject) of type array|string is deprecated in /home/mafwor5/public_html/test/wp-includes/post.php on line 1062
[05-Nov-2025 22:52:04 UTC] PHP Deprecated:  preg_match(): Passing null to parameter #2 ($subject) of type string is deprecated in /home/mafwor5/public_html/test/wp-content/plugins/events-manager/classes/em-object.php on line 1829
[05-Nov-2025 22:52:04 UTC] PHP Deprecated:  str_contains(): Passing null to parameter #1 ($haystack) of type string is deprecated in /home/mafwor5/public_html/test/wp-includes/shortcodes.php on line 709
[05-Nov-2025 22:52:04 UTC] PHP Deprecated:  str_replace(): Passing null to parameter #3 ($subject) of type array|string is deprecated in /home/mafwor5/public_html/test/wp-content/plugins/events-manager/classes/em-object.php on line 1836
[05-Nov-2025 22:52:04 UTC] PHP Deprecated:  preg_match(): Passing null to parameter #2 ($subject) of type string is deprecated in /home/mafwor5/public_html/test/wp-content/plugins/events-manager/classes/em-object.php on line 1829
[05-Nov-2025 22:52:04 UTC] PHP Deprecated:  str_contains(): Passing null to parameter #1 ($haystack) of type string is deprecated in /home/mafwor5/public_html/test/wp-includes/shortcodes.php on line 709
[05-Nov-2025 22:52:04 UTC] PHP Deprecated:  str_replace(): Passing null to parameter #3 ($subject) of type array|string is deprecated in /home/mafwor5/public_html/test/wp-content/plugins/events-manager/classes/em-object.php on line 1836
[05-Nov-2025 22:52:04 UTC] PHP Deprecated:  preg_match(): Passing null to parameter #2 ($subject) of type string is deprecated in /home/mafwor5/public_html/test/wp-content/plugins/events-manager/classes/em-object.php on line 1829
[05-Nov-2025 22:52:04 UTC] PHP Deprecated:  str_contains(): Passing null to parameter #1 ($haystack) of type string is deprecated in /home/mafwor5/public_html/test/wp-includes/shortcodes.php on line 709
[05-Nov-2025 22:52:04 UTC] PHP Deprecated:  str_replace(): Passing null to parameter #3 ($subject) of type array|string is deprecated in /home/mafwor5/public_html/test/wp-content/plugins/events-manager/classes/em-object.php on line 1836
[05-Nov-2025 22:52:04 UTC] PHP Deprecated:  preg_match(): Passing null to parameter #2 ($subject) of type string is deprecated in /home/mafwor5/public_html/test/wp-content/plugins/events-manager/classes/em-object.php on line 1829
[05-Nov-2025 22:52:04 UTC] PHP Deprecated:  str_contains(): Passing null to parameter #1 ($haystack) of type string is deprecated in /home/mafwor5/public_html/test/wp-includes/shortcodes.php on line 709
[05-Nov-2025 22:52:04 UTC] PHP Deprecated:  str_replace(): Passing null to parameter #3 ($subject) of type array|string is deprecated in /home/mafwor5/public_html/test/wp-content/plugins/events-manager/classes/em-object.php on line 1836
[05-Nov-2025 22:52:04 UTC] PHP Deprecated:  preg_match(): Passing null to parameter #2 ($subject) of type string is deprecated in /home/mafwor5/public_html/test/wp-content/plugins/events-manager/classes/em-object.php on line 1829
[05-Nov-2025 22:52:04 UTC] PHP Deprecated:  str_contains(): Passing null to parameter #1 ($haystack) of type string is deprecated in /home/mafwor5/public_html/test/wp-includes/shortcodes.php on line 709
[05-Nov-2025 22:52:04 UTC] PHP Deprecated:  str_replace(): Passing null to parameter #3 ($subject) of type array|string is deprecated in /home/mafwor5/public_html/test/wp-content/plugins/events-manager/classes/em-object.php on line 1836
[05-Nov-2025 22:52:04 UTC] PHP Deprecated:  preg_match(): Passing null to parameter #2 ($subject) of type string is deprecated in /home/mafwor5/public_html/test/wp-content/plugins/events-manager/classes/em-object.php on line 1829
[05-Nov-2025 22:52:04 UTC] PHP Deprecated:  str_contains(): Passing null to parameter #1 ($haystack) of type string is deprecated in /home/mafwor5/public_html/test/wp-includes/shortcodes.php on line 709
[05-Nov-2025 22:52:04 UTC] PHP Deprecated:  str_replace(): Passing null to parameter #3 ($subject) of type array|string is deprecated in /home/mafwor5/public_html/test/wp-content/plugins/events-manager/classes/em-object.php on line 1836
[06-Nov-2025 10:28:33 UTC] Automatic updates starting...
[06-Nov-2025 10:28:33 UTC] Automatic updates complete.
[06-Nov-2025 20:34:58 UTC] PHP Deprecated:  preg_match(): Passing null to parameter #2 ($subject) of type string is deprecated in /home/mafwor5/public_html/test/wp-includes/post.php on line 1052
[06-Nov-2025 20:34:58 UTC] PHP Deprecated:  preg_replace(): Passing null to parameter #3 ($subject) of type array|string is deprecated in /home/mafwor5/public_html/test/wp-includes/post.php on line 1062
[06-Nov-2025 20:34:58 UTC] PHP Deprecated:  preg_match(): Passing null to parameter #2 ($subject) of type string is deprecated in /home/mafwor5/public_html/test/wp-includes/post.php on line 1052
[06-Nov-2025 20:34:58 UTC] PHP Deprecated:  preg_replace(): Passing null to parameter #3 ($subject) of type array|string is deprecated in /home/mafwor5/public_html/test/wp-includes/post.php on line 1062
[06-Nov-2025 20:34:58 UTC] PHP Deprecated:  preg_match(): Passing null to parameter #2 ($subject) of type string is deprecated in /home/mafwor5/public_html/test/wp-includes/post.php on line 1052
[06-Nov-2025 20:34:58 UTC] PHP Deprecated:  preg_replace(): Passing null to parameter #3 ($subject) of type array|string is deprecated in /home/mafwor5/public_html/test/wp-includes/post.php on line 1062
[06-Nov-2025 20:34:58 UTC] PHP Deprecated:  preg_match(): Passing null to parameter #2 ($subject) of type string is deprecated in /home/mafwor5/public_html/test/wp-includes/post.php on line 1052
[06-Nov-2025 20:34:58 UTC] PHP Deprecated:  preg_replace(): Passing null to parameter #3 ($subject) of type array|string is deprecated in /home/mafwor5/public_html/test/wp-includes/post.php on line 1062
[06-Nov-2025 20:34:58 UTC] PHP Deprecated:  preg_match(): Passing null to parameter #2 ($subject) of type string is deprecated in /home/mafwor5/public_html/test/wp-includes/post.php on line 1052
[06-Nov-2025 20:34:58 UTC] PHP Deprecated:  preg_replace(): Passing null to parameter #3 ($subject) of type array|string is deprecated in /home/mafwor5/public_html/test/wp-includes/post.php on line 1062
[06-Nov-2025 20:34:58 UTC] PHP Deprecated:  preg_match(): Passing null to parameter #2 ($subject) of type string is deprecated in /home/mafwor5/public_html/test/wp-includes/post.php on line 1052
[06-Nov-2025 20:34:58 UTC] PHP Deprecated:  preg_replace(): Passing null to parameter #3 ($subject) of type array|string is deprecated in /home/mafwor5/public_html/test/wp-includes/post.php on line 1062
[06-Nov-2025 20:34:58 UTC] PHP Deprecated:  preg_match(): Passing null to parameter #2 ($subject) of type string is deprecated in /home/mafwor5/public_html/test/wp-includes/post.php on line 1052
[06-Nov-2025 20:34:58 UTC] PHP Deprecated:  preg_replace(): Passing null to parameter #3 ($subject) of type array|string is deprecated in /home/mafwor5/public_html/test/wp-includes/post.php on line 1062
[06-Nov-2025 20:37:35 UTC] PHP Deprecated:  sprintf(): Passing null to parameter #1 ($format) of type string is deprecated in /home/mafwor5/public_html/test/wp-content/plugins/events-manager/admin/settings/tabs/formats.php on line 901
[06-Nov-2025 20:39:42 UTC] PHP Deprecated:  sprintf(): Passing null to parameter #1 ($format) of type string is deprecated in /home/mafwor5/public_html/test/wp-content/plugins/events-manager/admin/settings/tabs/formats.php on line 901
[06-Nov-2025 20:40:27 UTC] PHP Deprecated:  sprintf(): Passing null to parameter #1 ($format) of type string is deprecated in /home/mafwor5/public_html/test/wp-content/plugins/events-manager/admin/settings/tabs/formats.php on line 901
[06-Nov-2025 20:41:19 UTC] PHP Deprecated:  sprintf(): Passing null to parameter #1 ($format) of type string is deprecated in /home/mafwor5/public_html/test/wp-content/plugins/events-manager/admin/settings/tabs/formats.php on line 901
[06-Nov-2025 20:41:39 UTC] PHP Deprecated:  sprintf(): Passing null to parameter #1 ($format) of type string is deprecated in /home/mafwor5/public_html/test/wp-content/plugins/events-manager/admin/settings/tabs/formats.php on line 901
[06-Nov-2025 20:42:21 UTC] PHP Deprecated:  sprintf(): Passing null to parameter #1 ($format) of type string is deprecated in /home/mafwor5/public_html/test/wp-content/plugins/events-manager/admin/settings/tabs/formats.php on line 901
[06-Nov-2025 20:43:01 UTC] PHP Deprecated:  preg_match(): Passing null to parameter #2 ($subject) of type string is deprecated in /home/mafwor5/public_html/test/wp-content/plugins/events-manager/classes/em-bookings.php on line 305
[06-Nov-2025 20:43:37 UTC] PHP Deprecated:  sprintf(): Passing null to parameter #1 ($format) of type string is deprecated in /home/mafwor5/public_html/test/wp-content/plugins/events-manager/admin/settings/tabs/formats.php on line 901
[06-Nov-2025 20:45:34 UTC] PHP Deprecated:  sprintf(): Passing null to parameter #1 ($format) of type string is deprecated in /home/mafwor5/public_html/test/wp-content/plugins/events-manager/admin/settings/tabs/formats.php on line 901
[06-Nov-2025 20:46:13 UTC] PHP Deprecated:  sprintf(): Passing null to parameter #1 ($format) of type string is deprecated in /home/mafwor5/public_html/test/wp-content/plugins/events-manager/admin/settings/tabs/formats.php on line 901
[06-Nov-2025 20:47:44 UTC] PHP Deprecated:  sprintf(): Passing null to parameter #1 ($format) of type string is deprecated in /home/mafwor5/public_html/test/wp-content/plugins/events-manager/admin/settings/tabs/formats.php on line 901
[06-Nov-2025 21:01:37 UTC] PHP Deprecated:  preg_match(): Passing null to parameter #2 ($subject) of type string is deprecated in /home/mafwor5/public_html/test/wp-includes/post.php on line 1052
[06-Nov-2025 21:01:37 UTC] PHP Deprecated:  preg_replace(): Passing null to parameter #3 ($subject) of type array|string is deprecated in /home/mafwor5/public_html/test/wp-includes/post.php on line 1062
[06-Nov-2025 21:01:37 UTC] PHP Deprecated:  preg_match(): Passing null to parameter #2 ($subject) of type string is deprecated in /home/mafwor5/public_html/test/wp-includes/post.php on line 1052
[06-Nov-2025 21:01:37 UTC] PHP Deprecated:  preg_replace(): Passing null to parameter #3 ($subject) of type array|string is deprecated in /home/mafwor5/public_html/test/wp-includes/post.php on line 1062
[06-Nov-2025 21:01:37 UTC] PHP Deprecated:  preg_match(): Passing null to parameter #2 ($subject) of type string is deprecated in /home/mafwor5/public_html/test/wp-includes/post.php on line 1052
[06-Nov-2025 21:01:37 UTC] PHP Deprecated:  preg_replace(): Passing null to parameter #3 ($subject) of type array|string is deprecated in /home/mafwor5/public_html/test/wp-includes/post.php on line 1062
[06-Nov-2025 21:01:37 UTC] PHP Deprecated:  preg_match(): Passing null to parameter #2 ($subject) of type string is deprecated in /home/mafwor5/public_html/test/wp-includes/post.php on line 1052
[06-Nov-2025 21:01:37 UTC] PHP Deprecated:  preg_replace(): Passing null to parameter #3 ($subject) of type array|string is deprecated in /home/mafwor5/public_html/test/wp-includes/post.php on line 1062
[06-Nov-2025 22:28:41 UTC] Automatic updates starting...
[06-Nov-2025 22:28:41 UTC] Automatic updates complete.
[07-Nov-2025 01:29:59 UTC] PHP Deprecated:  date_create(): Passing null to parameter #1 ($datetime) of type string is deprecated in /home/mafwor5/public_html/test/wp-includes/formatting.php on line 3672
[07-Nov-2025 01:29:59 UTC] PHP Deprecated:  preg_match(): Passing null to parameter #2 ($subject) of type string is deprecated in /home/mafwor5/public_html/test/wp-content/plugins/events-manager/classes/em-object.php on line 1829
[07-Nov-2025 01:29:59 UTC] PHP Deprecated:  str_replace(): Passing null to parameter #2 ($replace) of type array|string is deprecated in /home/mafwor5/public_html/test/wp-content/plugins/events-manager/classes/em-event.php on line 3339
[07-Nov-2025 01:29:59 UTC] PHP Deprecated:  date_create(): Passing null to parameter #1 ($datetime) of type string is deprecated in /home/mafwor5/public_html/test/wp-includes/formatting.php on line 3672
[07-Nov-2025 01:29:59 UTC] PHP Deprecated:  preg_match(): Passing null to parameter #2 ($subject) of type string is deprecated in /home/mafwor5/public_html/test/wp-content/plugins/events-manager/classes/em-object.php on line 1829
[07-Nov-2025 01:29:59 UTC] PHP Deprecated:  str_replace(): Passing null to parameter #2 ($replace) of type array|string is deprecated in /home/mafwor5/public_html/test/wp-content/plugins/events-manager/classes/em-event.php on line 3339
[07-Nov-2025 01:29:59 UTC] PHP Deprecated:  date_create(): Passing null to parameter #1 ($datetime) of type string is deprecated in /home/mafwor5/public_html/test/wp-includes/formatting.php on line 3672
[07-Nov-2025 01:29:59 UTC] PHP Deprecated:  preg_match(): Passing null to parameter #2 ($subject) of type string is deprecated in /home/mafwor5/public_html/test/wp-content/plugins/events-manager/classes/em-object.php on line 1829
[07-Nov-2025 01:29:59 UTC] PHP Deprecated:  str_replace(): Passing null to parameter #2 ($replace) of type array|string is deprecated in /home/mafwor5/public_html/test/wp-content/plugins/events-manager/classes/em-event.php on line 3339
[07-Nov-2025 01:29:59 UTC] PHP Deprecated:  date_create(): Passing null to parameter #1 ($datetime) of type string is deprecated in /home/mafwor5/public_html/test/wp-includes/formatting.php on line 3672
[07-Nov-2025 01:29:59 UTC] PHP Deprecated:  preg_match(): Passing null to parameter #2 ($subject) of type string is deprecated in /home/mafwor5/public_html/test/wp-content/plugins/events-manager/classes/em-object.php on line 1829
[07-Nov-2025 01:29:59 UTC] PHP Deprecated:  str_replace(): Passing null to parameter #2 ($replace) of type array|string is deprecated in /home/mafwor5/public_html/test/wp-content/plugins/events-manager/classes/em-event.php on line 3339
[07-Nov-2025 01:29:59 UTC] PHP Deprecated:  date_create(): Passing null to parameter #1 ($datetime) of type string is deprecated in /home/mafwor5/public_html/test/wp-includes/formatting.php on line 3672
[07-Nov-2025 01:29:59 UTC] PHP Deprecated:  preg_match(): Passing null to parameter #2 ($subject) of type string is deprecated in /home/mafwor5/public_html/test/wp-content/plugins/events-manager/classes/em-object.php on line 1829
[07-Nov-2025 01:29:59 UTC] PHP Deprecated:  str_replace(): Passing null to parameter #2 ($replace) of type array|string is deprecated in /home/mafwor5/public_html/test/wp-content/plugins/events-manager/classes/em-event.php on line 3339
[07-Nov-2025 01:29:59 UTC] PHP Deprecated:  date_create(): Passing null to parameter #1 ($datetime) of type string is deprecated in /home/mafwor5/public_html/test/wp-includes/formatting.php on line 3672
[07-Nov-2025 01:29:59 UTC] PHP Deprecated:  preg_match(): Passing null to parameter #2 ($subject) of type string is deprecated in /home/mafwor5/public_html/test/wp-content/plugins/events-manager/classes/em-object.php on line 1829
[07-Nov-2025 01:29:59 UTC] PHP Deprecated:  str_replace(): Passing null to parameter #2 ($replace) of type array|string is deprecated in /home/mafwor5/public_html/test/wp-content/plugins/events-manager/classes/em-event.php on line 3339
[07-Nov-2025 01:29:59 UTC] PHP Deprecated:  date_create(): Passing null to parameter #1 ($datetime) of type string is deprecated in /home/mafwor5/public_html/test/wp-includes/formatting.php on line 3672
[07-Nov-2025 01:29:59 UTC] PHP Deprecated:  preg_match(): Passing null to parameter #2 ($subject) of type string is deprecated in /home/mafwor5/public_html/test/wp-content/plugins/events-manager/classes/em-object.php on line 1829
[07-Nov-2025 01:29:59 UTC] PHP Deprecated:  str_replace(): Passing null to parameter #2 ($replace) of type array|string is deprecated in /home/mafwor5/public_html/test/wp-content/plugins/events-manager/classes/em-event.php on line 3339
[07-Nov-2025 02:01:26 UTC] PHP Deprecated:  preg_match(): Passing null to parameter #2 ($subject) of type string is deprecated in /home/mafwor5/public_html/test/wp-content/plugins/events-manager/classes/em-object.php on line 1829
[07-Nov-2025 02:01:26 UTC] PHP Deprecated:  str_contains(): Passing null to parameter #1 ($haystack) of type string is deprecated in /home/mafwor5/public_html/test/wp-includes/shortcodes.php on line 709
[07-Nov-2025 02:01:26 UTC] PHP Deprecated:  str_replace(): Passing null to parameter #3 ($subject) of type array|string is deprecated in /home/mafwor5/public_html/test/wp-content/plugins/events-manager/classes/em-object.php on line 1836
[07-Nov-2025 02:01:26 UTC] PHP Deprecated:  preg_match(): Passing null to parameter #2 ($subject) of type string is deprecated in /home/mafwor5/public_html/test/wp-content/plugins/events-manager/classes/em-object.php on line 1829
[07-Nov-2025 02:01:26 UTC] PHP Deprecated:  str_contains(): Passing null to parameter #1 ($haystack) of type string is deprecated in /home/mafwor5/public_html/test/wp-includes/shortcodes.php on line 709
[07-Nov-2025 02:01:26 UTC] PHP Deprecated:  str_replace(): Passing null to parameter #3 ($subject) of type array|string is deprecated in /home/mafwor5/public_html/test/wp-content/plugins/events-manager/classes/em-object.php on line 1836
[07-Nov-2025 02:01:26 UTC] PHP Deprecated:  preg_match(): Passing null to parameter #2 ($subject) of type string is deprecated in /home/mafwor5/public_html/test/wp-content/plugins/events-manager/classes/em-object.php on line 1829
[07-Nov-2025 02:01:26 UTC] PHP Deprecated:  str_contains(): Passing null to parameter #1 ($haystack) of type string is deprecated in /home/mafwor5/public_html/test/wp-includes/shortcodes.php on line 709
[07-Nov-2025 02:01:26 UTC] PHP Deprecated:  str_replace(): Passing null to parameter #3 ($subject) of type array|string is deprecated in /home/mafwor5/public_html/test/wp-content/plugins/events-manager/classes/em-object.php on line 1836
[07-Nov-2025 02:01:26 UTC] PHP Deprecated:  preg_match(): Passing null to parameter #2 ($subject) of type string is deprecated in /home/mafwor5/public_html/test/wp-content/plugins/events-manager/classes/em-object.php on line 1829
[07-Nov-2025 02:01:26 UTC] PHP Deprecated:  str_contains(): Passing null to parameter #1 ($haystack) of type string is deprecated in /home/mafwor5/public_html/test/wp-includes/shortcodes.php on line 709
[07-Nov-2025 02:01:26 UTC] PHP Deprecated:  str_replace(): Passing null to parameter #3 ($subject) of type array|string is deprecated in /home/mafwor5/public_html/test/wp-content/plugins/events-manager/classes/em-object.php on line 1836
[07-Nov-2025 02:01:26 UTC] PHP Deprecated:  preg_match(): Passing null to parameter #2 ($subject) of type string is deprecated in /home/mafwor5/public_html/test/wp-content/plugins/events-manager/classes/em-object.php on line 1829
[07-Nov-2025 02:01:26 UTC] PHP Deprecated:  str_contains(): Passing null to parameter #1 ($haystack) of type string is deprecated in /home/mafwor5/public_html/test/wp-includes/shortcodes.php on line 709
[07-Nov-2025 02:01:26 UTC] PHP Deprecated:  str_replace(): Passing null to parameter #3 ($subject) of type array|string is deprecated in /home/mafwor5/public_html/test/wp-content/plugins/events-manager/classes/em-object.php on line 1836
[07-Nov-2025 02:01:26 UTC] PHP Deprecated:  preg_match(): Passing null to parameter #2 ($subject) of type string is deprecated in /home/mafwor5/public_html/test/wp-content/plugins/events-manager/classes/em-object.php on line 1829
[07-Nov-2025 02:01:26 UTC] PHP Deprecated:  str_contains(): Passing null to parameter #1 ($haystack) of type string is deprecated in /home/mafwor5/public_html/test/wp-includes/shortcodes.php on line 709
[07-Nov-2025 02:01:26 UTC] PHP Deprecated:  str_replace(): Passing null to parameter #3 ($subject) of type array|string is deprecated in /home/mafwor5/public_html/test/wp-content/plugins/events-manager/classes/em-object.php on line 1836
[07-Nov-2025 11:40:51 UTC] Automatic updates starting...
[07-Nov-2025 11:40:51 UTC] Automatic updates complete.
[07-Nov-2025 14:03:11 UTC] PHP Deprecated:  preg_match(): Passing null to parameter #2 ($subject) of type string is deprecated in /home/mafwor5/public_html/test/wp-content/plugins/events-manager/classes/em-bookings.php on line 305
[07-Nov-2025 14:03:11 UTC] PHP Deprecated:  preg_match(): Passing null to parameter #2 ($subject) of type string is deprecated in /home/mafwor5/public_html/test/wp-content/plugins/events-manager/classes/em-bookings.php on line 305
[07-Nov-2025 14:03:11 UTC] PHP Deprecated:  preg_match(): Passing null to parameter #2 ($subject) of type string is deprecated in /home/mafwor5/public_html/test/wp-content/plugins/events-manager/classes/em-bookings.php on line 305
[07-Nov-2025 15:39:45 UTC] PHP Deprecated:  preg_match(): Passing null to parameter #2 ($subject) of type string is deprecated in /home/mafwor5/public_html/test/wp-includes/post.php on line 1052
[07-Nov-2025 15:39:45 UTC] PHP Deprecated:  preg_replace(): Passing null to parameter #3 ($subject) of type array|string is deprecated in /home/mafwor5/public_html/test/wp-includes/post.php on line 1062
[07-Nov-2025 15:39:45 UTC] PHP Deprecated:  preg_match(): Passing null to parameter #2 ($subject) of type string is deprecated in /home/mafwor5/public_html/test/wp-includes/post.php on line 1052
[07-Nov-2025 15:39:45 UTC] PHP Deprecated:  preg_replace(): Passing null to parameter #3 ($subject) of type array|string is deprecated in /home/mafwor5/public_html/test/wp-includes/post.php on line 1062
[07-Nov-2025 15:39:45 UTC] PHP Deprecated:  preg_match(): Passing null to parameter #2 ($subject) of type string is deprecated in /home/mafwor5/public_html/test/wp-includes/post.php on line 1052
[07-Nov-2025 15:39:45 UTC] PHP Deprecated:  preg_replace(): Passing null to parameter #3 ($subject) of type array|string is deprecated in /home/mafwor5/public_html/test/wp-includes/post.php on line 1062
[07-Nov-2025 15:39:45 UTC] PHP Deprecated:  preg_match(): Passing null to parameter #2 ($subject) of type string is deprecated in /home/mafwor5/public_html/test/wp-includes/post.php on line 1052
[07-Nov-2025 15:39:45 UTC] PHP Deprecated:  preg_replace(): Passing null to parameter #3 ($subject) of type array|string is deprecated in /home/mafwor5/public_html/test/wp-includes/post.php on line 1062
[07-Nov-2025 16:00:46 UTC] PHP Deprecated:  preg_match(): Passing null to parameter #2 ($subject) of type string is deprecated in /home/mafwor5/public_html/test/wp-includes/post.php on line 1052
[07-Nov-2025 16:00:46 UTC] PHP Deprecated:  preg_replace(): Passing null to parameter #3 ($subject) of type array|string is deprecated in /home/mafwor5/public_html/test/wp-includes/post.php on line 1062
[07-Nov-2025 16:00:46 UTC] PHP Deprecated:  preg_match(): Passing null to parameter #2 ($subject) of type string is deprecated in /home/mafwor5/public_html/test/wp-includes/post.php on line 1052
[07-Nov-2025 16:00:46 UTC] PHP Deprecated:  preg_replace(): Passing null to parameter #3 ($subject) of type array|string is deprecated in /home/mafwor5/public_html/test/wp-includes/post.php on line 1062
[07-Nov-2025 16:00:46 UTC] PHP Deprecated:  preg_match(): Passing null to parameter #2 ($subject) of type string is deprecated in /home/mafwor5/public_html/test/wp-includes/post.php on line 1052
[07-Nov-2025 16:00:46 UTC] PHP Deprecated:  preg_replace(): Passing null to parameter #3 ($subject) of type array|string is deprecated in /home/mafwor5/public_html/test/wp-includes/post.php on line 1062
[07-Nov-2025 16:00:46 UTC] PHP Deprecated:  preg_match(): Passing null to parameter #2 ($subject) of type string is deprecated in /home/mafwor5/public_html/test/wp-includes/post.php on line 1052
[07-Nov-2025 16:00:46 UTC] PHP Deprecated:  preg_replace(): Passing null to parameter #3 ($subject) of type array|string is deprecated in /home/mafwor5/public_html/test/wp-includes/post.php on line 1062
[07-Nov-2025 16:33:54 UTC] PHP Deprecated:  preg_match(): Passing null to parameter #2 ($subject) of type string is deprecated in /home/mafwor5/public_html/test/wp-content/plugins/events-manager/classes/em-object.php on line 1829
[07-Nov-2025 16:33:54 UTC] PHP Deprecated:  str_contains(): Passing null to parameter #1 ($haystack) of type string is deprecated in /home/mafwor5/public_html/test/wp-includes/shortcodes.php on line 709
[07-Nov-2025 16:33:54 UTC] PHP Deprecated:  str_replace(): Passing null to parameter #3 ($subject) of type array|string is deprecated in /home/mafwor5/public_html/test/wp-content/plugins/events-manager/classes/em-object.php on line 1836
[07-Nov-2025 16:33:54 UTC] PHP Deprecated:  preg_match(): Passing null to parameter #2 ($subject) of type string is deprecated in /home/mafwor5/public_html/test/wp-content/plugins/events-manager/classes/em-object.php on line 1829
[07-Nov-2025 16:33:54 UTC] PHP Deprecated:  str_contains(): Passing null to parameter #1 ($haystack) of type string is deprecated in /home/mafwor5/public_html/test/wp-includes/shortcodes.php on line 709
[07-Nov-2025 16:33:54 UTC] PHP Deprecated:  str_replace(): Passing null to parameter #3 ($subject) of type array|string is deprecated in /home/mafwor5/public_html/test/wp-content/plugins/events-manager/classes/em-object.php on line 1836
[07-Nov-2025 16:33:54 UTC] PHP Deprecated:  preg_match(): Passing null to parameter #2 ($subject) of type string is deprecated in /home/mafwor5/public_html/test/wp-content/plugins/events-manager/classes/em-object.php on line 1829
[07-Nov-2025 16:33:54 UTC] PHP Deprecated:  str_contains(): Passing null to parameter #1 ($haystack) of type string is deprecated in /home/mafwor5/public_html/test/wp-includes/shortcodes.php on line 709
[07-Nov-2025 16:33:54 UTC] PHP Deprecated:  str_replace(): Passing null to parameter #3 ($subject) of type array|string is deprecated in /home/mafwor5/public_html/test/wp-content/plugins/events-manager/classes/em-object.php on line 1836
[07-Nov-2025 16:33:54 UTC] PHP Deprecated:  preg_match(): Passing null to parameter #2 ($subject) of type string is deprecated in /home/mafwor5/public_html/test/wp-content/plugins/events-manager/classes/em-object.php on line 1829
[07-Nov-2025 16:33:54 UTC] PHP Deprecated:  str_contains(): Passing null to parameter #1 ($haystack) of type string is deprecated in /home/mafwor5/public_html/test/wp-includes/shortcodes.php on line 709
[07-Nov-2025 16:33:54 UTC] PHP Deprecated:  str_replace(): Passing null to parameter #3 ($subject) of type array|string is deprecated in /home/mafwor5/public_html/test/wp-content/plugins/events-manager/classes/em-object.php on line 1836
[07-Nov-2025 16:33:54 UTC] PHP Deprecated:  preg_match(): Passing null to parameter #2 ($subject) of type string is deprecated in /home/mafwor5/public_html/test/wp-content/plugins/events-manager/classes/em-object.php on line 1829
[07-Nov-2025 16:33:54 UTC] PHP Deprecated:  str_contains(): Passing null to parameter #1 ($haystack) of type string is deprecated in /home/mafwor5/public_html/test/wp-includes/shortcodes.php on line 709
[07-Nov-2025 16:33:54 UTC] PHP Deprecated:  str_replace(): Passing null to parameter #3 ($subject) of type array|string is deprecated in /home/mafwor5/public_html/test/wp-content/plugins/events-manager/classes/em-object.php on line 1836
[07-Nov-2025 16:33:54 UTC] PHP Deprecated:  preg_match(): Passing null to parameter #2 ($subject) of type string is deprecated in /home/mafwor5/public_html/test/wp-content/plugins/events-manager/classes/em-object.php on line 1829
[07-Nov-2025 16:33:54 UTC] PHP Deprecated:  str_contains(): Passing null to parameter #1 ($haystack) of type string is deprecated in /home/mafwor5/public_html/test/wp-includes/shortcodes.php on line 709
[07-Nov-2025 16:33:54 UTC] PHP Deprecated:  str_replace(): Passing null to parameter #3 ($subject) of type array|string is deprecated in /home/mafwor5/public_html/test/wp-content/plugins/events-manager/classes/em-object.php on line 1836
[07-Nov-2025 17:38:46 UTC] PHP Deprecated:  preg_match(): Passing null to parameter #2 ($subject) of type string is deprecated in /home/mafwor5/public_html/test/wp-content/plugins/events-manager/classes/em-object.php on line 1829
[07-Nov-2025 17:38:46 UTC] PHP Deprecated:  str_contains(): Passing null to parameter #1 ($haystack) of type string is deprecated in /home/mafwor5/public_html/test/wp-includes/shortcodes.php on line 709
[07-Nov-2025 17:38:46 UTC] PHP Deprecated:  str_replace(): Passing null to parameter #3 ($subject) of type array|string is deprecated in /home/mafwor5/public_html/test/wp-content/plugins/events-manager/classes/em-object.php on line 1836
[07-Nov-2025 17:38:46 UTC] PHP Deprecated:  preg_match(): Passing null to parameter #2 ($subject) of type string is deprecated in /home/mafwor5/public_html/test/wp-content/plugins/events-manager/classes/em-object.php on line 1829
[07-Nov-2025 17:38:46 UTC] PHP Deprecated:  str_contains(): Passing null to parameter #1 ($haystack) of type string is deprecated in /home/mafwor5/public_html/test/wp-includes/shortcodes.php on line 709
[07-Nov-2025 17:38:46 UTC] PHP Deprecated:  str_replace(): Passing null to parameter #3 ($subject) of type array|string is deprecated in /home/mafwor5/public_html/test/wp-content/plugins/events-manager/classes/em-object.php on line 1836
[07-Nov-2025 17:38:46 UTC] PHP Deprecated:  preg_match(): Passing null to parameter #2 ($subject) of type string is deprecated in /home/mafwor5/public_html/test/wp-content/plugins/events-manager/classes/em-object.php on line 1829
[07-Nov-2025 17:38:46 UTC] PHP Deprecated:  str_contains(): Passing null to parameter #1 ($haystack) of type string is deprecated in /home/mafwor5/public_html/test/wp-includes/shortcodes.php on line 709
[07-Nov-2025 17:38:46 UTC] PHP Deprecated:  str_replace(): Passing null to parameter #3 ($subject) of type array|string is deprecated in /home/mafwor5/public_html/test/wp-content/plugins/events-manager/classes/em-object.php on line 1836
[07-Nov-2025 17:38:46 UTC] PHP Deprecated:  preg_match(): Passing null to parameter #2 ($subject) of type string is deprecated in /home/mafwor5/public_html/test/wp-content/plugins/events-manager/classes/em-object.php on line 1829
[07-Nov-2025 17:38:46 UTC] PHP Deprecated:  str_contains(): Passing null to parameter #1 ($haystack) of type string is deprecated in /home/mafwor5/public_html/test/wp-includes/shortcodes.php on line 709
[07-Nov-2025 17:38:46 UTC] PHP Deprecated:  str_replace(): Passing null to parameter #3 ($subject) of type array|string is deprecated in /home/mafwor5/public_html/test/wp-content/plugins/events-manager/classes/em-object.php on line 1836
[07-Nov-2025 17:38:46 UTC] PHP Deprecated:  preg_match(): Passing null to parameter #2 ($subject) of type string is deprecated in /home/mafwor5/public_html/test/wp-content/plugins/events-manager/classes/em-object.php on line 1829
[07-Nov-2025 17:38:46 UTC] PHP Deprecated:  str_contains(): Passing null to parameter #1 ($haystack) of type string is deprecated in /home/mafwor5/public_html/test/wp-includes/shortcodes.php on line 709
[07-Nov-2025 17:38:46 UTC] PHP Deprecated:  str_replace(): Passing null to parameter #3 ($subject) of type array|string is deprecated in /home/mafwor5/public_html/test/wp-content/plugins/events-manager/classes/em-object.php on line 1836
[07-Nov-2025 17:38:46 UTC] PHP Deprecated:  preg_match(): Passing null to parameter #2 ($subject) of type string is deprecated in /home/mafwor5/public_html/test/wp-content/plugins/events-manager/classes/em-object.php on line 1829
[07-Nov-2025 17:38:46 UTC] PHP Deprecated:  str_contains(): Passing null to parameter #1 ($haystack) of type string is deprecated in /home/mafwor5/public_html/test/wp-includes/shortcodes.php on line 709
[07-Nov-2025 17:38:46 UTC] PHP Deprecated:  str_replace(): Passing null to parameter #3 ($subject) of type array|string is deprecated in /home/mafwor5/public_html/test/wp-content/plugins/events-manager/classes/em-object.php on line 1836
[07-Nov-2025 18:39:34 UTC] PHP Deprecated:  preg_match(): Passing null to parameter #2 ($subject) of type string is deprecated in /home/mafwor5/public_html/test/wp-includes/post.php on line 1052
[07-Nov-2025 18:39:34 UTC] PHP Deprecated:  preg_replace(): Passing null to parameter #3 ($subject) of type array|string is deprecated in /home/mafwor5/public_html/test/wp-includes/post.php on line 1062
[07-Nov-2025 19:42:31 UTC] PHP Deprecated:  preg_match(): Passing null to parameter #2 ($subject) of type string is deprecated in /home/mafwor5/public_html/test/wp-includes/post.php on line 1052
[07-Nov-2025 19:42:31 UTC] PHP Deprecated:  preg_replace(): Passing null to parameter #3 ($subject) of type array|string is deprecated in /home/mafwor5/public_html/test/wp-includes/post.php on line 1062
[07-Nov-2025 19:42:31 UTC] PHP Deprecated:  preg_match(): Passing null to parameter #2 ($subject) of type string is deprecated in /home/mafwor5/public_html/test/wp-includes/post.php on line 1052
[07-Nov-2025 19:42:31 UTC] PHP Deprecated:  preg_replace(): Passing null to parameter #3 ($subject) of type array|string is deprecated in /home/mafwor5/public_html/test/wp-includes/post.php on line 1062
[07-Nov-2025 19:42:31 UTC] PHP Deprecated:  preg_match(): Passing null to parameter #2 ($subject) of type string is deprecated in /home/mafwor5/public_html/test/wp-includes/post.php on line 1052
[07-Nov-2025 19:42:31 UTC] PHP Deprecated:  preg_replace(): Passing null to parameter #3 ($subject) of type array|string is deprecated in /home/mafwor5/public_html/test/wp-includes/post.php on line 1062
[07-Nov-2025 19:42:31 UTC] PHP Deprecated:  preg_match(): Passing null to parameter #2 ($subject) of type string is deprecated in /home/mafwor5/public_html/test/wp-includes/post.php on line 1052
[07-Nov-2025 19:42:31 UTC] PHP Deprecated:  preg_replace(): Passing null to parameter #3 ($subject) of type array|string is deprecated in /home/mafwor5/public_html/test/wp-includes/post.php on line 1062
[08-Nov-2025 03:12:05 UTC] Automatic updates starting...
[08-Nov-2025 03:12:05 UTC] Automatic updates complete.
[08-Nov-2025 03:12:15 UTC] PHP Warning:  The URL https://s5.softaculous.com/a/loginizer//updates.php?version=2.0.3&checking_for_updates=1&installed_version=2.0.3&license=SOFTWP-41226-74802-29736-95673&url=https%3A%2F%2Fmafw.org%2Ftest does not point to a valid plugin metadata file. WP HTTP Error: cURL error 28: Operation timed out after 10001 milliseconds with 0 out of 0 bytes received in /home/mafwor5/public_html/test/wp-content/plugins/loginizer-security/updater/plugin-update-checker.php on line 985
[08-Nov-2025 09:16:49 UTC] PHP Deprecated:  preg_match(): Passing null to parameter #2 ($subject) of type string is deprecated in /home/mafwor5/public_html/test/wp-content/plugins/events-manager/classes/em-object.php on line 1829
[08-Nov-2025 09:16:49 UTC] PHP Deprecated:  str_contains(): Passing null to parameter #1 ($haystack) of type string is deprecated in /home/mafwor5/public_html/test/wp-includes/shortcodes.php on line 709
[08-Nov-2025 09:16:49 UTC] PHP Deprecated:  str_replace(): Passing null to parameter #3 ($subject) of type array|string is deprecated in /home/mafwor5/public_html/test/wp-content/plugins/events-manager/classes/em-object.php on line 1836
[08-Nov-2025 09:16:49 UTC] PHP Deprecated:  preg_match(): Passing null to parameter #2 ($subject) of type string is deprecated in /home/mafwor5/public_html/test/wp-content/plugins/events-manager/classes/em-object.php on line 1829
[08-Nov-2025 09:16:49 UTC] PHP Deprecated:  str_contains(): Passing null to parameter #1 ($haystack) of type string is deprecated in /home/mafwor5/public_html/test/wp-includes/shortcodes.php on line 709
[08-Nov-2025 09:16:49 UTC] PHP Deprecated:  str_replace(): Passing null to parameter #3 ($subject) of type array|string is deprecated in /home/mafwor5/public_html/test/wp-content/plugins/events-manager/classes/em-object.php on line 1836
[08-Nov-2025 09:16:49 UTC] PHP Deprecated:  preg_match(): Passing null to parameter #2 ($subject) of type string is deprecated in /home/mafwor5/public_html/test/wp-content/plugins/events-manager/classes/em-object.php on line 1829
[08-Nov-2025 09:16:49 UTC] PHP Deprecated:  str_contains(): Passing null to parameter #1 ($haystack) of type string is deprecated in /home/mafwor5/public_html/test/wp-includes/shortcodes.php on line 709
[08-Nov-2025 09:16:49 UTC] PHP Deprecated:  str_replace(): Passing null to parameter #3 ($subject) of type array|string is deprecated in /home/mafwor5/public_html/test/wp-content/plugins/events-manager/classes/em-object.php on line 1836
[08-Nov-2025 09:16:49 UTC] PHP Deprecated:  preg_match(): Passing null to parameter #2 ($subject) of type string is deprecated in /home/mafwor5/public_html/test/wp-content/plugins/events-manager/classes/em-object.php on line 1829
[08-Nov-2025 09:16:49 UTC] PHP Deprecated:  str_contains(): Passing null to parameter #1 ($haystack) of type string is deprecated in /home/mafwor5/public_html/test/wp-includes/shortcodes.php on line 709
[08-Nov-2025 09:16:49 UTC] PHP Deprecated:  str_replace(): Passing null to parameter #3 ($subject) of type array|string is deprecated in /home/mafwor5/public_html/test/wp-content/plugins/events-manager/classes/em-object.php on line 1836
[08-Nov-2025 09:16:49 UTC] PHP Deprecated:  preg_match(): Passing null to parameter #2 ($subject) of type string is deprecated in /home/mafwor5/public_html/test/wp-content/plugins/events-manager/classes/em-object.php on line 1829
[08-Nov-2025 09:16:49 UTC] PHP Deprecated:  str_contains(): Passing null to parameter #1 ($haystack) of type string is deprecated in /home/mafwor5/public_html/test/wp-includes/shortcodes.php on line 709
[08-Nov-2025 09:16:49 UTC] PHP Deprecated:  str_replace(): Passing null to parameter #3 ($subject) of type array|string is deprecated in /home/mafwor5/public_html/test/wp-content/plugins/events-manager/classes/em-object.php on line 1836
[08-Nov-2025 09:16:49 UTC] PHP Deprecated:  preg_match(): Passing null to parameter #2 ($subject) of type string is deprecated in /home/mafwor5/public_html/test/wp-content/plugins/events-manager/classes/em-object.php on line 1829
[08-Nov-2025 09:16:49 UTC] PHP Deprecated:  str_contains(): Passing null to parameter #1 ($haystack) of type string is deprecated in /home/mafwor5/public_html/test/wp-includes/shortcodes.php on line 709
[08-Nov-2025 09:16:49 UTC] PHP Deprecated:  str_replace(): Passing null to parameter #3 ($subject) of type array|string is deprecated in /home/mafwor5/public_html/test/wp-content/plugins/events-manager/classes/em-object.php on line 1836
[08-Nov-2025 09:57:16 UTC] PHP Deprecated:  date_create(): Passing null to parameter #1 ($datetime) of type string is deprecated in /home/mafwor5/public_html/test/wp-includes/formatting.php on line 3672
[08-Nov-2025 09:57:16 UTC] PHP Deprecated:  preg_match(): Passing null to parameter #2 ($subject) of type string is deprecated in /home/mafwor5/public_html/test/wp-content/plugins/events-manager/classes/em-object.php on line 1829
[08-Nov-2025 09:57:16 UTC] PHP Deprecated:  str_replace(): Passing null to parameter #2 ($replace) of type array|string is deprecated in /home/mafwor5/public_html/test/wp-content/plugins/events-manager/classes/em-event.php on line 3339
[08-Nov-2025 09:57:16 UTC] PHP Deprecated:  date_create(): Passing null to parameter #1 ($datetime) of type string is deprecated in /home/mafwor5/public_html/test/wp-includes/formatting.php on line 3672
[08-Nov-2025 09:57:16 UTC] PHP Deprecated:  preg_match(): Passing null to parameter #2 ($subject) of type string is deprecated in /home/mafwor5/public_html/test/wp-content/plugins/events-manager/classes/em-object.php on line 1829
[08-Nov-2025 09:57:16 UTC] PHP Deprecated:  str_replace(): Passing null to parameter #2 ($replace) of type array|string is deprecated in /home/mafwor5/public_html/test/wp-content/plugins/events-manager/classes/em-event.php on line 3339
[08-Nov-2025 09:57:16 UTC] PHP Deprecated:  date_create(): Passing null to parameter #1 ($datetime) of type string is deprecated in /home/mafwor5/public_html/test/wp-includes/formatting.php on line 3672
[08-Nov-2025 09:57:16 UTC] PHP Deprecated:  preg_match(): Passing null to parameter #2 ($subject) of type string is deprecated in /home/mafwor5/public_html/test/wp-content/plugins/events-manager/classes/em-object.php on line 1829
[08-Nov-2025 09:57:16 UTC] PHP Deprecated:  str_replace(): Passing null to parameter #2 ($replace) of type array|string is deprecated in /home/mafwor5/public_html/test/wp-content/plugins/events-manager/classes/em-event.php on line 3339
[08-Nov-2025 09:57:16 UTC] PHP Deprecated:  date_create(): Passing null to parameter #1 ($datetime) of type string is deprecated in /home/mafwor5/public_html/test/wp-includes/formatting.php on line 3672
[08-Nov-2025 09:57:16 UTC] PHP Deprecated:  preg_match(): Passing null to parameter #2 ($subject) of type string is deprecated in /home/mafwor5/public_html/test/wp-content/plugins/events-manager/classes/em-object.php on line 1829
[08-Nov-2025 09:57:16 UTC] PHP Deprecated:  str_replace(): Passing null to parameter #2 ($replace) of type array|string is deprecated in /home/mafwor5/public_html/test/wp-content/plugins/events-manager/classes/em-event.php on line 3339
[08-Nov-2025 09:57:16 UTC] PHP Deprecated:  date_create(): Passing null to parameter #1 ($datetime) of type string is deprecated in /home/mafwor5/public_html/test/wp-includes/formatting.php on line 3672
[08-Nov-2025 09:57:16 UTC] PHP Deprecated:  preg_match(): Passing null to parameter #2 ($subject) of type string is deprecated in /home/mafwor5/public_html/test/wp-content/plugins/events-manager/classes/em-object.php on line 1829
[08-Nov-2025 09:57:16 UTC] PHP Deprecated:  str_replace(): Passing null to parameter #2 ($replace) of type array|string is deprecated in /home/mafwor5/public_html/test/wp-content/plugins/events-manager/classes/em-event.php on line 3339
[08-Nov-2025 09:57:16 UTC] PHP Deprecated:  date_create(): Passing null to parameter #1 ($datetime) of type string is deprecated in /home/mafwor5/public_html/test/wp-includes/formatting.php on line 3672
[08-Nov-2025 09:57:16 UTC] PHP Deprecated:  preg_match(): Passing null to parameter #2 ($subject) of type string is deprecated in /home/mafwor5/public_html/test/wp-content/plugins/events-manager/classes/em-object.php on line 1829
[08-Nov-2025 09:57:16 UTC] PHP Deprecated:  str_replace(): Passing null to parameter #2 ($replace) of type array|string is deprecated in /home/mafwor5/public_html/test/wp-content/plugins/events-manager/classes/em-event.php on line 3339
[08-Nov-2025 09:57:16 UTC] PHP Deprecated:  date_create(): Passing null to parameter #1 ($datetime) of type string is deprecated in /home/mafwor5/public_html/test/wp-includes/formatting.php on line 3672
[08-Nov-2025 09:57:16 UTC] PHP Deprecated:  preg_match(): Passing null to parameter #2 ($subject) of type string is deprecated in /home/mafwor5/public_html/test/wp-content/plugins/events-manager/classes/em-object.php on line 1829
[08-Nov-2025 09:57:16 UTC] PHP Deprecated:  str_replace(): Passing null to parameter #2 ($replace) of type array|string is deprecated in /home/mafwor5/public_html/test/wp-content/plugins/events-manager/classes/em-event.php on line 3339
[08-Nov-2025 11:01:51 UTC] Automatic updates starting...
[08-Nov-2025 11:01:52 UTC] Automatic updates complete.
[09-Nov-2025 03:05:09 UTC] PHP Deprecated:  preg_match(): Passing null to parameter #2 ($subject) of type string is deprecated in /home/mafwor5/public_html/test/wp-includes/post.php on line 1052
[09-Nov-2025 03:05:09 UTC] PHP Deprecated:  preg_replace(): Passing null to parameter #3 ($subject) of type array|string is deprecated in /home/mafwor5/public_html/test/wp-includes/post.php on line 1062
[09-Nov-2025 03:05:10 UTC] PHP Deprecated:  preg_match(): Passing null to parameter #2 ($subject) of type string is deprecated in /home/mafwor5/public_html/test/wp-includes/post.php on line 1052
[09-Nov-2025 03:05:10 UTC] PHP Deprecated:  preg_replace(): Passing null to parameter #3 ($subject) of type array|string is deprecated in /home/mafwor5/public_html/test/wp-includes/post.php on line 1062
[09-Nov-2025 03:05:10 UTC] PHP Deprecated:  preg_match(): Passing null to parameter #2 ($subject) of type string is deprecated in /home/mafwor5/public_html/test/wp-includes/post.php on line 1052
[09-Nov-2025 03:05:10 UTC] PHP Deprecated:  preg_replace(): Passing null to parameter #3 ($subject) of type array|string is deprecated in /home/mafwor5/public_html/test/wp-includes/post.php on line 1062
[09-Nov-2025 03:05:10 UTC] PHP Deprecated:  preg_match(): Passing null to parameter #2 ($subject) of type string is deprecated in /home/mafwor5/public_html/test/wp-includes/post.php on line 1052
[09-Nov-2025 03:05:10 UTC] PHP Deprecated:  preg_replace(): Passing null to parameter #3 ($subject) of type array|string is deprecated in /home/mafwor5/public_html/test/wp-includes/post.php on line 1062
[09-Nov-2025 03:05:10 UTC] Automatic updates starting...
[09-Nov-2025 03:05:11 UTC] Automatic updates complete.
[09-Nov-2025 05:05:57 UTC] PHP Deprecated:  date_create(): Passing null to parameter #1 ($datetime) of type string is deprecated in /home/mafwor5/public_html/test/wp-includes/formatting.php on line 3672
[09-Nov-2025 05:05:57 UTC] PHP Deprecated:  preg_match(): Passing null to parameter #2 ($subject) of type string is deprecated in /home/mafwor5/public_html/test/wp-content/plugins/events-manager/classes/em-object.php on line 1829
[09-Nov-2025 05:05:57 UTC] PHP Deprecated:  str_replace(): Passing null to parameter #2 ($replace) of type array|string is deprecated in /home/mafwor5/public_html/test/wp-content/plugins/events-manager/classes/em-event.php on line 3339
[09-Nov-2025 05:05:57 UTC] PHP Deprecated:  date_create(): Passing null to parameter #1 ($datetime) of type string is deprecated in /home/mafwor5/public_html/test/wp-includes/formatting.php on line 3672
[09-Nov-2025 05:05:57 UTC] PHP Deprecated:  preg_match(): Passing null to parameter #2 ($subject) of type string is deprecated in /home/mafwor5/public_html/test/wp-content/plugins/events-manager/classes/em-object.php on line 1829
[09-Nov-2025 05:05:57 UTC] PHP Deprecated:  str_replace(): Passing null to parameter #2 ($replace) of type array|string is deprecated in /home/mafwor5/public_html/test/wp-content/plugins/events-manager/classes/em-event.php on line 3339
[09-Nov-2025 05:05:57 UTC] PHP Deprecated:  date_create(): Passing null to parameter #1 ($datetime) of type string is deprecated in /home/mafwor5/public_html/test/wp-includes/formatting.php on line 3672
[09-Nov-2025 05:05:57 UTC] PHP Deprecated:  preg_match(): Passing null to parameter #2 ($subject) of type string is deprecated in /home/mafwor5/public_html/test/wp-content/plugins/events-manager/classes/em-object.php on line 1829
[09-Nov-2025 05:05:57 UTC] PHP Deprecated:  str_replace(): Passing null to parameter #2 ($replace) of type array|string is deprecated in /home/mafwor5/public_html/test/wp-content/plugins/events-manager/classes/em-event.php on line 3339
[09-Nov-2025 05:05:57 UTC] PHP Deprecated:  date_create(): Passing null to parameter #1 ($datetime) of type string is deprecated in /home/mafwor5/public_html/test/wp-includes/formatting.php on line 3672
[09-Nov-2025 05:05:57 UTC] PHP Deprecated:  preg_match(): Passing null to parameter #2 ($subject) of type string is deprecated in /home/mafwor5/public_html/test/wp-content/plugins/events-manager/classes/em-object.php on line 1829
[09-Nov-2025 05:05:57 UTC] PHP Deprecated:  str_replace(): Passing null to parameter #2 ($replace) of type array|string is deprecated in /home/mafwor5/public_html/test/wp-content/plugins/events-manager/classes/em-event.php on line 3339
[09-Nov-2025 05:05:57 UTC] PHP Deprecated:  date_create(): Passing null to parameter #1 ($datetime) of type string is deprecated in /home/mafwor5/public_html/test/wp-includes/formatting.php on line 3672
[09-Nov-2025 05:05:57 UTC] PHP Deprecated:  preg_match(): Passing null to parameter #2 ($subject) of type string is deprecated in /home/mafwor5/public_html/test/wp-content/plugins/events-manager/classes/em-object.php on line 1829
[09-Nov-2025 05:05:57 UTC] PHP Deprecated:  str_replace(): Passing null to parameter #2 ($replace) of type array|string is deprecated in /home/mafwor5/public_html/test/wp-content/plugins/events-manager/classes/em-event.php on line 3339
[09-Nov-2025 05:05:57 UTC] PHP Deprecated:  date_create(): Passing null to parameter #1 ($datetime) of type string is deprecated in /home/mafwor5/public_html/test/wp-includes/formatting.php on line 3672
[09-Nov-2025 05:05:57 UTC] PHP Deprecated:  preg_match(): Passing null to parameter #2 ($subject) of type string is deprecated in /home/mafwor5/public_html/test/wp-content/plugins/events-manager/classes/em-object.php on line 1829
[09-Nov-2025 05:05:57 UTC] PHP Deprecated:  str_replace(): Passing null to parameter #2 ($replace) of type array|string is deprecated in /home/mafwor5/public_html/test/wp-content/plugins/events-manager/classes/em-event.php on line 3339
[09-Nov-2025 05:05:57 UTC] PHP Deprecated:  date_create(): Passing null to parameter #1 ($datetime) of type string is deprecated in /home/mafwor5/public_html/test/wp-includes/formatting.php on line 3672
[09-Nov-2025 05:05:57 UTC] PHP Deprecated:  preg_match(): Passing null to parameter #2 ($subject) of type string is deprecated in /home/mafwor5/public_html/test/wp-content/plugins/events-manager/classes/em-object.php on line 1829
[09-Nov-2025 05:05:57 UTC] PHP Deprecated:  str_replace(): Passing null to parameter #2 ($replace) of type array|string is deprecated in /home/mafwor5/public_html/test/wp-content/plugins/events-manager/classes/em-event.php on line 3339
[09-Nov-2025 05:07:20 UTC] PHP Deprecated:  preg_match(): Passing null to parameter #2 ($subject) of type string is deprecated in /home/mafwor5/public_html/test/wp-content/plugins/events-manager/classes/em-object.php on line 1829
[09-Nov-2025 05:07:20 UTC] PHP Deprecated:  str_contains(): Passing null to parameter #1 ($haystack) of type string is deprecated in /home/mafwor5/public_html/test/wp-includes/shortcodes.php on line 709
[09-Nov-2025 05:07:20 UTC] PHP Deprecated:  str_replace(): Passing null to parameter #3 ($subject) of type array|string is deprecated in /home/mafwor5/public_html/test/wp-content/plugins/events-manager/classes/em-object.php on line 1836
[09-Nov-2025 05:07:20 UTC] PHP Deprecated:  preg_match(): Passing null to parameter #2 ($subject) of type string is deprecated in /home/mafwor5/public_html/test/wp-content/plugins/events-manager/classes/em-object.php on line 1829
[09-Nov-2025 05:07:20 UTC] PHP Deprecated:  str_contains(): Passing null to parameter #1 ($haystack) of type string is deprecated in /home/mafwor5/public_html/test/wp-includes/shortcodes.php on line 709
[09-Nov-2025 05:07:20 UTC] PHP Deprecated:  str_replace(): Passing null to parameter #3 ($subject) of type array|string is deprecated in /home/mafwor5/public_html/test/wp-content/plugins/events-manager/classes/em-object.php on line 1836
[09-Nov-2025 09:14:16 UTC] PHP Deprecated:  preg_match(): Passing null to parameter #2 ($subject) of type string is deprecated in /home/mafwor5/public_html/test/wp-content/plugins/events-manager/classes/em-object.php on line 1829
[09-Nov-2025 09:14:16 UTC] PHP Deprecated:  str_contains(): Passing null to parameter #1 ($haystack) of type string is deprecated in /home/mafwor5/public_html/test/wp-includes/shortcodes.php on line 709
[09-Nov-2025 09:14:16 UTC] PHP Deprecated:  str_replace(): Passing null to parameter #3 ($subject) of type array|string is deprecated in /home/mafwor5/public_html/test/wp-content/plugins/events-manager/classes/em-object.php on line 1836
[09-Nov-2025 09:14:16 UTC] PHP Deprecated:  preg_match(): Passing null to parameter #2 ($subject) of type string is deprecated in /home/mafwor5/public_html/test/wp-content/plugins/events-manager/classes/em-object.php on line 1829
[09-Nov-2025 09:14:16 UTC] PHP Deprecated:  str_contains(): Passing null to parameter #1 ($haystack) of type string is deprecated in /home/mafwor5/public_html/test/wp-includes/shortcodes.php on line 709
[09-Nov-2025 09:14:16 UTC] PHP Deprecated:  str_replace(): Passing null to parameter #3 ($subject) of type array|string is deprecated in /home/mafwor5/public_html/test/wp-content/plugins/events-manager/classes/em-object.php on line 1836
[09-Nov-2025 09:14:16 UTC] PHP Deprecated:  preg_match(): Passing null to parameter #2 ($subject) of type string is deprecated in /home/mafwor5/public_html/test/wp-content/plugins/events-manager/classes/em-object.php on line 1829
[09-Nov-2025 09:14:16 UTC] PHP Deprecated:  str_contains(): Passing null to parameter #1 ($haystack) of type string is deprecated in /home/mafwor5/public_html/test/wp-includes/shortcodes.php on line 709
[09-Nov-2025 09:14:16 UTC] PHP Deprecated:  str_replace(): Passing null to parameter #3 ($subject) of type array|string is deprecated in /home/mafwor5/public_html/test/wp-content/plugins/events-manager/classes/em-object.php on line 1836
[09-Nov-2025 09:14:16 UTC] PHP Deprecated:  preg_match(): Passing null to parameter #2 ($subject) of type string is deprecated in /home/mafwor5/public_html/test/wp-content/plugins/events-manager/classes/em-object.php on line 1829
[09-Nov-2025 09:14:16 UTC] PHP Deprecated:  str_contains(): Passing null to parameter #1 ($haystack) of type string is deprecated in /home/mafwor5/public_html/test/wp-includes/shortcodes.php on line 709
[09-Nov-2025 09:14:16 UTC] PHP Deprecated:  str_replace(): Passing null to parameter #3 ($subject) of type array|string is deprecated in /home/mafwor5/public_html/test/wp-content/plugins/events-manager/classes/em-object.php on line 1836
[09-Nov-2025 09:14:16 UTC] PHP Deprecated:  preg_match(): Passing null to parameter #2 ($subject) of type string is deprecated in /home/mafwor5/public_html/test/wp-content/plugins/events-manager/classes/em-object.php on line 1829
[09-Nov-2025 09:14:16 UTC] PHP Deprecated:  str_contains(): Passing null to parameter #1 ($haystack) of type string is deprecated in /home/mafwor5/public_html/test/wp-includes/shortcodes.php on line 709
[09-Nov-2025 09:14:16 UTC] PHP Deprecated:  str_replace(): Passing null to parameter #3 ($subject) of type array|string is deprecated in /home/mafwor5/public_html/test/wp-content/plugins/events-manager/classes/em-object.php on line 1836
[09-Nov-2025 09:14:16 UTC] PHP Deprecated:  preg_match(): Passing null to parameter #2 ($subject) of type string is deprecated in /home/mafwor5/public_html/test/wp-content/plugins/events-manager/classes/em-object.php on line 1829
[09-Nov-2025 09:14:16 UTC] PHP Deprecated:  str_contains(): Passing null to parameter #1 ($haystack) of type string is deprecated in /home/mafwor5/public_html/test/wp-includes/shortcodes.php on line 709
[09-Nov-2025 09:14:16 UTC] PHP Deprecated:  str_replace(): Passing null to parameter #3 ($subject) of type array|string is deprecated in /home/mafwor5/public_html/test/wp-content/plugins/events-manager/classes/em-object.php on line 1836
[09-Nov-2025 12:51:59 UTC] Automatic updates starting...
[09-Nov-2025 12:51:59 UTC] Automatic updates complete.
[09-Nov-2025 12:52:10 UTC] PHP Warning:  The URL https://s7.softaculous.com/a/loginizer//updates.php?version=2.0.3&checking_for_updates=1&installed_version=2.0.3&license=SOFTWP-41226-74802-29736-95673&url=https%3A%2F%2Fmafw.org%2Ftest does not point to a valid plugin metadata file. WP HTTP Error: cURL error 28: Operation timed out after 10001 milliseconds with 0 bytes received in /home/mafwor5/public_html/test/wp-content/plugins/loginizer-security/updater/plugin-update-checker.php on line 985
[09-Nov-2025 15:26:41 UTC] PHP Deprecated:  preg_match(): Passing null to parameter #2 ($subject) of type string is deprecated in /home/mafwor5/public_html/test/wp-includes/post.php on line 1052
[09-Nov-2025 15:26:41 UTC] PHP Deprecated:  preg_replace(): Passing null to parameter #3 ($subject) of type array|string is deprecated in /home/mafwor5/public_html/test/wp-includes/post.php on line 1062
[09-Nov-2025 15:26:41 UTC] PHP Deprecated:  preg_match(): Passing null to parameter #2 ($subject) of type string is deprecated in /home/mafwor5/public_html/test/wp-includes/post.php on line 1052
[09-Nov-2025 15:26:41 UTC] PHP Deprecated:  preg_replace(): Passing null to parameter #3 ($subject) of type array|string is deprecated in /home/mafwor5/public_html/test/wp-includes/post.php on line 1062
[09-Nov-2025 15:26:41 UTC] PHP Deprecated:  preg_match(): Passing null to parameter #2 ($subject) of type string is deprecated in /home/mafwor5/public_html/test/wp-includes/post.php on line 1052
[09-Nov-2025 15:26:41 UTC] PHP Deprecated:  preg_replace(): Passing null to parameter #3 ($subject) of type array|string is deprecated in /home/mafwor5/public_html/test/wp-includes/post.php on line 1062
[09-Nov-2025 15:26:41 UTC] PHP Deprecated:  preg_match(): Passing null to parameter #2 ($subject) of type string is deprecated in /home/mafwor5/public_html/test/wp-includes/post.php on line 1052
[09-Nov-2025 15:26:41 UTC] PHP Deprecated:  preg_replace(): Passing null to parameter #3 ($subject) of type array|string is deprecated in /home/mafwor5/public_html/test/wp-includes/post.php on line 1062
[09-Nov-2025 22:27:02 UTC] PHP Deprecated:  preg_match(): Passing null to parameter #2 ($subject) of type string is deprecated in /home/mafwor5/public_html/test/wp-content/plugins/events-manager/classes/em-object.php on line 1829
[09-Nov-2025 22:27:02 UTC] PHP Deprecated:  str_contains(): Passing null to parameter #1 ($haystack) of type string is deprecated in /home/mafwor5/public_html/test/wp-includes/shortcodes.php on line 709
[09-Nov-2025 22:27:02 UTC] PHP Deprecated:  str_replace(): Passing null to parameter #3 ($subject) of type array|string is deprecated in /home/mafwor5/public_html/test/wp-content/plugins/events-manager/classes/em-object.php on line 1836
[09-Nov-2025 22:27:02 UTC] PHP Deprecated:  preg_match(): Passing null to parameter #2 ($subject) of type string is deprecated in /home/mafwor5/public_html/test/wp-content/plugins/events-manager/classes/em-object.php on line 1829
[09-Nov-2025 22:27:02 UTC] PHP Deprecated:  str_contains(): Passing null to parameter #1 ($haystack) of type string is deprecated in /home/mafwor5/public_html/test/wp-includes/shortcodes.php on line 709
[09-Nov-2025 22:27:02 UTC] PHP Deprecated:  str_replace(): Passing null to parameter #3 ($subject) of type array|string is deprecated in /home/mafwor5/public_html/test/wp-content/plugins/events-manager/classes/em-object.php on line 1836
[09-Nov-2025 22:27:02 UTC] PHP Deprecated:  preg_match(): Passing null to parameter #2 ($subject) of type string is deprecated in /home/mafwor5/public_html/test/wp-content/plugins/events-manager/classes/em-object.php on line 1829
[09-Nov-2025 22:27:02 UTC] PHP Deprecated:  str_contains(): Passing null to parameter #1 ($haystack) of type string is deprecated in /home/mafwor5/public_html/test/wp-includes/shortcodes.php on line 709
[09-Nov-2025 22:27:02 UTC] PHP Deprecated:  str_replace(): Passing null to parameter #3 ($subject) of type array|string is deprecated in /home/mafwor5/public_html/test/wp-content/plugins/events-manager/classes/em-object.php on line 1836
[09-Nov-2025 22:27:02 UTC] PHP Deprecated:  preg_match(): Passing null to parameter #2 ($subject) of type string is deprecated in /home/mafwor5/public_html/test/wp-content/plugins/events-manager/classes/em-object.php on line 1829
[09-Nov-2025 22:27:02 UTC] PHP Deprecated:  str_contains(): Passing null to parameter #1 ($haystack) of type string is deprecated in /home/mafwor5/public_html/test/wp-includes/shortcodes.php on line 709
[09-Nov-2025 22:27:02 UTC] PHP Deprecated:  str_replace(): Passing null to parameter #3 ($subject) of type array|string is deprecated in /home/mafwor5/public_html/test/wp-content/plugins/events-manager/classes/em-object.php on line 1836
[09-Nov-2025 22:27:02 UTC] PHP Deprecated:  preg_match(): Passing null to parameter #2 ($subject) of type string is deprecated in /home/mafwor5/public_html/test/wp-content/plugins/events-manager/classes/em-object.php on line 1829
[09-Nov-2025 22:27:02 UTC] PHP Deprecated:  str_contains(): Passing null to parameter #1 ($haystack) of type string is deprecated in /home/mafwor5/public_html/test/wp-includes/shortcodes.php on line 709
[09-Nov-2025 22:27:02 UTC] PHP Deprecated:  str_replace(): Passing null to parameter #3 ($subject) of type array|string is deprecated in /home/mafwor5/public_html/test/wp-content/plugins/events-manager/classes/em-object.php on line 1836
[09-Nov-2025 22:27:02 UTC] PHP Deprecated:  preg_match(): Passing null to parameter #2 ($subject) of type string is deprecated in /home/mafwor5/public_html/test/wp-content/plugins/events-manager/classes/em-object.php on line 1829
[09-Nov-2025 22:27:02 UTC] PHP Deprecated:  str_contains(): Passing null to parameter #1 ($haystack) of type string is deprecated in /home/mafwor5/public_html/test/wp-includes/shortcodes.php on line 709
[09-Nov-2025 22:27:02 UTC] PHP Deprecated:  str_replace(): Passing null to parameter #3 ($subject) of type array|string is deprecated in /home/mafwor5/public_html/test/wp-content/plugins/events-manager/classes/em-object.php on line 1836
[09-Nov-2025 22:39:25 UTC] Automatic updates starting...
[09-Nov-2025 22:39:26 UTC] Automatic updates complete.
[09-Nov-2025 23:57:58 UTC] PHP Deprecated:  date_create(): Passing null to parameter #1 ($datetime) of type string is deprecated in /home/mafwor5/public_html/test/wp-includes/formatting.php on line 3672
[09-Nov-2025 23:57:58 UTC] PHP Deprecated:  preg_match(): Passing null to parameter #2 ($subject) of type string is deprecated in /home/mafwor5/public_html/test/wp-content/plugins/events-manager/classes/em-object.php on line 1829
[09-Nov-2025 23:57:58 UTC] PHP Deprecated:  str_replace(): Passing null to parameter #2 ($replace) of type array|string is deprecated in /home/mafwor5/public_html/test/wp-content/plugins/events-manager/classes/em-event.php on line 3340
[09-Nov-2025 23:57:58 UTC] PHP Deprecated:  date_create(): Passing null to parameter #1 ($datetime) of type string is deprecated in /home/mafwor5/public_html/test/wp-includes/formatting.php on line 3672
[09-Nov-2025 23:57:58 UTC] PHP Deprecated:  preg_match(): Passing null to parameter #2 ($subject) of type string is deprecated in /home/mafwor5/public_html/test/wp-content/plugins/events-manager/classes/em-object.php on line 1829
[09-Nov-2025 23:57:58 UTC] PHP Deprecated:  str_replace(): Passing null to parameter #2 ($replace) of type array|string is deprecated in /home/mafwor5/public_html/test/wp-content/plugins/events-manager/classes/em-event.php on line 3340
[09-Nov-2025 23:57:58 UTC] PHP Deprecated:  date_create(): Passing null to parameter #1 ($datetime) of type string is deprecated in /home/mafwor5/public_html/test/wp-includes/formatting.php on line 3672
[09-Nov-2025 23:57:58 UTC] PHP Deprecated:  preg_match(): Passing null to parameter #2 ($subject) of type string is deprecated in /home/mafwor5/public_html/test/wp-content/plugins/events-manager/classes/em-object.php on line 1829
[09-Nov-2025 23:57:58 UTC] PHP Deprecated:  str_replace(): Passing null to parameter #2 ($replace) of type array|string is deprecated in /home/mafwor5/public_html/test/wp-content/plugins/events-manager/classes/em-event.php on line 3340
[09-Nov-2025 23:57:58 UTC] PHP Deprecated:  date_create(): Passing null to parameter #1 ($datetime) of type string is deprecated in /home/mafwor5/public_html/test/wp-includes/formatting.php on line 3672
[09-Nov-2025 23:57:58 UTC] PHP Deprecated:  preg_match(): Passing null to parameter #2 ($subject) of type string is deprecated in /home/mafwor5/public_html/test/wp-content/plugins/events-manager/classes/em-object.php on line 1829
[09-Nov-2025 23:57:58 UTC] PHP Deprecated:  str_replace(): Passing null to parameter #2 ($replace) of type array|string is deprecated in /home/mafwor5/public_html/test/wp-content/plugins/events-manager/classes/em-event.php on line 3340
[09-Nov-2025 23:57:58 UTC] PHP Deprecated:  date_create(): Passing null to parameter #1 ($datetime) of type string is deprecated in /home/mafwor5/public_html/test/wp-includes/formatting.php on line 3672
[09-Nov-2025 23:57:58 UTC] PHP Deprecated:  preg_match(): Passing null to parameter #2 ($subject) of type string is deprecated in /home/mafwor5/public_html/test/wp-content/plugins/events-manager/classes/em-object.php on line 1829
[09-Nov-2025 23:57:58 UTC] PHP Deprecated:  str_replace(): Passing null to parameter #2 ($replace) of type array|string is deprecated in /home/mafwor5/public_html/test/wp-content/plugins/events-manager/classes/em-event.php on line 3340
[09-Nov-2025 23:57:58 UTC] PHP Deprecated:  date_create(): Passing null to parameter #1 ($datetime) of type string is deprecated in /home/mafwor5/public_html/test/wp-includes/formatting.php on line 3672
[09-Nov-2025 23:57:58 UTC] PHP Deprecated:  preg_match(): Passing null to parameter #2 ($subject) of type string is deprecated in /home/mafwor5/public_html/test/wp-content/plugins/events-manager/classes/em-object.php on line 1829
[09-Nov-2025 23:57:58 UTC] PHP Deprecated:  str_replace(): Passing null to parameter #2 ($replace) of type array|string is deprecated in /home/mafwor5/public_html/test/wp-content/plugins/events-manager/classes/em-event.php on line 3340
[09-Nov-2025 23:57:58 UTC] PHP Deprecated:  date_create(): Passing null to parameter #1 ($datetime) of type string is deprecated in /home/mafwor5/public_html/test/wp-includes/formatting.php on line 3672
[09-Nov-2025 23:57:58 UTC] PHP Deprecated:  preg_match(): Passing null to parameter #2 ($subject) of type string is deprecated in /home/mafwor5/public_html/test/wp-content/plugins/events-manager/classes/em-object.php on line 1829
[09-Nov-2025 23:57:58 UTC] PHP Deprecated:  str_replace(): Passing null to parameter #2 ($replace) of type array|string is deprecated in /home/mafwor5/public_html/test/wp-content/plugins/events-manager/classes/em-event.php on line 3340
[10-Nov-2025 00:39:52 UTC] PHP Deprecated:  date_create(): Passing null to parameter #1 ($datetime) of type string is deprecated in /home/mafwor5/public_html/test/wp-includes/formatting.php on line 3672
[10-Nov-2025 00:39:52 UTC] PHP Deprecated:  preg_match(): Passing null to parameter #2 ($subject) of type string is deprecated in /home/mafwor5/public_html/test/wp-content/plugins/events-manager/classes/em-object.php on line 1829
[10-Nov-2025 00:39:52 UTC] PHP Deprecated:  str_replace(): Passing null to parameter #2 ($replace) of type array|string is deprecated in /home/mafwor5/public_html/test/wp-content/plugins/events-manager/classes/em-event.php on line 3340
[10-Nov-2025 00:39:52 UTC] PHP Deprecated:  date_create(): Passing null to parameter #1 ($datetime) of type string is deprecated in /home/mafwor5/public_html/test/wp-includes/formatting.php on line 3672
[10-Nov-2025 00:39:52 UTC] PHP Deprecated:  preg_match(): Passing null to parameter #2 ($subject) of type string is deprecated in /home/mafwor5/public_html/test/wp-content/plugins/events-manager/classes/em-object.php on line 1829
[10-Nov-2025 00:39:52 UTC] PHP Deprecated:  str_replace(): Passing null to parameter #2 ($replace) of type array|string is deprecated in /home/mafwor5/public_html/test/wp-content/plugins/events-manager/classes/em-event.php on line 3340
[10-Nov-2025 00:39:52 UTC] PHP Deprecated:  date_create(): Passing null to parameter #1 ($datetime) of type string is deprecated in /home/mafwor5/public_html/test/wp-includes/formatting.php on line 3672
[10-Nov-2025 00:39:52 UTC] PHP Deprecated:  preg_match(): Passing null to parameter #2 ($subject) of type string is deprecated in /home/mafwor5/public_html/test/wp-content/plugins/events-manager/classes/em-object.php on line 1829
[10-Nov-2025 00:39:52 UTC] PHP Deprecated:  str_replace(): Passing null to parameter #2 ($replace) of type array|string is deprecated in /home/mafwor5/public_html/test/wp-content/plugins/events-manager/classes/em-event.php on line 3340
[10-Nov-2025 00:39:52 UTC] PHP Deprecated:  date_create(): Passing null to parameter #1 ($datetime) of type string is deprecated in /home/mafwor5/public_html/test/wp-includes/formatting.php on line 3672
[10-Nov-2025 00:39:52 UTC] PHP Deprecated:  preg_match(): Passing null to parameter #2 ($subject) of type string is deprecated in /home/mafwor5/public_html/test/wp-content/plugins/events-manager/classes/em-object.php on line 1829
[10-Nov-2025 00:39:52 UTC] PHP Deprecated:  str_replace(): Passing null to parameter #2 ($replace) of type array|string is deprecated in /home/mafwor5/public_html/test/wp-content/plugins/events-manager/classes/em-event.php on line 3340
[10-Nov-2025 00:39:52 UTC] PHP Deprecated:  date_create(): Passing null to parameter #1 ($datetime) of type string is deprecated in /home/mafwor5/public_html/test/wp-includes/formatting.php on line 3672
[10-Nov-2025 00:39:52 UTC] PHP Deprecated:  preg_match(): Passing null to parameter #2 ($subject) of type string is deprecated in /home/mafwor5/public_html/test/wp-content/plugins/events-manager/classes/em-object.php on line 1829
[10-Nov-2025 00:39:52 UTC] PHP Deprecated:  str_replace(): Passing null to parameter #2 ($replace) of type array|string is deprecated in /home/mafwor5/public_html/test/wp-content/plugins/events-manager/classes/em-event.php on line 3340
[10-Nov-2025 00:39:52 UTC] PHP Deprecated:  date_create(): Passing null to parameter #1 ($datetime) of type string is deprecated in /home/mafwor5/public_html/test/wp-includes/formatting.php on line 3672
[10-Nov-2025 00:39:52 UTC] PHP Deprecated:  preg_match(): Passing null to parameter #2 ($subject) of type string is deprecated in /home/mafwor5/public_html/test/wp-content/plugins/events-manager/classes/em-object.php on line 1829
[10-Nov-2025 00:39:52 UTC] PHP Deprecated:  str_replace(): Passing null to parameter #2 ($replace) of type array|string is deprecated in /home/mafwor5/public_html/test/wp-content/plugins/events-manager/classes/em-event.php on line 3340
[10-Nov-2025 00:39:52 UTC] PHP Deprecated:  date_create(): Passing null to parameter #1 ($datetime) of type string is deprecated in /home/mafwor5/public_html/test/wp-includes/formatting.php on line 3672
[10-Nov-2025 00:39:52 UTC] PHP Deprecated:  preg_match(): Passing null to parameter #2 ($subject) of type string is deprecated in /home/mafwor5/public_html/test/wp-content/plugins/events-manager/classes/em-object.php on line 1829
[10-Nov-2025 00:39:52 UTC] PHP Deprecated:  str_replace(): Passing null to parameter #2 ($replace) of type array|string is deprecated in /home/mafwor5/public_html/test/wp-content/plugins/events-manager/classes/em-event.php on line 3340
[10-Nov-2025 00:49:23 UTC] PHP Deprecated:  preg_match(): Passing null to parameter #2 ($subject) of type string is deprecated in /home/mafwor5/public_html/test/wp-includes/post.php on line 1052
[10-Nov-2025 00:49:23 UTC] PHP Deprecated:  preg_replace(): Passing null to parameter #3 ($subject) of type array|string is deprecated in /home/mafwor5/public_html/test/wp-includes/post.php on line 1062
[10-Nov-2025 01:46:51 UTC] PHP Deprecated:  date_create(): Passing null to parameter #1 ($datetime) of type string is deprecated in /home/mafwor5/public_html/test/wp-includes/formatting.php on line 3672
[10-Nov-2025 01:46:51 UTC] PHP Deprecated:  preg_match(): Passing null to parameter #2 ($subject) of type string is deprecated in /home/mafwor5/public_html/test/wp-content/plugins/events-manager/classes/em-object.php on line 1829
[10-Nov-2025 01:46:51 UTC] PHP Deprecated:  str_replace(): Passing null to parameter #2 ($replace) of type array|string is deprecated in /home/mafwor5/public_html/test/wp-content/plugins/events-manager/classes/em-event.php on line 3340
[10-Nov-2025 01:46:51 UTC] PHP Deprecated:  date_create(): Passing null to parameter #1 ($datetime) of type string is deprecated in /home/mafwor5/public_html/test/wp-includes/formatting.php on line 3672
[10-Nov-2025 01:46:51 UTC] PHP Deprecated:  preg_match(): Passing null to parameter #2 ($subject) of type string is deprecated in /home/mafwor5/public_html/test/wp-content/plugins/events-manager/classes/em-object.php on line 1829
[10-Nov-2025 01:46:51 UTC] PHP Deprecated:  str_replace(): Passing null to parameter #2 ($replace) of type array|string is deprecated in /home/mafwor5/public_html/test/wp-content/plugins/events-manager/classes/em-event.php on line 3340
[10-Nov-2025 01:46:51 UTC] PHP Deprecated:  date_create(): Passing null to parameter #1 ($datetime) of type string is deprecated in /home/mafwor5/public_html/test/wp-includes/formatting.php on line 3672
[10-Nov-2025 01:46:51 UTC] PHP Deprecated:  preg_match(): Passing null to parameter #2 ($subject) of type string is deprecated in /home/mafwor5/public_html/test/wp-content/plugins/events-manager/classes/em-object.php on line 1829
[10-Nov-2025 01:46:51 UTC] PHP Deprecated:  str_replace(): Passing null to parameter #2 ($replace) of type array|string is deprecated in /home/mafwor5/public_html/test/wp-content/plugins/events-manager/classes/em-event.php on line 3340
[10-Nov-2025 01:46:51 UTC] PHP Deprecated:  date_create(): Passing null to parameter #1 ($datetime) of type string is deprecated in /home/mafwor5/public_html/test/wp-includes/formatting.php on line 3672
[10-Nov-2025 01:46:51 UTC] PHP Deprecated:  preg_match(): Passing null to parameter #2 ($subject) of type string is deprecated in /home/mafwor5/public_html/test/wp-content/plugins/events-manager/classes/em-object.php on line 1829
[10-Nov-2025 01:46:51 UTC] PHP Deprecated:  str_replace(): Passing null to parameter #2 ($replace) of type array|string is deprecated in /home/mafwor5/public_html/test/wp-content/plugins/events-manager/classes/em-event.php on line 3340
[10-Nov-2025 01:46:51 UTC] PHP Deprecated:  date_create(): Passing null to parameter #1 ($datetime) of type string is deprecated in /home/mafwor5/public_html/test/wp-includes/formatting.php on line 3672
[10-Nov-2025 01:46:51 UTC] PHP Deprecated:  preg_match(): Passing null to parameter #2 ($subject) of type string is deprecated in /home/mafwor5/public_html/test/wp-content/plugins/events-manager/classes/em-object.php on line 1829
[10-Nov-2025 01:46:51 UTC] PHP Deprecated:  str_replace(): Passing null to parameter #2 ($replace) of type array|string is deprecated in /home/mafwor5/public_html/test/wp-content/plugins/events-manager/classes/em-event.php on line 3340
[10-Nov-2025 01:46:51 UTC] PHP Deprecated:  date_create(): Passing null to parameter #1 ($datetime) of type string is deprecated in /home/mafwor5/public_html/test/wp-includes/formatting.php on line 3672
[10-Nov-2025 01:46:51 UTC] PHP Deprecated:  preg_match(): Passing null to parameter #2 ($subject) of type string is deprecated in /home/mafwor5/public_html/test/wp-content/plugins/events-manager/classes/em-object.php on line 1829
[10-Nov-2025 01:46:51 UTC] PHP Deprecated:  str_replace(): Passing null to parameter #2 ($replace) of type array|string is deprecated in /home/mafwor5/public_html/test/wp-content/plugins/events-manager/classes/em-event.php on line 3340
[10-Nov-2025 01:46:51 UTC] PHP Deprecated:  date_create(): Passing null to parameter #1 ($datetime) of type string is deprecated in /home/mafwor5/public_html/test/wp-includes/formatting.php on line 3672
[10-Nov-2025 01:46:51 UTC] PHP Deprecated:  preg_match(): Passing null to parameter #2 ($subject) of type string is deprecated in /home/mafwor5/public_html/test/wp-content/plugins/events-manager/classes/em-object.php on line 1829
[10-Nov-2025 01:46:51 UTC] PHP Deprecated:  str_replace(): Passing null to parameter #2 ($replace) of type array|string is deprecated in /home/mafwor5/public_html/test/wp-content/plugins/events-manager/classes/em-event.php on line 3340
[10-Nov-2025 04:09:55 UTC] PHP Deprecated:  preg_match(): Passing null to parameter #2 ($subject) of type string is deprecated in /home/mafwor5/public_html/test/wp-content/plugins/events-manager/classes/em-object.php on line 1829
[10-Nov-2025 04:09:55 UTC] PHP Deprecated:  str_contains(): Passing null to parameter #1 ($haystack) of type string is deprecated in /home/mafwor5/public_html/test/wp-includes/shortcodes.php on line 709
[10-Nov-2025 04:09:55 UTC] PHP Deprecated:  str_replace(): Passing null to parameter #3 ($subject) of type array|string is deprecated in /home/mafwor5/public_html/test/wp-content/plugins/events-manager/classes/em-object.php on line 1836
[10-Nov-2025 04:09:55 UTC] PHP Deprecated:  preg_match(): Passing null to parameter #2 ($subject) of type string is deprecated in /home/mafwor5/public_html/test/wp-content/plugins/events-manager/classes/em-object.php on line 1829
[10-Nov-2025 04:09:55 UTC] PHP Deprecated:  str_contains(): Passing null to parameter #1 ($haystack) of type string is deprecated in /home/mafwor5/public_html/test/wp-includes/shortcodes.php on line 709
[10-Nov-2025 04:09:55 UTC] PHP Deprecated:  str_replace(): Passing null to parameter #3 ($subject) of type array|string is deprecated in /home/mafwor5/public_html/test/wp-content/plugins/events-manager/classes/em-object.php on line 1836
[10-Nov-2025 05:57:52 UTC] PHP Deprecated:  preg_match(): Passing null to parameter #2 ($subject) of type string is deprecated in /home/mafwor5/public_html/test/wp-content/plugins/events-manager/classes/em-object.php on line 1829
[10-Nov-2025 05:57:52 UTC] PHP Deprecated:  str_contains(): Passing null to parameter #1 ($haystack) of type string is deprecated in /home/mafwor5/public_html/test/wp-includes/shortcodes.php on line 709
[10-Nov-2025 05:57:52 UTC] PHP Deprecated:  str_replace(): Passing null to parameter #3 ($subject) of type array|string is deprecated in /home/mafwor5/public_html/test/wp-content/plugins/events-manager/classes/em-object.php on line 1836
[10-Nov-2025 05:57:52 UTC] PHP Deprecated:  preg_match(): Passing null to parameter #2 ($subject) of type string is deprecated in /home/mafwor5/public_html/test/wp-content/plugins/events-manager/classes/em-object.php on line 1829
[10-Nov-2025 05:57:52 UTC] PHP Deprecated:  str_contains(): Passing null to parameter #1 ($haystack) of type string is deprecated in /home/mafwor5/public_html/test/wp-includes/shortcodes.php on line 709
[10-Nov-2025 05:57:52 UTC] PHP Deprecated:  str_replace(): Passing null to parameter #3 ($subject) of type array|string is deprecated in /home/mafwor5/public_html/test/wp-content/plugins/events-manager/classes/em-object.php on line 1836
[10-Nov-2025 05:57:52 UTC] PHP Deprecated:  preg_match(): Passing null to parameter #2 ($subject) of type string is deprecated in /home/mafwor5/public_html/test/wp-content/plugins/events-manager/classes/em-object.php on line 1829
[10-Nov-2025 05:57:52 UTC] PHP Deprecated:  str_contains(): Passing null to parameter #1 ($haystack) of type string is deprecated in /home/mafwor5/public_html/test/wp-includes/shortcodes.php on line 709
[10-Nov-2025 05:57:52 UTC] PHP Deprecated:  str_replace(): Passing null to parameter #3 ($subject) of type array|string is deprecated in /home/mafwor5/public_html/test/wp-content/plugins/events-manager/classes/em-object.php on line 1836
[10-Nov-2025 05:57:52 UTC] PHP Deprecated:  preg_match(): Passing null to parameter #2 ($subject) of type string is deprecated in /home/mafwor5/public_html/test/wp-content/plugins/events-manager/classes/em-object.php on line 1829
[10-Nov-2025 05:57:52 UTC] PHP Deprecated:  str_contains(): Passing null to parameter #1 ($haystack) of type string is deprecated in /home/mafwor5/public_html/test/wp-includes/shortcodes.php on line 709
[10-Nov-2025 05:57:52 UTC] PHP Deprecated:  str_replace(): Passing null to parameter #3 ($subject) of type array|string is deprecated in /home/mafwor5/public_html/test/wp-content/plugins/events-manager/classes/em-object.php on line 1836
[10-Nov-2025 05:57:52 UTC] PHP Deprecated:  preg_match(): Passing null to parameter #2 ($subject) of type string is deprecated in /home/mafwor5/public_html/test/wp-content/plugins/events-manager/classes/em-object.php on line 1829
[10-Nov-2025 05:57:52 UTC] PHP Deprecated:  str_contains(): Passing null to parameter #1 ($haystack) of type string is deprecated in /home/mafwor5/public_html/test/wp-includes/shortcodes.php on line 709
[10-Nov-2025 05:57:52 UTC] PHP Deprecated:  str_replace(): Passing null to parameter #3 ($subject) of type array|string is deprecated in /home/mafwor5/public_html/test/wp-content/plugins/events-manager/classes/em-object.php on line 1836
[10-Nov-2025 05:57:52 UTC] PHP Deprecated:  preg_match(): Passing null to parameter #2 ($subject) of type string is deprecated in /home/mafwor5/public_html/test/wp-content/plugins/events-manager/classes/em-object.php on line 1829
[10-Nov-2025 05:57:52 UTC] PHP Deprecated:  str_contains(): Passing null to parameter #1 ($haystack) of type string is deprecated in /home/mafwor5/public_html/test/wp-includes/shortcodes.php on line 709
[10-Nov-2025 05:57:52 UTC] PHP Deprecated:  str_replace(): Passing null to parameter #3 ($subject) of type array|string is deprecated in /home/mafwor5/public_html/test/wp-content/plugins/events-manager/classes/em-object.php on line 1836
[10-Nov-2025 09:02:51 UTC] PHP Deprecated:  preg_match(): Passing null to parameter #2 ($subject) of type string is deprecated in /home/mafwor5/public_html/test/wp-includes/post.php on line 1052
[10-Nov-2025 09:02:51 UTC] PHP Deprecated:  preg_replace(): Passing null to parameter #3 ($subject) of type array|string is deprecated in /home/mafwor5/public_html/test/wp-includes/post.php on line 1062
[10-Nov-2025 09:07:02 UTC] PHP Deprecated:  date_create(): Passing null to parameter #1 ($datetime) of type string is deprecated in /home/mafwor5/public_html/test/wp-includes/formatting.php on line 3672
[10-Nov-2025 09:07:02 UTC] PHP Deprecated:  preg_match(): Passing null to parameter #2 ($subject) of type string is deprecated in /home/mafwor5/public_html/test/wp-content/plugins/events-manager/classes/em-object.php on line 1829
[10-Nov-2025 09:07:02 UTC] PHP Deprecated:  str_replace(): Passing null to parameter #2 ($replace) of type array|string is deprecated in /home/mafwor5/public_html/test/wp-content/plugins/events-manager/classes/em-event.php on line 3340
[10-Nov-2025 09:07:02 UTC] PHP Deprecated:  date_create(): Passing null to parameter #1 ($datetime) of type string is deprecated in /home/mafwor5/public_html/test/wp-includes/formatting.php on line 3672
[10-Nov-2025 09:07:02 UTC] PHP Deprecated:  preg_match(): Passing null to parameter #2 ($subject) of type string is deprecated in /home/mafwor5/public_html/test/wp-content/plugins/events-manager/classes/em-object.php on line 1829
[10-Nov-2025 09:07:02 UTC] PHP Deprecated:  str_replace(): Passing null to parameter #2 ($replace) of type array|string is deprecated in /home/mafwor5/public_html/test/wp-content/plugins/events-manager/classes/em-event.php on line 3340
[10-Nov-2025 09:07:02 UTC] PHP Deprecated:  date_create(): Passing null to parameter #1 ($datetime) of type string is deprecated in /home/mafwor5/public_html/test/wp-includes/formatting.php on line 3672
[10-Nov-2025 09:07:02 UTC] PHP Deprecated:  preg_match(): Passing null to parameter #2 ($subject) of type string is deprecated in /home/mafwor5/public_html/test/wp-content/plugins/events-manager/classes/em-object.php on line 1829
[10-Nov-2025 09:07:02 UTC] PHP Deprecated:  str_replace(): Passing null to parameter #2 ($replace) of type array|string is deprecated in /home/mafwor5/public_html/test/wp-content/plugins/events-manager/classes/em-event.php on line 3340
[10-Nov-2025 09:07:02 UTC] PHP Deprecated:  date_create(): Passing null to parameter #1 ($datetime) of type string is deprecated in /home/mafwor5/public_html/test/wp-includes/formatting.php on line 3672
[10-Nov-2025 09:07:02 UTC] PHP Deprecated:  preg_match(): Passing null to parameter #2 ($subject) of type string is deprecated in /home/mafwor5/public_html/test/wp-content/plugins/events-manager/classes/em-object.php on line 1829
[10-Nov-2025 09:07:02 UTC] PHP Deprecated:  str_replace(): Passing null to parameter #2 ($replace) of type array|string is deprecated in /home/mafwor5/public_html/test/wp-content/plugins/events-manager/classes/em-event.php on line 3340
[10-Nov-2025 09:07:02 UTC] PHP Deprecated:  date_create(): Passing null to parameter #1 ($datetime) of type string is deprecated in /home/mafwor5/public_html/test/wp-includes/formatting.php on line 3672
[10-Nov-2025 09:07:02 UTC] PHP Deprecated:  preg_match(): Passing null to parameter #2 ($subject) of type string is deprecated in /home/mafwor5/public_html/test/wp-content/plugins/events-manager/classes/em-object.php on line 1829
[10-Nov-2025 09:07:02 UTC] PHP Deprecated:  str_replace(): Passing null to parameter #2 ($replace) of type array|string is deprecated in /home/mafwor5/public_html/test/wp-content/plugins/events-manager/classes/em-event.php on line 3340
[10-Nov-2025 09:07:02 UTC] PHP Deprecated:  date_create(): Passing null to parameter #1 ($datetime) of type string is deprecated in /home/mafwor5/public_html/test/wp-includes/formatting.php on line 3672
[10-Nov-2025 09:07:02 UTC] PHP Deprecated:  preg_match(): Passing null to parameter #2 ($subject) of type string is deprecated in /home/mafwor5/public_html/test/wp-content/plugins/events-manager/classes/em-object.php on line 1829
[10-Nov-2025 09:07:02 UTC] PHP Deprecated:  str_replace(): Passing null to parameter #2 ($replace) of type array|string is deprecated in /home/mafwor5/public_html/test/wp-content/plugins/events-manager/classes/em-event.php on line 3340
[10-Nov-2025 09:07:02 UTC] PHP Deprecated:  date_create(): Passing null to parameter #1 ($datetime) of type string is deprecated in /home/mafwor5/public_html/test/wp-includes/formatting.php on line 3672
[10-Nov-2025 09:07:02 UTC] PHP Deprecated:  preg_match(): Passing null to parameter #2 ($subject) of type string is deprecated in /home/mafwor5/public_html/test/wp-content/plugins/events-manager/classes/em-object.php on line 1829
[10-Nov-2025 09:07:02 UTC] PHP Deprecated:  str_replace(): Passing null to parameter #2 ($replace) of type array|string is deprecated in /home/mafwor5/public_html/test/wp-content/plugins/events-manager/classes/em-event.php on line 3340
[10-Nov-2025 09:55:35 UTC] PHP Deprecated:  preg_match(): Passing null to parameter #2 ($subject) of type string is deprecated in /home/mafwor5/public_html/test/wp-includes/post.php on line 1052
[10-Nov-2025 09:55:35 UTC] PHP Deprecated:  preg_replace(): Passing null to parameter #3 ($subject) of type array|string is deprecated in /home/mafwor5/public_html/test/wp-includes/post.php on line 1062
[10-Nov-2025 09:55:35 UTC] PHP Deprecated:  preg_match(): Passing null to parameter #2 ($subject) of type string is deprecated in /home/mafwor5/public_html/test/wp-includes/post.php on line 1052
[10-Nov-2025 09:55:35 UTC] PHP Deprecated:  preg_replace(): Passing null to parameter #3 ($subject) of type array|string is deprecated in /home/mafwor5/public_html/test/wp-includes/post.php on line 1062
[10-Nov-2025 09:55:35 UTC] PHP Deprecated:  preg_match(): Passing null to parameter #2 ($subject) of type string is deprecated in /home/mafwor5/public_html/test/wp-includes/post.php on line 1052
[10-Nov-2025 09:55:35 UTC] PHP Deprecated:  preg_replace(): Passing null to parameter #3 ($subject) of type array|string is deprecated in /home/mafwor5/public_html/test/wp-includes/post.php on line 1062
[10-Nov-2025 09:55:35 UTC] PHP Deprecated:  preg_match(): Passing null to parameter #2 ($subject) of type string is deprecated in /home/mafwor5/public_html/test/wp-includes/post.php on line 1052
[10-Nov-2025 09:55:35 UTC] PHP Deprecated:  preg_replace(): Passing null to parameter #3 ($subject) of type array|string is deprecated in /home/mafwor5/public_html/test/wp-includes/post.php on line 1062
[10-Nov-2025 09:55:35 UTC] PHP Deprecated:  preg_match(): Passing null to parameter #2 ($subject) of type string is deprecated in /home/mafwor5/public_html/test/wp-includes/post.php on line 1052
[10-Nov-2025 09:55:35 UTC] PHP Deprecated:  preg_replace(): Passing null to parameter #3 ($subject) of type array|string is deprecated in /home/mafwor5/public_html/test/wp-includes/post.php on line 1062
[10-Nov-2025 09:55:35 UTC] PHP Deprecated:  preg_match(): Passing null to parameter #2 ($subject) of type string is deprecated in /home/mafwor5/public_html/test/wp-includes/post.php on line 1052
[10-Nov-2025 09:55:35 UTC] PHP Deprecated:  preg_replace(): Passing null to parameter #3 ($subject) of type array|string is deprecated in /home/mafwor5/public_html/test/wp-includes/post.php on line 1062
[10-Nov-2025 09:55:35 UTC] PHP Deprecated:  preg_match(): Passing null to parameter #2 ($subject) of type string is deprecated in /home/mafwor5/public_html/test/wp-includes/post.php on line 1052
[10-Nov-2025 09:55:35 UTC] PHP Deprecated:  preg_replace(): Passing null to parameter #3 ($subject) of type array|string is deprecated in /home/mafwor5/public_html/test/wp-includes/post.php on line 1062
[10-Nov-2025 10:33:57 UTC] Automatic updates starting...
[10-Nov-2025 10:33:57 UTC] Automatic updates complete.
[10-Nov-2025 13:06:02 UTC] PHP Deprecated:  preg_match(): Passing null to parameter #2 ($subject) of type string is deprecated in /home/mafwor5/public_html/test/wp-content/plugins/events-manager/classes/em-object.php on line 1829
[10-Nov-2025 13:06:02 UTC] PHP Deprecated:  str_contains(): Passing null to parameter #1 ($haystack) of type string is deprecated in /home/mafwor5/public_html/test/wp-includes/shortcodes.php on line 709
[10-Nov-2025 13:06:02 UTC] PHP Deprecated:  str_replace(): Passing null to parameter #3 ($subject) of type array|string is deprecated in /home/mafwor5/public_html/test/wp-content/plugins/events-manager/classes/em-object.php on line 1836
[10-Nov-2025 14:20:13 UTC] PHP Deprecated:  date_create(): Passing null to parameter #1 ($datetime) of type string is deprecated in /home/mafwor5/public_html/test/wp-includes/formatting.php on line 3672
[10-Nov-2025 14:20:13 UTC] PHP Deprecated:  preg_match(): Passing null to parameter #2 ($subject) of type string is deprecated in /home/mafwor5/public_html/test/wp-content/plugins/events-manager/classes/em-object.php on line 1829
[10-Nov-2025 14:20:13 UTC] PHP Deprecated:  str_replace(): Passing null to parameter #2 ($replace) of type array|string is deprecated in /home/mafwor5/public_html/test/wp-content/plugins/events-manager/classes/em-event.php on line 3340
[10-Nov-2025 14:20:13 UTC] PHP Deprecated:  date_create(): Passing null to parameter #1 ($datetime) of type string is deprecated in /home/mafwor5/public_html/test/wp-includes/formatting.php on line 3672
[10-Nov-2025 14:20:13 UTC] PHP Deprecated:  preg_match(): Passing null to parameter #2 ($subject) of type string is deprecated in /home/mafwor5/public_html/test/wp-content/plugins/events-manager/classes/em-object.php on line 1829
[10-Nov-2025 14:20:13 UTC] PHP Deprecated:  str_replace(): Passing null to parameter #2 ($replace) of type array|string is deprecated in /home/mafwor5/public_html/test/wp-content/plugins/events-manager/classes/em-event.php on line 3340
[10-Nov-2025 14:20:13 UTC] PHP Deprecated:  date_create(): Passing null to parameter #1 ($datetime) of type string is deprecated in /home/mafwor5/public_html/test/wp-includes/formatting.php on line 3672
[10-Nov-2025 14:20:13 UTC] PHP Deprecated:  preg_match(): Passing null to parameter #2 ($subject) of type string is deprecated in /home/mafwor5/public_html/test/wp-content/plugins/events-manager/classes/em-object.php on line 1829
[10-Nov-2025 14:20:13 UTC] PHP Deprecated:  str_replace(): Passing null to parameter #2 ($replace) of type array|string is deprecated in /home/mafwor5/public_html/test/wp-content/plugins/events-manager/classes/em-event.php on line 3340
[10-Nov-2025 14:20:13 UTC] PHP Deprecated:  date_create(): Passing null to parameter #1 ($datetime) of type string is deprecated in /home/mafwor5/public_html/test/wp-includes/formatting.php on line 3672
[10-Nov-2025 14:20:13 UTC] PHP Deprecated:  preg_match(): Passing null to parameter #2 ($subject) of type string is deprecated in /home/mafwor5/public_html/test/wp-content/plugins/events-manager/classes/em-object.php on line 1829
[10-Nov-2025 14:20:13 UTC] PHP Deprecated:  str_replace(): Passing null to parameter #2 ($replace) of type array|string is deprecated in /home/mafwor5/public_html/test/wp-content/plugins/events-manager/classes/em-event.php on line 3340
[10-Nov-2025 14:20:13 UTC] PHP Deprecated:  date_create(): Passing null to parameter #1 ($datetime) of type string is deprecated in /home/mafwor5/public_html/test/wp-includes/formatting.php on line 3672
[10-Nov-2025 14:20:13 UTC] PHP Deprecated:  preg_match(): Passing null to parameter #2 ($subject) of type string is deprecated in /home/mafwor5/public_html/test/wp-content/plugins/events-manager/classes/em-object.php on line 1829
[10-Nov-2025 14:20:13 UTC] PHP Deprecated:  str_replace(): Passing null to parameter #2 ($replace) of type array|string is deprecated in /home/mafwor5/public_html/test/wp-content/plugins/events-manager/classes/em-event.php on line 3340
[10-Nov-2025 14:20:13 UTC] PHP Deprecated:  date_create(): Passing null to parameter #1 ($datetime) of type string is deprecated in /home/mafwor5/public_html/test/wp-includes/formatting.php on line 3672
[10-Nov-2025 14:20:13 UTC] PHP Deprecated:  preg_match(): Passing null to parameter #2 ($subject) of type string is deprecated in /home/mafwor5/public_html/test/wp-content/plugins/events-manager/classes/em-object.php on line 1829
[10-Nov-2025 14:20:13 UTC] PHP Deprecated:  str_replace(): Passing null to parameter #2 ($replace) of type array|string is deprecated in /home/mafwor5/public_html/test/wp-content/plugins/events-manager/classes/em-event.php on line 3340
[10-Nov-2025 14:20:13 UTC] PHP Deprecated:  date_create(): Passing null to parameter #1 ($datetime) of type string is deprecated in /home/mafwor5/public_html/test/wp-includes/formatting.php on line 3672
[10-Nov-2025 14:20:13 UTC] PHP Deprecated:  preg_match(): Passing null to parameter #2 ($subject) of type string is deprecated in /home/mafwor5/public_html/test/wp-content/plugins/events-manager/classes/em-object.php on line 1829
[10-Nov-2025 14:20:13 UTC] PHP Deprecated:  str_replace(): Passing null to parameter #2 ($replace) of type array|string is deprecated in /home/mafwor5/public_html/test/wp-content/plugins/events-manager/classes/em-event.php on line 3340
[10-Nov-2025 22:32:49 UTC] Automatic updates starting...
[10-Nov-2025 22:32:49 UTC] Automatic updates complete.
[11-Nov-2025 10:44:38 UTC] Automatic updates starting...
[11-Nov-2025 10:44:38 UTC] Automatic updates complete.
[11-Nov-2025 12:25:52 UTC] PHP Deprecated:  preg_match(): Passing null to parameter #2 ($subject) of type string is deprecated in /home/mafwor5/public_html/test/wp-content/plugins/events-manager/classes/em-object.php on line 1829
[11-Nov-2025 12:25:52 UTC] PHP Deprecated:  str_contains(): Passing null to parameter #1 ($haystack) of type string is deprecated in /home/mafwor5/public_html/test/wp-includes/shortcodes.php on line 709
[11-Nov-2025 12:25:52 UTC] PHP Deprecated:  str_replace(): Passing null to parameter #3 ($subject) of type array|string is deprecated in /home/mafwor5/public_html/test/wp-content/plugins/events-manager/classes/em-object.php on line 1836
[11-Nov-2025 14:34:19 UTC] PHP Deprecated:  preg_match(): Passing null to parameter #2 ($subject) of type string is deprecated in /home/mafwor5/public_html/test/wp-content/plugins/events-manager/classes/em-object.php on line 1829
[11-Nov-2025 14:34:19 UTC] PHP Deprecated:  str_contains(): Passing null to parameter #1 ($haystack) of type string is deprecated in /home/mafwor5/public_html/test/wp-includes/shortcodes.php on line 709
[11-Nov-2025 14:34:19 UTC] PHP Deprecated:  str_replace(): Passing null to parameter #3 ($subject) of type array|string is deprecated in /home/mafwor5/public_html/test/wp-content/plugins/events-manager/classes/em-object.php on line 1836
[11-Nov-2025 14:34:19 UTC] PHP Deprecated:  preg_match(): Passing null to parameter #2 ($subject) of type string is deprecated in /home/mafwor5/public_html/test/wp-content/plugins/events-manager/classes/em-object.php on line 1829
[11-Nov-2025 14:34:19 UTC] PHP Deprecated:  str_contains(): Passing null to parameter #1 ($haystack) of type string is deprecated in /home/mafwor5/public_html/test/wp-includes/shortcodes.php on line 709
[11-Nov-2025 14:34:19 UTC] PHP Deprecated:  str_replace(): Passing null to parameter #3 ($subject) of type array|string is deprecated in /home/mafwor5/public_html/test/wp-content/plugins/events-manager/classes/em-object.php on line 1836
[11-Nov-2025 14:34:19 UTC] PHP Deprecated:  preg_match(): Passing null to parameter #2 ($subject) of type string is deprecated in /home/mafwor5/public_html/test/wp-content/plugins/events-manager/classes/em-object.php on line 1829
[11-Nov-2025 14:34:19 UTC] PHP Deprecated:  str_contains(): Passing null to parameter #1 ($haystack) of type string is deprecated in /home/mafwor5/public_html/test/wp-includes/shortcodes.php on line 709
[11-Nov-2025 14:34:19 UTC] PHP Deprecated:  str_replace(): Passing null to parameter #3 ($subject) of type array|string is deprecated in /home/mafwor5/public_html/test/wp-content/plugins/events-manager/classes/em-object.php on line 1836
[11-Nov-2025 14:34:20 UTC] PHP Deprecated:  preg_match(): Passing null to parameter #2 ($subject) of type string is deprecated in /home/mafwor5/public_html/test/wp-content/plugins/events-manager/classes/em-object.php on line 1829
[11-Nov-2025 14:34:20 UTC] PHP Deprecated:  str_contains(): Passing null to parameter #1 ($haystack) of type string is deprecated in /home/mafwor5/public_html/test/wp-includes/shortcodes.php on line 709
[11-Nov-2025 14:34:20 UTC] PHP Deprecated:  str_replace(): Passing null to parameter #3 ($subject) of type array|string is deprecated in /home/mafwor5/public_html/test/wp-content/plugins/events-manager/classes/em-object.php on line 1836
[11-Nov-2025 14:34:20 UTC] PHP Deprecated:  preg_match(): Passing null to parameter #2 ($subject) of type string is deprecated in /home/mafwor5/public_html/test/wp-content/plugins/events-manager/classes/em-object.php on line 1829
[11-Nov-2025 14:34:20 UTC] PHP Deprecated:  str_contains(): Passing null to parameter #1 ($haystack) of type string is deprecated in /home/mafwor5/public_html/test/wp-includes/shortcodes.php on line 709
[11-Nov-2025 14:34:20 UTC] PHP Deprecated:  str_replace(): Passing null to parameter #3 ($subject) of type array|string is deprecated in /home/mafwor5/public_html/test/wp-content/plugins/events-manager/classes/em-object.php on line 1836
[11-Nov-2025 14:34:20 UTC] PHP Deprecated:  preg_match(): Passing null to parameter #2 ($subject) of type string is deprecated in /home/mafwor5/public_html/test/wp-content/plugins/events-manager/classes/em-object.php on line 1829
[11-Nov-2025 14:34:20 UTC] PHP Deprecated:  str_contains(): Passing null to parameter #1 ($haystack) of type string is deprecated in /home/mafwor5/public_html/test/wp-includes/shortcodes.php on line 709
[11-Nov-2025 14:34:20 UTC] PHP Deprecated:  str_replace(): Passing null to parameter #3 ($subject) of type array|string is deprecated in /home/mafwor5/public_html/test/wp-content/plugins/events-manager/classes/em-object.php on line 1836
[11-Nov-2025 14:55:41 UTC] PHP Deprecated:  preg_match(): Passing null to parameter #2 ($subject) of type string is deprecated in /home/mafwor5/public_html/test/wp-content/plugins/events-manager/classes/em-object.php on line 1829
[11-Nov-2025 14:55:41 UTC] PHP Deprecated:  str_contains(): Passing null to parameter #1 ($haystack) of type string is deprecated in /home/mafwor5/public_html/test/wp-includes/shortcodes.php on line 709
[11-Nov-2025 14:55:41 UTC] PHP Deprecated:  str_replace(): Passing null to parameter #3 ($subject) of type array|string is deprecated in /home/mafwor5/public_html/test/wp-content/plugins/events-manager/classes/em-object.php on line 1836
[11-Nov-2025 14:55:41 UTC] PHP Deprecated:  preg_match(): Passing null to parameter #2 ($subject) of type string is deprecated in /home/mafwor5/public_html/test/wp-content/plugins/events-manager/classes/em-object.php on line 1829
[11-Nov-2025 14:55:41 UTC] PHP Deprecated:  str_contains(): Passing null to parameter #1 ($haystack) of type string is deprecated in /home/mafwor5/public_html/test/wp-includes/shortcodes.php on line 709
[11-Nov-2025 14:55:41 UTC] PHP Deprecated:  str_replace(): Passing null to parameter #3 ($subject) of type array|string is deprecated in /home/mafwor5/public_html/test/wp-content/plugins/events-manager/classes/em-object.php on line 1836
[11-Nov-2025 16:24:52 UTC] PHP Deprecated:  sprintf(): Passing null to parameter #1 ($format) of type string is deprecated in /home/mafwor5/public_html/test/wp-content/plugins/events-manager/admin/settings/tabs/formats.php on line 901
[11-Nov-2025 16:25:10 UTC] PHP Deprecated:  sprintf(): Passing null to parameter #1 ($format) of type string is deprecated in /home/mafwor5/public_html/test/wp-content/plugins/events-manager/admin/settings/tabs/formats.php on line 901
[11-Nov-2025 16:26:23 UTC] WordPress database error You have an error in your SQL syntax; check the manual that corresponds to your MariaDB server version for the right syntax to use near '' at line 1 for query SELECT location_status FROM wpjy_em_locations WHERE location_id= made by wp_trash_post, do_action('trashed_post'), WP_Hook->do_action, WP_Hook->apply_filters, EM_Location_Post_Admin::trashed_post, EM_Location->set_status
[11-Nov-2025 16:52:08 UTC] WordPress database error You have an error in your SQL syntax; check the manual that corresponds to your MariaDB server version for the right syntax to use near '' at line 1 for query SELECT location_status FROM wpjy_em_locations WHERE location_id= made by wp_trash_post, do_action('trashed_post'), WP_Hook->do_action, WP_Hook->apply_filters, EM_Location_Post_Admin::trashed_post, EM_Location->set_status
[11-Nov-2025 16:52:11 UTC] WordPress database error You have an error in your SQL syntax; check the manual that corresponds to your MariaDB server version for the right syntax to use near '' at line 1 for query SELECT location_status FROM wpjy_em_locations WHERE location_id= made by wp_trash_post, do_action('trashed_post'), WP_Hook->do_action, WP_Hook->apply_filters, EM_Location_Post_Admin::trashed_post, EM_Location->set_status
[11-Nov-2025 16:55:42 UTC] PHP Deprecated:  explode(): Passing null to parameter #2 ($string) of type string is deprecated in /home/mafwor5/public_html/test/wp-content/plugins/events-manager/classes/em-event.php on line 3425
[11-Nov-2025 16:55:42 UTC] PHP Deprecated:  explode(): Passing null to parameter #2 ($string) of type string is deprecated in /home/mafwor5/public_html/test/wp-content/plugins/events-manager/classes/em-event.php on line 3425
[11-Nov-2025 16:55:42 UTC] PHP Deprecated:  explode(): Passing null to parameter #2 ($string) of type string is deprecated in /home/mafwor5/public_html/test/wp-content/plugins/events-manager/classes/em-event.php on line 3425
[11-Nov-2025 16:55:42 UTC] PHP Deprecated:  str_contains(): Passing null to parameter #1 ($haystack) of type string is deprecated in /home/mafwor5/public_html/test/wp-includes/shortcodes.php on line 246
[11-Nov-2025 16:55:42 UTC] PHP Deprecated:  preg_split(): Passing null to parameter #2 ($subject) of type string is deprecated in /home/mafwor5/public_html/test/wp-includes/formatting.php on line 616
[11-Nov-2025 16:55:42 UTC] PHP Deprecated:  preg_match(): Passing null to parameter #2 ($subject) of type string is deprecated in /home/mafwor5/public_html/test/wp-includes/class-wp-embed.php on line 446
[11-Nov-2025 16:55:42 UTC] PHP Deprecated:  str_replace(): Passing null to parameter #3 ($subject) of type array|string is deprecated in /home/mafwor5/public_html/test/wp-includes/class-wp-embed.php on line 454
[11-Nov-2025 17:05:33 UTC] PHP Warning:  include(/home/mafwor5/public_html/test/wp-content/plugins/events-manager/classes/em-location.php): Failed to open stream: No such file or directory in /home/mafwor5/public_html/test/wp-content/plugins/events-manager/events-manager.php on line 154
[11-Nov-2025 17:05:33 UTC] PHP Warning:  include(): Failed opening '/home/mafwor5/public_html/test/wp-content/plugins/events-manager/classes/em-location.php' for inclusion (include_path='.:') in /home/mafwor5/public_html/test/wp-content/plugins/events-manager/events-manager.php on line 154
[11-Nov-2025 17:05:34 UTC] PHP Warning:  include(/home/mafwor5/public_html/test/wp-content/plugins/events-manager/classes/em-location.php): Failed to open stream: No such file or directory in /home/mafwor5/public_html/test/wp-content/plugins/events-manager/events-manager.php on line 154
[11-Nov-2025 17:05:34 UTC] PHP Warning:  include(): Failed opening '/home/mafwor5/public_html/test/wp-content/plugins/events-manager/classes/em-location.php' for inclusion (include_path='.:') in /home/mafwor5/public_html/test/wp-content/plugins/events-manager/events-manager.php on line 154
[11-Nov-2025 17:07:34 UTC] PHP Warning:  include(/home/mafwor5/public_html/test/wp-content/plugins/events-manager/classes/em-location.php): Failed to open stream: No such file or directory in /home/mafwor5/public_html/test/wp-content/plugins/events-manager/events-manager.php on line 154
[11-Nov-2025 17:07:34 UTC] PHP Warning:  include(): Failed opening '/home/mafwor5/public_html/test/wp-content/plugins/events-manager/classes/em-location.php' for inclusion (include_path='.:') in /home/mafwor5/public_html/test/wp-content/plugins/events-manager/events-manager.php on line 154
[11-Nov-2025 17:12:39 UTC] PHP Deprecated:  sprintf(): Passing null to parameter #1 ($format) of type string is deprecated in /home/mafwor5/public_html/test/wp-content/plugins/events-manager/admin/settings/tabs/formats.php on line 901
[11-Nov-2025 18:04:59 UTC] PHP Deprecated:  sprintf(): Passing null to parameter #1 ($format) of type string is deprecated in /home/mafwor5/public_html/test/wp-content/plugins/events-manager/admin/settings/tabs/formats.php on line 901
[11-Nov-2025 19:03:35 UTC] PHP Deprecated:  sprintf(): Passing null to parameter #1 ($format) of type string is deprecated in /home/mafwor5/public_html/test/wp-content/plugins/events-manager/admin/settings/tabs/formats.php on line 901
[11-Nov-2025 20:46:11 UTC] WordPress database error You have an error in your SQL syntax; check the manual that corresponds to your MariaDB server version for the right syntax to use near '' at line 1 for query SELECT location_status FROM wpjy_em_locations WHERE location_id= made by wp_trash_post, do_action('trashed_post'), WP_Hook->do_action, WP_Hook->apply_filters, EM_Location_Post_Admin::trashed_post, EM_Location->set_status
[11-Nov-2025 20:46:14 UTC] WordPress database error You have an error in your SQL syntax; check the manual that corresponds to your MariaDB server version for the right syntax to use near '' at line 1 for query SELECT location_status FROM wpjy_em_locations WHERE location_id= made by wp_trash_post, do_action('trashed_post'), WP_Hook->do_action, WP_Hook->apply_filters, EM_Location_Post_Admin::trashed_post, EM_Location->set_status
[11-Nov-2025 22:36:40 UTC] PHP Deprecated:  preg_match(): Passing null to parameter #2 ($subject) of type string is deprecated in /home/mafwor5/public_html/test/wp-content/plugins/events-manager/classes/em-object.php on line 1829
[11-Nov-2025 22:36:40 UTC] PHP Deprecated:  str_contains(): Passing null to parameter #1 ($haystack) of type string is deprecated in /home/mafwor5/public_html/test/wp-includes/shortcodes.php on line 709
[11-Nov-2025 22:36:40 UTC] PHP Deprecated:  str_replace(): Passing null to parameter #3 ($subject) of type array|string is deprecated in /home/mafwor5/public_html/test/wp-content/plugins/events-manager/classes/em-object.php on line 1836
[11-Nov-2025 22:36:40 UTC] PHP Deprecated:  preg_match(): Passing null to parameter #2 ($subject) of type string is deprecated in /home/mafwor5/public_html/test/wp-content/plugins/events-manager/classes/em-object.php on line 1829
[11-Nov-2025 22:36:40 UTC] PHP Deprecated:  str_contains(): Passing null to parameter #1 ($haystack) of type string is deprecated in /home/mafwor5/public_html/test/wp-includes/shortcodes.php on line 709
[11-Nov-2025 22:36:40 UTC] PHP Deprecated:  str_replace(): Passing null to parameter #3 ($subject) of type array|string is deprecated in /home/mafwor5/public_html/test/wp-content/plugins/events-manager/classes/em-object.php on line 1836
[11-Nov-2025 22:36:41 UTC] Automatic updates starting...
[11-Nov-2025 22:36:41 UTC] Automatic updates complete.
[11-Nov-2025 23:04:07 UTC] PHP Warning:  The URL https://s0.softaculous.com/a/loginizer//updates.php?version=2.0.3&checking_for_updates=1&installed_version=2.0.3&license=SOFTWP-41226-74802-29736-95673&url=https%3A%2F%2Fmafw.org%2Ftest does not point to a valid plugin metadata file. WP HTTP Error: cURL error 28: Operation timed out after 10000 milliseconds with 0 bytes received in /home/mafwor5/public_html/test/wp-content/plugins/loginizer-security/updater/plugin-update-checker.php on line 985
[11-Nov-2025 23:28:28 UTC] PHP Deprecated:  preg_match(): Passing null to parameter #2 ($subject) of type string is deprecated in /home/mafwor5/public_html/test/wp-content/plugins/events-manager/classes/em-bookings.php on line 305
[12-Nov-2025 02:24:16 UTC] PHP Deprecated:  preg_match(): Passing null to parameter #2 ($subject) of type string is deprecated in /home/mafwor5/public_html/test/wp-content/plugins/events-manager/classes/em-object.php on line 1829
[12-Nov-2025 02:24:16 UTC] PHP Deprecated:  str_contains(): Passing null to parameter #1 ($haystack) of type string is deprecated in /home/mafwor5/public_html/test/wp-includes/shortcodes.php on line 709
[12-Nov-2025 02:24:16 UTC] PHP Deprecated:  str_replace(): Passing null to parameter #3 ($subject) of type array|string is deprecated in /home/mafwor5/public_html/test/wp-content/plugins/events-manager/classes/em-object.php on line 1836
[12-Nov-2025 02:24:16 UTC] PHP Deprecated:  preg_match(): Passing null to parameter #2 ($subject) of type string is deprecated in /home/mafwor5/public_html/test/wp-content/plugins/events-manager/classes/em-object.php on line 1829
[12-Nov-2025 02:24:16 UTC] PHP Deprecated:  str_contains(): Passing null to parameter #1 ($haystack) of type string is deprecated in /home/mafwor5/public_html/test/wp-includes/shortcodes.php on line 709
[12-Nov-2025 02:24:16 UTC] PHP Deprecated:  str_replace(): Passing null to parameter #3 ($subject) of type array|string is deprecated in /home/mafwor5/public_html/test/wp-content/plugins/events-manager/classes/em-object.php on line 1836
[12-Nov-2025 02:24:16 UTC] PHP Deprecated:  preg_match(): Passing null to parameter #2 ($subject) of type string is deprecated in /home/mafwor5/public_html/test/wp-content/plugins/events-manager/classes/em-object.php on line 1829
[12-Nov-2025 02:24:16 UTC] PHP Deprecated:  str_contains(): Passing null to parameter #1 ($haystack) of type string is deprecated in /home/mafwor5/public_html/test/wp-includes/shortcodes.php on line 709
[12-Nov-2025 02:24:16 UTC] PHP Deprecated:  str_replace(): Passing null to parameter #3 ($subject) of type array|string is deprecated in /home/mafwor5/public_html/test/wp-content/plugins/events-manager/classes/em-object.php on line 1836
[12-Nov-2025 02:24:16 UTC] PHP Deprecated:  preg_match(): Passing null to parameter #2 ($subject) of type string is deprecated in /home/mafwor5/public_html/test/wp-content/plugins/events-manager/classes/em-object.php on line 1829
[12-Nov-2025 02:24:16 UTC] PHP Deprecated:  str_contains(): Passing null to parameter #1 ($haystack) of type string is deprecated in /home/mafwor5/public_html/test/wp-includes/shortcodes.php on line 709
[12-Nov-2025 02:24:16 UTC] PHP Deprecated:  str_replace(): Passing null to parameter #3 ($subject) of type array|string is deprecated in /home/mafwor5/public_html/test/wp-content/plugins/events-manager/classes/em-object.php on line 1836
[12-Nov-2025 02:24:16 UTC] PHP Deprecated:  preg_match(): Passing null to parameter #2 ($subject) of type string is deprecated in /home/mafwor5/public_html/test/wp-content/plugins/events-manager/classes/em-object.php on line 1829
[12-Nov-2025 02:24:16 UTC] PHP Deprecated:  str_contains(): Passing null to parameter #1 ($haystack) of type string is deprecated in /home/mafwor5/public_html/test/wp-includes/shortcodes.php on line 709
[12-Nov-2025 02:24:16 UTC] PHP Deprecated:  str_replace(): Passing null to parameter #3 ($subject) of type array|string is deprecated in /home/mafwor5/public_html/test/wp-content/plugins/events-manager/classes/em-object.php on line 1836
[12-Nov-2025 02:24:16 UTC] PHP Deprecated:  preg_match(): Passing null to parameter #2 ($subject) of type string is deprecated in /home/mafwor5/public_html/test/wp-content/plugins/events-manager/classes/em-object.php on line 1829
[12-Nov-2025 02:24:16 UTC] PHP Deprecated:  str_contains(): Passing null to parameter #1 ($haystack) of type string is deprecated in /home/mafwor5/public_html/test/wp-includes/shortcodes.php on line 709
[12-Nov-2025 02:24:16 UTC] PHP Deprecated:  str_replace(): Passing null to parameter #3 ($subject) of type array|string is deprecated in /home/mafwor5/public_html/test/wp-content/plugins/events-manager/classes/em-object.php on line 1836
[12-Nov-2025 03:49:34 UTC] PHP Deprecated:  date_create(): Passing null to parameter #1 ($datetime) of type string is deprecated in /home/mafwor5/public_html/test/wp-includes/formatting.php on line 3672
[12-Nov-2025 03:49:34 UTC] PHP Deprecated:  preg_match(): Passing null to parameter #2 ($subject) of type string is deprecated in /home/mafwor5/public_html/test/wp-content/plugins/events-manager/classes/em-object.php on line 1829
[12-Nov-2025 03:49:34 UTC] PHP Deprecated:  str_replace(): Passing null to parameter #2 ($replace) of type array|string is deprecated in /home/mafwor5/public_html/test/wp-content/plugins/events-manager/classes/em-event.php on line 3340
[12-Nov-2025 03:49:34 UTC] PHP Deprecated:  date_create(): Passing null to parameter #1 ($datetime) of type string is deprecated in /home/mafwor5/public_html/test/wp-includes/formatting.php on line 3672
[12-Nov-2025 03:49:34 UTC] PHP Deprecated:  preg_match(): Passing null to parameter #2 ($subject) of type string is deprecated in /home/mafwor5/public_html/test/wp-content/plugins/events-manager/classes/em-object.php on line 1829
[12-Nov-2025 03:49:34 UTC] PHP Deprecated:  str_replace(): Passing null to parameter #2 ($replace) of type array|string is deprecated in /home/mafwor5/public_html/test/wp-content/plugins/events-manager/classes/em-event.php on line 3340
[12-Nov-2025 03:49:34 UTC] PHP Deprecated:  date_create(): Passing null to parameter #1 ($datetime) of type string is deprecated in /home/mafwor5/public_html/test/wp-includes/formatting.php on line 3672
[12-Nov-2025 03:49:34 UTC] PHP Deprecated:  preg_match(): Passing null to parameter #2 ($subject) of type string is deprecated in /home/mafwor5/public_html/test/wp-content/plugins/events-manager/classes/em-object.php on line 1829
[12-Nov-2025 03:49:34 UTC] PHP Deprecated:  str_replace(): Passing null to parameter #2 ($replace) of type array|string is deprecated in /home/mafwor5/public_html/test/wp-content/plugins/events-manager/classes/em-event.php on line 3340
[12-Nov-2025 03:49:34 UTC] PHP Deprecated:  date_create(): Passing null to parameter #1 ($datetime) of type string is deprecated in /home/mafwor5/public_html/test/wp-includes/formatting.php on line 3672
[12-Nov-2025 03:49:34 UTC] PHP Deprecated:  preg_match(): Passing null to parameter #2 ($subject) of type string is deprecated in /home/mafwor5/public_html/test/wp-content/plugins/events-manager/classes/em-object.php on line 1829
[12-Nov-2025 03:49:34 UTC] PHP Deprecated:  str_replace(): Passing null to parameter #2 ($replace) of type array|string is deprecated in /home/mafwor5/public_html/test/wp-content/plugins/events-manager/classes/em-event.php on line 3340
[12-Nov-2025 03:49:34 UTC] PHP Deprecated:  date_create(): Passing null to parameter #1 ($datetime) of type string is deprecated in /home/mafwor5/public_html/test/wp-includes/formatting.php on line 3672
[12-Nov-2025 03:49:34 UTC] PHP Deprecated:  preg_match(): Passing null to parameter #2 ($subject) of type string is deprecated in /home/mafwor5/public_html/test/wp-content/plugins/events-manager/classes/em-object.php on line 1829
[12-Nov-2025 03:49:34 UTC] PHP Deprecated:  str_replace(): Passing null to parameter #2 ($replace) of type array|string is deprecated in /home/mafwor5/public_html/test/wp-content/plugins/events-manager/classes/em-event.php on line 3340
[12-Nov-2025 03:49:34 UTC] PHP Deprecated:  date_create(): Passing null to parameter #1 ($datetime) of type string is deprecated in /home/mafwor5/public_html/test/wp-includes/formatting.php on line 3672
[12-Nov-2025 03:49:34 UTC] PHP Deprecated:  preg_match(): Passing null to parameter #2 ($subject) of type string is deprecated in /home/mafwor5/public_html/test/wp-content/plugins/events-manager/classes/em-object.php on line 1829
[12-Nov-2025 03:49:34 UTC] PHP Deprecated:  str_replace(): Passing null to parameter #2 ($replace) of type array|string is deprecated in /home/mafwor5/public_html/test/wp-content/plugins/events-manager/classes/em-event.php on line 3340
[12-Nov-2025 03:49:34 UTC] PHP Deprecated:  date_create(): Passing null to parameter #1 ($datetime) of type string is deprecated in /home/mafwor5/public_html/test/wp-includes/formatting.php on line 3672
[12-Nov-2025 03:49:34 UTC] PHP Deprecated:  preg_match(): Passing null to parameter #2 ($subject) of type string is deprecated in /home/mafwor5/public_html/test/wp-content/plugins/events-manager/classes/em-object.php on line 1829
[12-Nov-2025 03:49:34 UTC] PHP Deprecated:  str_replace(): Passing null to parameter #2 ($replace) of type array|string is deprecated in /home/mafwor5/public_html/test/wp-content/plugins/events-manager/classes/em-event.php on line 3340
[12-Nov-2025 03:58:33 UTC] PHP Deprecated:  preg_match(): Passing null to parameter #2 ($subject) of type string is deprecated in /home/mafwor5/public_html/test/wp-content/plugins/events-manager/classes/em-object.php on line 1829
[12-Nov-2025 03:58:33 UTC] PHP Deprecated:  str_contains(): Passing null to parameter #1 ($haystack) of type string is deprecated in /home/mafwor5/public_html/test/wp-includes/shortcodes.php on line 709
[12-Nov-2025 03:58:33 UTC] PHP Deprecated:  str_replace(): Passing null to parameter #3 ($subject) of type array|string is deprecated in /home/mafwor5/public_html/test/wp-content/plugins/events-manager/classes/em-object.php on line 1836
[12-Nov-2025 03:58:33 UTC] PHP Deprecated:  preg_match(): Passing null to parameter #2 ($subject) of type string is deprecated in /home/mafwor5/public_html/test/wp-content/plugins/events-manager/classes/em-object.php on line 1829
[12-Nov-2025 03:58:33 UTC] PHP Deprecated:  str_contains(): Passing null to parameter #1 ($haystack) of type string is deprecated in /home/mafwor5/public_html/test/wp-includes/shortcodes.php on line 709
[12-Nov-2025 03:58:33 UTC] PHP Deprecated:  str_replace(): Passing null to parameter #3 ($subject) of type array|string is deprecated in /home/mafwor5/public_html/test/wp-content/plugins/events-manager/classes/em-object.php on line 1836
[12-Nov-2025 03:58:33 UTC] PHP Deprecated:  preg_match(): Passing null to parameter #2 ($subject) of type string is deprecated in /home/mafwor5/public_html/test/wp-content/plugins/events-manager/classes/em-object.php on line 1829
[12-Nov-2025 03:58:33 UTC] PHP Deprecated:  str_contains(): Passing null to parameter #1 ($haystack) of type string is deprecated in /home/mafwor5/public_html/test/wp-includes/shortcodes.php on line 709
[12-Nov-2025 03:58:33 UTC] PHP Deprecated:  str_replace(): Passing null to parameter #3 ($subject) of type array|string is deprecated in /home/mafwor5/public_html/test/wp-content/plugins/events-manager/classes/em-object.php on line 1836
[12-Nov-2025 03:58:33 UTC] PHP Deprecated:  preg_match(): Passing null to parameter #2 ($subject) of type string is deprecated in /home/mafwor5/public_html/test/wp-content/plugins/events-manager/classes/em-object.php on line 1829
[12-Nov-2025 03:58:33 UTC] PHP Deprecated:  str_contains(): Passing null to parameter #1 ($haystack) of type string is deprecated in /home/mafwor5/public_html/test/wp-includes/shortcodes.php on line 709
[12-Nov-2025 03:58:33 UTC] PHP Deprecated:  str_replace(): Passing null to parameter #3 ($subject) of type array|string is deprecated in /home/mafwor5/public_html/test/wp-content/plugins/events-manager/classes/em-object.php on line 1836
[12-Nov-2025 03:58:33 UTC] PHP Deprecated:  preg_match(): Passing null to parameter #2 ($subject) of type string is deprecated in /home/mafwor5/public_html/test/wp-content/plugins/events-manager/classes/em-object.php on line 1829
[12-Nov-2025 03:58:33 UTC] PHP Deprecated:  str_contains(): Passing null to parameter #1 ($haystack) of type string is deprecated in /home/mafwor5/public_html/test/wp-includes/shortcodes.php on line 709
[12-Nov-2025 03:58:33 UTC] PHP Deprecated:  str_replace(): Passing null to parameter #3 ($subject) of type array|string is deprecated in /home/mafwor5/public_html/test/wp-content/plugins/events-manager/classes/em-object.php on line 1836
[12-Nov-2025 03:58:33 UTC] PHP Deprecated:  preg_match(): Passing null to parameter #2 ($subject) of type string is deprecated in /home/mafwor5/public_html/test/wp-content/plugins/events-manager/classes/em-object.php on line 1829
[12-Nov-2025 03:58:33 UTC] PHP Deprecated:  str_contains(): Passing null to parameter #1 ($haystack) of type string is deprecated in /home/mafwor5/public_html/test/wp-includes/shortcodes.php on line 709
[12-Nov-2025 03:58:33 UTC] PHP Deprecated:  str_replace(): Passing null to parameter #3 ($subject) of type array|string is deprecated in /home/mafwor5/public_html/test/wp-content/plugins/events-manager/classes/em-object.php on line 1836
[12-Nov-2025 08:05:22 UTC] PHP Deprecated:  date_create(): Passing null to parameter #1 ($datetime) of type string is deprecated in /home/mafwor5/public_html/test/wp-includes/formatting.php on line 3672
[12-Nov-2025 08:05:22 UTC] PHP Deprecated:  preg_match(): Passing null to parameter #2 ($subject) of type string is deprecated in /home/mafwor5/public_html/test/wp-content/plugins/events-manager/classes/em-object.php on line 1829
[12-Nov-2025 08:05:22 UTC] PHP Deprecated:  str_replace(): Passing null to parameter #2 ($replace) of type array|string is deprecated in /home/mafwor5/public_html/test/wp-content/plugins/events-manager/classes/em-event.php on line 3340
[12-Nov-2025 08:05:22 UTC] PHP Deprecated:  date_create(): Passing null to parameter #1 ($datetime) of type string is deprecated in /home/mafwor5/public_html/test/wp-includes/formatting.php on line 3672
[12-Nov-2025 08:05:22 UTC] PHP Deprecated:  preg_match(): Passing null to parameter #2 ($subject) of type string is deprecated in /home/mafwor5/public_html/test/wp-content/plugins/events-manager/classes/em-object.php on line 1829
[12-Nov-2025 08:05:22 UTC] PHP Deprecated:  str_replace(): Passing null to parameter #2 ($replace) of type array|string is deprecated in /home/mafwor5/public_html/test/wp-content/plugins/events-manager/classes/em-event.php on line 3340
[12-Nov-2025 08:05:22 UTC] PHP Deprecated:  date_create(): Passing null to parameter #1 ($datetime) of type string is deprecated in /home/mafwor5/public_html/test/wp-includes/formatting.php on line 3672
[12-Nov-2025 08:05:22 UTC] PHP Deprecated:  preg_match(): Passing null to parameter #2 ($subject) of type string is deprecated in /home/mafwor5/public_html/test/wp-content/plugins/events-manager/classes/em-object.php on line 1829
[12-Nov-2025 08:05:22 UTC] PHP Deprecated:  str_replace(): Passing null to parameter #2 ($replace) of type array|string is deprecated in /home/mafwor5/public_html/test/wp-content/plugins/events-manager/classes/em-event.php on line 3340
[12-Nov-2025 08:05:22 UTC] PHP Deprecated:  date_create(): Passing null to parameter #1 ($datetime) of type string is deprecated in /home/mafwor5/public_html/test/wp-includes/formatting.php on line 3672
[12-Nov-2025 08:05:22 UTC] PHP Deprecated:  preg_match(): Passing null to parameter #2 ($subject) of type string is deprecated in /home/mafwor5/public_html/test/wp-content/plugins/events-manager/classes/em-object.php on line 1829
[12-Nov-2025 08:05:22 UTC] PHP Deprecated:  str_replace(): Passing null to parameter #2 ($replace) of type array|string is deprecated in /home/mafwor5/public_html/test/wp-content/plugins/events-manager/classes/em-event.php on line 3340
[12-Nov-2025 08:05:22 UTC] PHP Deprecated:  date_create(): Passing null to parameter #1 ($datetime) of type string is deprecated in /home/mafwor5/public_html/test/wp-includes/formatting.php on line 3672
[12-Nov-2025 08:05:22 UTC] PHP Deprecated:  preg_match(): Passing null to parameter #2 ($subject) of type string is deprecated in /home/mafwor5/public_html/test/wp-content/plugins/events-manager/classes/em-object.php on line 1829
[12-Nov-2025 08:05:22 UTC] PHP Deprecated:  str_replace(): Passing null to parameter #2 ($replace) of type array|string is deprecated in /home/mafwor5/public_html/test/wp-content/plugins/events-manager/classes/em-event.php on line 3340
[12-Nov-2025 08:05:22 UTC] PHP Deprecated:  date_create(): Passing null to parameter #1 ($datetime) of type string is deprecated in /home/mafwor5/public_html/test/wp-includes/formatting.php on line 3672
[12-Nov-2025 08:05:22 UTC] PHP Deprecated:  preg_match(): Passing null to parameter #2 ($subject) of type string is deprecated in /home/mafwor5/public_html/test/wp-content/plugins/events-manager/classes/em-object.php on line 1829
[12-Nov-2025 08:05:22 UTC] PHP Deprecated:  str_replace(): Passing null to parameter #2 ($replace) of type array|string is deprecated in /home/mafwor5/public_html/test/wp-content/plugins/events-manager/classes/em-event.php on line 3340
[12-Nov-2025 08:05:22 UTC] PHP Deprecated:  date_create(): Passing null to parameter #1 ($datetime) of type string is deprecated in /home/mafwor5/public_html/test/wp-includes/formatting.php on line 3672
[12-Nov-2025 08:05:22 UTC] PHP Deprecated:  preg_match(): Passing null to parameter #2 ($subject) of type string is deprecated in /home/mafwor5/public_html/test/wp-content/plugins/events-manager/classes/em-object.php on line 1829
[12-Nov-2025 08:05:22 UTC] PHP Deprecated:  str_replace(): Passing null to parameter #2 ($replace) of type array|string is deprecated in /home/mafwor5/public_html/test/wp-content/plugins/events-manager/classes/em-event.php on line 3340
[12-Nov-2025 08:15:30 UTC] PHP Deprecated:  preg_match(): Passing null to parameter #2 ($subject) of type string is deprecated in /home/mafwor5/public_html/test/wp-content/plugins/events-manager/classes/em-object.php on line 1829
[12-Nov-2025 08:15:30 UTC] PHP Deprecated:  str_contains(): Passing null to parameter #1 ($haystack) of type string is deprecated in /home/mafwor5/public_html/test/wp-includes/shortcodes.php on line 709
[12-Nov-2025 08:15:30 UTC] PHP Deprecated:  str_replace(): Passing null to parameter #3 ($subject) of type array|string is deprecated in /home/mafwor5/public_html/test/wp-content/plugins/events-manager/classes/em-object.php on line 1836
[12-Nov-2025 08:15:30 UTC] PHP Deprecated:  preg_match(): Passing null to parameter #2 ($subject) of type string is deprecated in /home/mafwor5/public_html/test/wp-content/plugins/events-manager/classes/em-object.php on line 1829
[12-Nov-2025 08:15:30 UTC] PHP Deprecated:  str_contains(): Passing null to parameter #1 ($haystack) of type string is deprecated in /home/mafwor5/public_html/test/wp-includes/shortcodes.php on line 709
[12-Nov-2025 08:15:30 UTC] PHP Deprecated:  str_replace(): Passing null to parameter #3 ($subject) of type array|string is deprecated in /home/mafwor5/public_html/test/wp-content/plugins/events-manager/classes/em-object.php on line 1836
[12-Nov-2025 08:15:31 UTC] PHP Deprecated:  preg_match(): Passing null to parameter #2 ($subject) of type string is deprecated in /home/mafwor5/public_html/test/wp-content/plugins/events-manager/classes/em-object.php on line 1829
[12-Nov-2025 08:15:31 UTC] PHP Deprecated:  str_contains(): Passing null to parameter #1 ($haystack) of type string is deprecated in /home/mafwor5/public_html/test/wp-includes/shortcodes.php on line 709
[12-Nov-2025 08:15:31 UTC] PHP Deprecated:  str_replace(): Passing null to parameter #3 ($subject) of type array|string is deprecated in /home/mafwor5/public_html/test/wp-content/plugins/events-manager/classes/em-object.php on line 1836
[12-Nov-2025 08:15:31 UTC] PHP Deprecated:  preg_match(): Passing null to parameter #2 ($subject) of type string is deprecated in /home/mafwor5/public_html/test/wp-content/plugins/events-manager/classes/em-object.php on line 1829
[12-Nov-2025 08:15:31 UTC] PHP Deprecated:  str_contains(): Passing null to parameter #1 ($haystack) of type string is deprecated in /home/mafwor5/public_html/test/wp-includes/shortcodes.php on line 709
[12-Nov-2025 08:15:31 UTC] PHP Deprecated:  str_replace(): Passing null to parameter #3 ($subject) of type array|string is deprecated in /home/mafwor5/public_html/test/wp-content/plugins/events-manager/classes/em-object.php on line 1836
[12-Nov-2025 08:15:31 UTC] PHP Deprecated:  preg_match(): Passing null to parameter #2 ($subject) of type string is deprecated in /home/mafwor5/public_html/test/wp-content/plugins/events-manager/classes/em-object.php on line 1829
[12-Nov-2025 08:15:31 UTC] PHP Deprecated:  str_contains(): Passing null to parameter #1 ($haystack) of type string is deprecated in /home/mafwor5/public_html/test/wp-includes/shortcodes.php on line 709
[12-Nov-2025 08:15:31 UTC] PHP Deprecated:  str_replace(): Passing null to parameter #3 ($subject) of type array|string is deprecated in /home/mafwor5/public_html/test/wp-content/plugins/events-manager/classes/em-object.php on line 1836
[12-Nov-2025 08:15:31 UTC] PHP Deprecated:  preg_match(): Passing null to parameter #2 ($subject) of type string is deprecated in /home/mafwor5/public_html/test/wp-content/plugins/events-manager/classes/em-object.php on line 1829
[12-Nov-2025 08:15:31 UTC] PHP Deprecated:  str_contains(): Passing null to parameter #1 ($haystack) of type string is deprecated in /home/mafwor5/public_html/test/wp-includes/shortcodes.php on line 709
[12-Nov-2025 08:15:31 UTC] PHP Deprecated:  str_replace(): Passing null to parameter #3 ($subject) of type array|string is deprecated in /home/mafwor5/public_html/test/wp-content/plugins/events-manager/classes/em-object.php on line 1836
[12-Nov-2025 10:29:30 UTC] Automatic updates starting...
[12-Nov-2025 10:29:30 UTC] Automatic updates complete.
[12-Nov-2025 11:02:31 UTC] PHP Deprecated:  preg_match(): Passing null to parameter #2 ($subject) of type string is deprecated in /home/mafwor5/public_html/test/wp-content/plugins/events-manager/classes/em-object.php on line 1829
[12-Nov-2025 11:02:31 UTC] PHP Deprecated:  str_contains(): Passing null to parameter #1 ($haystack) of type string is deprecated in /home/mafwor5/public_html/test/wp-includes/shortcodes.php on line 709
[12-Nov-2025 11:02:31 UTC] PHP Deprecated:  str_replace(): Passing null to parameter #3 ($subject) of type array|string is deprecated in /home/mafwor5/public_html/test/wp-content/plugins/events-manager/classes/em-object.php on line 1836
[12-Nov-2025 11:02:31 UTC] PHP Deprecated:  preg_match(): Passing null to parameter #2 ($subject) of type string is deprecated in /home/mafwor5/public_html/test/wp-content/plugins/events-manager/classes/em-object.php on line 1829
[12-Nov-2025 11:02:31 UTC] PHP Deprecated:  str_contains(): Passing null to parameter #1 ($haystack) of type string is deprecated in /home/mafwor5/public_html/test/wp-includes/shortcodes.php on line 709
[12-Nov-2025 11:02:31 UTC] PHP Deprecated:  str_replace(): Passing null to parameter #3 ($subject) of type array|string is deprecated in /home/mafwor5/public_html/test/wp-content/plugins/events-manager/classes/em-object.php on line 1836
[12-Nov-2025 11:02:31 UTC] PHP Deprecated:  preg_match(): Passing null to parameter #2 ($subject) of type string is deprecated in /home/mafwor5/public_html/test/wp-content/plugins/events-manager/classes/em-object.php on line 1829
[12-Nov-2025 11:02:31 UTC] PHP Deprecated:  str_contains(): Passing null to parameter #1 ($haystack) of type string is deprecated in /home/mafwor5/public_html/test/wp-includes/shortcodes.php on line 709
[12-Nov-2025 11:02:31 UTC] PHP Deprecated:  str_replace(): Passing null to parameter #3 ($subject) of type array|string is deprecated in /home/mafwor5/public_html/test/wp-content/plugins/events-manager/classes/em-object.php on line 1836
[12-Nov-2025 11:02:31 UTC] PHP Deprecated:  preg_match(): Passing null to parameter #2 ($subject) of type string is deprecated in /home/mafwor5/public_html/test/wp-content/plugins/events-manager/classes/em-object.php on line 1829
[12-Nov-2025 11:02:31 UTC] PHP Deprecated:  str_contains(): Passing null to parameter #1 ($haystack) of type string is deprecated in /home/mafwor5/public_html/test/wp-includes/shortcodes.php on line 709
[12-Nov-2025 11:02:31 UTC] PHP Deprecated:  str_replace(): Passing null to parameter #3 ($subject) of type array|string is deprecated in /home/mafwor5/public_html/test/wp-content/plugins/events-manager/classes/em-object.php on line 1836
[12-Nov-2025 11:02:31 UTC] PHP Deprecated:  preg_match(): Passing null to parameter #2 ($subject) of type string is deprecated in /home/mafwor5/public_html/test/wp-content/plugins/events-manager/classes/em-object.php on line 1829
[12-Nov-2025 11:02:31 UTC] PHP Deprecated:  str_contains(): Passing null to parameter #1 ($haystack) of type string is deprecated in /home/mafwor5/public_html/test/wp-includes/shortcodes.php on line 709
[12-Nov-2025 11:02:31 UTC] PHP Deprecated:  str_replace(): Passing null to parameter #3 ($subject) of type array|string is deprecated in /home/mafwor5/public_html/test/wp-content/plugins/events-manager/classes/em-object.php on line 1836
[12-Nov-2025 11:02:31 UTC] PHP Deprecated:  preg_match(): Passing null to parameter #2 ($subject) of type string is deprecated in /home/mafwor5/public_html/test/wp-content/plugins/events-manager/classes/em-object.php on line 1829
[12-Nov-2025 11:02:31 UTC] PHP Deprecated:  str_contains(): Passing null to parameter #1 ($haystack) of type string is deprecated in /home/mafwor5/public_html/test/wp-includes/shortcodes.php on line 709
[12-Nov-2025 11:02:31 UTC] PHP Deprecated:  str_replace(): Passing null to parameter #3 ($subject) of type array|string is deprecated in /home/mafwor5/public_html/test/wp-content/plugins/events-manager/classes/em-object.php on line 1836
[12-Nov-2025 11:32:38 UTC] PHP Deprecated:  preg_match(): Passing null to parameter #2 ($subject) of type string is deprecated in /home/mafwor5/public_html/test/wp-content/plugins/events-manager/classes/em-bookings.php on line 305
[12-Nov-2025 11:40:49 UTC] PHP Deprecated:  sprintf(): Passing null to parameter #1 ($format) of type string is deprecated in /home/mafwor5/public_html/test/wp-content/plugins/events-manager/admin/settings/tabs/formats.php on line 901
[12-Nov-2025 11:43:42 UTC] PHP Deprecated:  sprintf(): Passing null to parameter #1 ($format) of type string is deprecated in /home/mafwor5/public_html/test/wp-content/plugins/events-manager/admin/settings/tabs/formats.php on line 901
[12-Nov-2025 11:46:32 UTC] PHP Deprecated:  sprintf(): Passing null to parameter #1 ($format) of type string is deprecated in /home/mafwor5/public_html/test/wp-content/plugins/events-manager/admin/settings/tabs/formats.php on line 901
[12-Nov-2025 11:46:34 UTC] PHP Deprecated:  sprintf(): Passing null to parameter #1 ($format) of type string is deprecated in /home/mafwor5/public_html/test/wp-content/plugins/events-manager/admin/settings/tabs/formats.php on line 901
[12-Nov-2025 11:49:48 UTC] PHP Deprecated:  sprintf(): Passing null to parameter #1 ($format) of type string is deprecated in /home/mafwor5/public_html/test/wp-content/plugins/events-manager/admin/settings/tabs/formats.php on line 901
[12-Nov-2025 11:52:53 UTC] PHP Deprecated:  sprintf(): Passing null to parameter #1 ($format) of type string is deprecated in /home/mafwor5/public_html/test/wp-content/plugins/events-manager/admin/settings/tabs/formats.php on line 901
[12-Nov-2025 14:33:51 UTC] PHP Warning:  The URL https://s0.softaculous.com/a/loginizer//updates.php?version=2.0.3&checking_for_updates=1&installed_version=2.0.3&license=SOFTWP-41226-74802-29736-95673&url=https%3A%2F%2Fmafw.org%2Ftest does not point to a valid plugin metadata file. WP HTTP Error: cURL error 28: Operation timed out after 10001 milliseconds with 0 bytes received in /home/mafwor5/public_html/test/wp-content/plugins/loginizer-security/updater/plugin-update-checker.php on line 985
[12-Nov-2025 14:34:08 UTC] PHP Deprecated:  sprintf(): Passing null to parameter #1 ($format) of type string is deprecated in /home/mafwor5/public_html/test/wp-content/plugins/events-manager/admin/settings/tabs/formats.php on line 901
[12-Nov-2025 14:35:04 UTC] PHP Deprecated:  sprintf(): Passing null to parameter #1 ($format) of type string is deprecated in /home/mafwor5/public_html/test/wp-content/plugins/events-manager/admin/settings/tabs/formats.php on line 901
[12-Nov-2025 14:38:42 UTC] PHP Deprecated:  sprintf(): Passing null to parameter #1 ($format) of type string is deprecated in /home/mafwor5/public_html/test/wp-content/plugins/events-manager/admin/settings/tabs/formats.php on line 901
[12-Nov-2025 15:13:54 UTC] PHP Deprecated:  preg_match(): Passing null to parameter #2 ($subject) of type string is deprecated in /home/mafwor5/public_html/test/wp-includes/post.php on line 1052
[12-Nov-2025 15:13:54 UTC] PHP Deprecated:  preg_replace(): Passing null to parameter #3 ($subject) of type array|string is deprecated in /home/mafwor5/public_html/test/wp-includes/post.php on line 1062
[12-Nov-2025 15:13:54 UTC] PHP Deprecated:  preg_match(): Passing null to parameter #2 ($subject) of type string is deprecated in /home/mafwor5/public_html/test/wp-includes/post.php on line 1052
[12-Nov-2025 15:13:54 UTC] PHP Deprecated:  preg_replace(): Passing null to parameter #3 ($subject) of type array|string is deprecated in /home/mafwor5/public_html/test/wp-includes/post.php on line 1062
[12-Nov-2025 15:13:54 UTC] PHP Deprecated:  preg_match(): Passing null to parameter #2 ($subject) of type string is deprecated in /home/mafwor5/public_html/test/wp-includes/post.php on line 1052
[12-Nov-2025 15:13:54 UTC] PHP Deprecated:  preg_replace(): Passing null to parameter #3 ($subject) of type array|string is deprecated in /home/mafwor5/public_html/test/wp-includes/post.php on line 1062
[12-Nov-2025 15:14:11 UTC] PHP Deprecated:  preg_match(): Passing null to parameter #2 ($subject) of type string is deprecated in /home/mafwor5/public_html/test/wp-content/plugins/events-manager/classes/em-object.php on line 1829
[12-Nov-2025 15:14:11 UTC] PHP Deprecated:  str_contains(): Passing null to parameter #1 ($haystack) of type string is deprecated in /home/mafwor5/public_html/test/wp-includes/shortcodes.php on line 709
[12-Nov-2025 15:14:11 UTC] PHP Deprecated:  str_replace(): Passing null to parameter #3 ($subject) of type array|string is deprecated in /home/mafwor5/public_html/test/wp-content/plugins/events-manager/classes/em-object.php on line 1836
[12-Nov-2025 15:14:11 UTC] PHP Deprecated:  preg_match(): Passing null to parameter #2 ($subject) of type string is deprecated in /home/mafwor5/public_html/test/wp-content/plugins/events-manager/classes/em-object.php on line 1829
[12-Nov-2025 15:14:11 UTC] PHP Deprecated:  str_contains(): Passing null to parameter #1 ($haystack) of type string is deprecated in /home/mafwor5/public_html/test/wp-includes/shortcodes.php on line 709
[12-Nov-2025 15:14:11 UTC] PHP Deprecated:  str_replace(): Passing null to parameter #3 ($subject) of type array|string is deprecated in /home/mafwor5/public_html/test/wp-content/plugins/events-manager/classes/em-object.php on line 1836
[12-Nov-2025 15:14:11 UTC] PHP Deprecated:  preg_match(): Passing null to parameter #2 ($subject) of type string is deprecated in /home/mafwor5/public_html/test/wp-content/plugins/events-manager/classes/em-object.php on line 1829
[12-Nov-2025 15:14:11 UTC] PHP Deprecated:  str_contains(): Passing null to parameter #1 ($haystack) of type string is deprecated in /home/mafwor5/public_html/test/wp-includes/shortcodes.php on line 709
[12-Nov-2025 15:14:11 UTC] PHP Deprecated:  str_replace(): Passing null to parameter #3 ($subject) of type array|string is deprecated in /home/mafwor5/public_html/test/wp-content/plugins/events-manager/classes/em-object.php on line 1836
[12-Nov-2025 15:14:11 UTC] PHP Deprecated:  preg_match(): Passing null to parameter #2 ($subject) of type string is deprecated in /home/mafwor5/public_html/test/wp-content/plugins/events-manager/classes/em-object.php on line 1829
[12-Nov-2025 15:14:11 UTC] PHP Deprecated:  str_contains(): Passing null to parameter #1 ($haystack) of type string is deprecated in /home/mafwor5/public_html/test/wp-includes/shortcodes.php on line 709
[12-Nov-2025 15:14:11 UTC] PHP Deprecated:  str_replace(): Passing null to parameter #3 ($subject) of type array|string is deprecated in /home/mafwor5/public_html/test/wp-content/plugins/events-manager/classes/em-object.php on line 1836
[12-Nov-2025 15:14:11 UTC] PHP Deprecated:  preg_match(): Passing null to parameter #2 ($subject) of type string is deprecated in /home/mafwor5/public_html/test/wp-content/plugins/events-manager/classes/em-object.php on line 1829
[12-Nov-2025 15:14:11 UTC] PHP Deprecated:  str_contains(): Passing null to parameter #1 ($haystack) of type string is deprecated in /home/mafwor5/public_html/test/wp-includes/shortcodes.php on line 709
[12-Nov-2025 15:14:11 UTC] PHP Deprecated:  str_replace(): Passing null to parameter #3 ($subject) of type array|string is deprecated in /home/mafwor5/public_html/test/wp-content/plugins/events-manager/classes/em-object.php on line 1836
[12-Nov-2025 15:14:11 UTC] PHP Deprecated:  preg_match(): Passing null to parameter #2 ($subject) of type string is deprecated in /home/mafwor5/public_html/test/wp-content/plugins/events-manager/classes/em-object.php on line 1829
[12-Nov-2025 15:14:11 UTC] PHP Deprecated:  str_contains(): Passing null to parameter #1 ($haystack) of type string is deprecated in /home/mafwor5/public_html/test/wp-includes/shortcodes.php on line 709
[12-Nov-2025 15:14:11 UTC] PHP Deprecated:  str_replace(): Passing null to parameter #3 ($subject) of type array|string is deprecated in /home/mafwor5/public_html/test/wp-content/plugins/events-manager/classes/em-object.php on line 1836
